ts,seq,i_ph_max,i_n,thd_i_mean,t_low_c,td_margin_k,worst_point,worst_dt_c,max_k_ratio,min_ttl_h,target_dt_c,target_k_ratio,q_any,dq_codes,pd_pps,risk_score,risk_mode,alarms
2026-07-06T00:15:00+00:00,1,637.6,108,7.17,36.75,8.06,DSYA6_L1,1.86,1,,1.51,,0,,0,0,HYP-NORMAL,
2026-07-06T00:30:00+00:00,2,623.5,106,7.19,36.6,7.97,DSYA4_L1,2.43,1,,1.79,,0,,0,0,HYP-NORMAL,
2026-07-06T00:45:00+00:00,3,612.1,104.4,7.21,36.47,7.88,DSYA4_L1,2.1,1,,1.75,,0,,0,0,HYP-NORMAL,
2026-07-06T01:00:00+00:00,4,593.4,101.4,7.24,36.35,7.79,DSYA3_L1,2.17,1,,1.57,1,0,,0,0,HYP-NORMAL,
2026-07-06T01:15:00+00:00,5,580.7,99.7,7.26,36.24,7.72,DSYA7_L1,2.21,1,,1.8,1,0,,0,0,HYP-NORMAL,
2026-07-06T01:30:00+00:00,6,569.6,98.1,7.28,36.14,7.66,DSYA7_L1,2.57,1,,1.34,1,0,,0,0,HYP-NORMAL,
2026-07-06T01:45:00+00:00,7,560.3,96.9,7.29,36.06,7.61,DSYA1_L1,2.19,1,,1.59,1,0,,0,0,HYP-NORMAL,
2026-07-06T02:00:00+00:00,8,550.3,95.1,7.31,35.99,7.56,DSYA7_L1,2.23,1,,1.85,1,0,,0,0,HYP-NORMAL,
2026-07-06T02:15:00+00:00,9,547.5,94.6,7.31,35.94,7.53,GIRIS_L1,2.15,1,,1.32,1,0,,0,0,HYP-NORMAL,
2026-07-06T02:30:00+00:00,10,545.6,94.3,7.32,35.9,7.5,DSYA2_L1,2.29,1,,1.83,1,0,,0,0,HYP-NORMAL,
2026-07-06T02:45:00+00:00,11,544.7,94.5,7.32,35.88,7.49,DSYA7_L1,2.24,1,,2.07,1,0,,0,0,HYP-NORMAL,
2026-07-06T03:00:00+00:00,12,540.8,94,7.33,35.87,7.48,DSYA3_L1,2.27,1,,1.39,1,0,,0,0,HYP-NORMAL,
2026-07-06T03:15:00+00:00,13,535,92.9,7.33,35.88,7.49,DSYA4_L1,2.32,1,,1.53,1,0,,0,0,HYP-NORMAL,
2026-07-06T03:30:00+00:00,14,532.5,92.5,7.34,35.9,7.5,DSYA7_L1,2.45,1,,1.75,1,0,,0,0,HYP-NORMAL,
2026-07-06T03:45:00+00:00,15,530.8,92.4,7.34,35.94,7.53,DSYA1_L1,2.34,1,,1.4,1,0,,0,0,HYP-NORMAL,
2026-07-06T04:00:00+00:00,16,532.9,92.7,7.34,35.99,7.56,DSYA3_L1,2.41,1,,1.47,1,0,,0,0,HYP-NORMAL,
2026-07-06T04:15:00+00:00,17,543.7,94.5,7.32,36.06,7.61,DSYA3_L1,2.47,1,,1.39,1,0,,0,0,HYP-NORMAL,
2026-07-06T04:30:00+00:00,18,550.1,95.2,7.31,36.14,7.66,DSYA3_L1,2.43,1,,1.93,1,0,,0,0,HYP-NORMAL,
2026-07-06T04:45:00+00:00,19,561.7,97,7.29,36.24,7.72,DSYA4_L1,2.44,1,,1.61,1,0,,0,0,HYP-NORMAL,
2026-07-06T05:00:00+00:00,20,571.7,98.2,7.27,36.35,7.79,DSYA2_L1,2.45,1,,2.11,1,0,,0,0,HYP-NORMAL,
2026-07-06T05:15:00+00:00,21,611.2,104.4,7.21,36.47,7.88,DSYA4_L1,2.69,1,,2.44,1,0,,0,0,HYP-NORMAL,
2026-07-06T05:30:00+00:00,22,651.8,110.9,7.14,36.6,7.97,DSYA4_L1,2.76,1,,2.44,1,0,,0,0,HYP-NORMAL,
2026-07-06T05:45:00+00:00,23,702.4,118.9,7.06,36.75,8.06,DSYA4_L1,3.27,1,,2.19,1,0,,0,0,HYP-NORMAL,
2026-07-06T06:00:00+00:00,24,737.9,123.1,7,36.91,8.17,DSYA4_L1,3.73,1,,2.93,1,0,,0,0,HYP-NORMAL,
2026-07-06T06:15:00+00:00,25,870.5,141.7,6.79,37.08,8.29,DSYA4_L1,3.65,1,,2.79,1,0,,0,0,HYP-NORMAL,
2026-07-06T06:30:00+00:00,26,1003,158,6.57,37.26,8.41,DSYA4_L1,4.87,1,,3.75,1,0,,0,0,HYP-NORMAL,
2026-07-06T06:45:00+00:00,27,1134,174.6,6.35,37.45,8.54,DSYA4_L1,6.06,1,,4.72,1,0,,0,0,HYP-NORMAL,
2026-07-06T07:00:00+00:00,28,1268,189.6,6.13,37.64,8.68,DSYA4_L1,7.98,1,,6.17,1,0,,0,0,HYP-NORMAL,
2026-07-06T07:15:00+00:00,29,1396,203.8,5.92,37.85,8.82,DSYA4_L1,9.22,1,,7.78,1,0,,0,0,HYP-NORMAL,
2026-07-06T07:30:00+00:00,30,1538,220.2,5.7,38.06,8.97,DSYA4_L1,11.29,1,,8.92,1,0,,0,0,HYP-NORMAL,
2026-07-06T07:45:00+00:00,31,1661,233.8,5.5,38.28,9.12,DSYA4_L1,14.06,1,,10.83,1,0,,0,0,HYP-NORMAL,
2026-07-06T08:00:00+00:00,32,1787,249.5,5.3,38.5,9.28,DSYA4_L1,16.03,1,,13.04,1,0,,0,0,HYP-NORMAL,ALM-PANEL-TEMP
2026-07-06T08:15:00+00:00,33,1834,254,5.22,38.73,9.45,DSYA4_L1,19.27,1,,15.08,1,0,,0,0,HYP-NORMAL,ALM-PANEL-TEMP
2026-07-06T08:30:00+00:00,34,1869,256.6,5.17,38.96,9.62,DSYA4_L1,20.88,1,,16.3,1,0,,0,0,HYP-NORMAL,ALM-PANEL-TEMP
2026-07-06T08:45:00+00:00,35,1909,259.9,5.1,39.19,9.79,DSYA4_L1,22.14,1,,17.43,1,0,,0,0,HYP-NORMAL,ALM-PANEL-TEMP
2026-07-06T09:00:00+00:00,36,1960,266.2,5.02,39.42,9.96,DSYA4_L1,23.02,1,,18.37,1,0,,0,0,HYP-NORMAL,ALM-PANEL-TEMP
2026-07-06T09:15:00+00:00,37,1957,265.4,5.02,39.65,10.14,DSYA4_L1,24.88,1,,19.51,1,0,,0,0,HYP-NORMAL,ALM-PANEL-TEMP
2026-07-06T09:30:00+00:00,38,1949,264.5,5.04,39.88,10.31,DSYA4_L1,25.91,1,,20.17,1,0,,0,0,HYP-NORMAL,ALM-PANEL-TEMP
2026-07-06T09:45:00+00:00,39,1942,264.3,5.05,40.11,10.49,DSYA4_L1,26.16,1,,20.49,1,0,,0,0,HYP-NORMAL,ALM-PANEL-TEMP
2026-07-06T10:00:00+00:00,40,1928,260.9,5.07,40.34,10.66,DSYA4_L1,26.42,1,,20.88,1,0,,0,0,HYP-NORMAL,ALM-PANEL-TEMP
2026-07-06T10:15:00+00:00,41,1946,263.8,5.04,40.56,10.84,DSYA4_L1,26.49,1,,20.56,1,0,,0,0,HYP-NORMAL,ALM-PANEL-TEMP
2026-07-06T10:30:00+00:00,42,1960,266.1,5.02,40.78,11.01,DSYA7_L1,26.95,1,,21.2,1,0,,0,0,HYP-NORMAL,ALM-PANEL-TEMP
2026-07-06T10:45:00+00:00,43,1972,268.8,5,40.99,11.18,DSYA4_L1,27.61,1,,21.81,1,0,,0,0,HYP-NORMAL,ALM-PANEL-TEMP
2026-07-06T11:00:00+00:00,44,1974,272,5,41.19,11.35,DSYA3_L1,28.36,1,,22.35,1,0,,0,0,HYP-NORMAL,ALM-PANEL-TEMP
2026-07-06T11:15:00+00:00,45,1986,276,4.99,41.39,11.51,DSYA4_L1,28.87,1,,22.61,1,0,,0,0,HYP-NORMAL,ALM-PANEL-TEMP
2026-07-06T11:30:00+00:00,46,1994,276.8,4.98,41.58,11.66,DSYA4_L1,29.56,1,,23.14,1,0,,0,0,HYP-NORMAL,ALM-PANEL-TEMP
2026-07-06T11:45:00+00:00,47,1980,276.1,5,41.76,11.81,DSYA4_L1,30.13,1,,23.32,1,0,,0,0,HYP-NORMAL,ALM-PANEL-TEMP
2026-07-06T12:00:00+00:00,48,1967,275.9,5.02,41.93,11.95,DSYA4_L1,30.05,1,,23.41,1,0,,0,0,HYP-NORMAL,ALM-PANEL-TEMP
2026-07-06T12:15:00+00:00,49,1949,275.6,5.06,42.09,12.09,DSYA4_L1,30.5,1,,23.49,1,0,,0,0,HYP-NORMAL,ALM-PANEL-TEMP
2026-07-06T12:30:00+00:00,50,1932,276.3,5.09,42.23,12.21,DSYA4_L1,30.31,1,,23.18,1,0,,0,0,HYP-NORMAL,ALM-PANEL-TEMP
2026-07-06T12:45:00+00:00,51,1905,273.9,5.13,42.37,12.33,DSYA3_L1,30.15,1,,23.37,1,0,,0,0,HYP-NORMAL,ALM-PANEL-TEMP
2026-07-06T13:00:00+00:00,52,1889,274.9,5.16,42.49,12.43,DSYA4_L1,30.04,1,,23.35,1,0,,0,0,HYP-NORMAL,ALM-PANEL-TEMP
2026-07-06T13:15:00+00:00,53,1904,278.7,5.14,42.6,12.53,DSYA3_L1,30.18,1,,22.69,1,0,,0,0,HYP-NORMAL,ALM-PANEL-TEMP
2026-07-06T13:30:00+00:00,54,1922,279.4,5.11,42.7,12.61,DSYA3_L1,30.19,1,,22.84,1,0,,0,0,HYP-NORMAL,ALM-PANEL-TEMP
2026-07-06T13:45:00+00:00,55,1945,285.6,5.08,42.78,12.68,DSYA4_L1,30.63,1,,23.75,1,0,,0,0,HYP-NORMAL,ALM-PANEL-TEMP
2026-07-06T14:00:00+00:00,56,1952,286.7,5.07,42.85,12.74,DSYA4_L1,31.14,1,,23.89,1,0,,0,0,HYP-NORMAL,ALM-PANEL-TEMP
2026-07-06T14:15:00+00:00,57,1977,291.2,5.03,42.9,12.78,DSYA4_L1,31.87,1,,24.11,1,0,,0,0,HYP-NORMAL,ALM-PANEL-TEMP
2026-07-06T14:30:00+00:00,58,1996,291.8,5,42.94,12.82,DSYA4_L1,31.91,1,,24.44,1,0,,0,0,HYP-NORMAL,ALM-PANEL-TEMP
2026-07-06T14:45:00+00:00,59,2015,295,4.97,42.96,12.84,DSYA4_L1,33.05,1,,24.84,1,0,,0,0,HYP-NORMAL,ALM-PANEL-TEMP
2026-07-06T15:00:00+00:00,60,2045,299.7,4.92,42.97,12.84,DSYA4_L1,33.15,1,,25.65,1,0,,0,0,HYP-NORMAL,ALM-PANEL-TEMP
2026-07-06T15:15:00+00:00,61,2049,299.9,4.92,42.96,12.84,DSYA4_L1,34.36,1,,26.1,1,0,,0,0,HYP-NORMAL,ALM-PANEL-TEMP
2026-07-06T15:30:00+00:00,62,2053,298.7,4.91,42.94,12.82,DSYA4_L1,34.76,1,,26.56,1,0,,0,0,HYP-NORMAL,ALM-PANEL-TEMP
2026-07-06T15:45:00+00:00,63,2061,301.9,4.9,42.9,12.78,DSYA4_L1,35.21,1,,26.54,1,0,,0,0,HYP-NORMAL,ALM-PANEL-TEMP
2026-07-06T16:00:00+00:00,64,2055,301,4.91,42.85,12.74,DSYA4_L1,35.37,1,,26.77,1,0,,0,0,HYP-NORMAL,ALM-PANEL-TEMP
2026-07-06T16:15:00+00:00,65,2059,299.3,4.9,42.78,12.68,DSYA4_L1,35.52,1,,26.82,1,0,,0,0,HYP-NORMAL,ALM-PANEL-TEMP
2026-07-06T16:30:00+00:00,66,2046,296.9,4.92,42.7,12.61,DSYA4_L1,35.74,1,,27.25,1,0,,0,0,HYP-NORMAL,ALM-PANEL-TEMP
2026-07-06T16:45:00+00:00,67,2031,295,4.94,42.6,12.53,DSYA4_L1,35.67,1,,27.47,1,0,,0,0,HYP-NORMAL,ALM-PANEL-TEMP
2026-07-06T17:00:00+00:00,68,2030,294.7,4.94,42.49,12.43,DSYA4_L1,35.66,1,,27.15,1,0,,0,0,HYP-NORMAL,ALM-PANEL-TEMP
2026-07-06T17:15:00+00:00,69,2004,294.1,4.99,42.37,12.33,DSYA7_L1,35.59,1,,27.12,1,0,,0,0,HYP-NORMAL,ALM-PANEL-TEMP
2026-07-06T17:30:00+00:00,70,1974,290,5.03,42.23,12.21,DSYA3_L1,35.28,1,,27.01,1,0,,0,0,HYP-NORMAL,ALM-PANEL-TEMP
2026-07-06T17:45:00+00:00,71,1948,287.2,5.08,42.09,12.09,DSYA7_L1,34.86,1,,26.51,1,0,,0,0,HYP-NORMAL,ALM-PANEL-TEMP
2026-07-06T18:00:00+00:00,72,1920,286.2,5.12,41.93,11.95,DSYA4_L1,34.51,1,,26.44,1,0,,0,0,HYP-NORMAL,ALM-PANEL-TEMP
2026-07-06T18:15:00+00:00,73,1884,281.1,5.18,41.76,11.81,DSYA7_L1,34.09,1,,25.87,1,0,,0,0,HYP-NORMAL,ALM-PANEL-TEMP
2026-07-06T18:30:00+00:00,74,1864,278.7,5.21,41.58,11.66,DSYA7_L1,33.63,1,,24.98,1,0,,0,0,HYP-NORMAL,ALM-PANEL-TEMP
2026-07-06T18:45:00+00:00,75,1829,272.7,5.26,41.39,11.51,DSYA4_L1,33.17,1,,25.08,1,0,,0,0,HYP-NORMAL,ALM-PANEL-TEMP
2026-07-06T19:00:00+00:00,76,1803,268.8,5.3,41.19,11.35,DSYA7_L1,32.27,1,,24.41,1,0,,0,0,HYP-NORMAL,ALM-PANEL-TEMP
2026-07-06T19:15:00+00:00,77,1819,272.9,5.28,40.99,11.18,DSYA7_L1,31.82,1,,23.97,1,0,,0,0,HYP-NORMAL,ALM-PANEL-TEMP
2026-07-06T19:30:00+00:00,78,1840,276.1,5.25,40.78,11.01,DSYA3_L1,31.62,1,,24.2,1,0,,0,0,HYP-NORMAL,ALM-PANEL-TEMP
2026-07-06T19:45:00+00:00,79,1851,277.4,5.23,40.56,10.84,DSYA4_L1,31.94,1,,24.21,1,0,,0,0,HYP-NORMAL,ALM-PANEL-TEMP
2026-07-06T20:00:00+00:00,80,1858,279,5.22,40.34,10.66,DSYA3_L1,31.89,1,,24.23,1,0,,0,0,HYP-NORMAL,ALM-PANEL-TEMP
2026-07-06T20:15:00+00:00,81,1821,276.8,5.28,40.11,10.49,DSYA4_L1,32.31,1,,24.44,1,0,,0,0,HYP-NORMAL,ALM-PANEL-TEMP
2026-07-06T20:30:00+00:00,82,1796,273.9,5.33,39.88,10.31,DSYA4_L1,31.78,1,,23.81,1,0,,0,0,HYP-NORMAL,ALM-PANEL-TEMP
2026-07-06T20:45:00+00:00,83,1747,265.8,5.4,39.65,10.14,DSYA4_L1,31.39,1,,23.46,1,0,,0,0,HYP-NORMAL,ALM-PANEL-TEMP
2026-07-06T21:00:00+00:00,84,1715,260,5.45,39.42,9.96,DSYA7_L1,30.58,1,,22.99,1,0,,0,0,HYP-NORMAL,ALM-PANEL-TEMP
2026-07-06T21:15:00+00:00,85,1642,246.9,5.56,39.19,9.79,DSYA3_L1,30,1,,22.5,1,0,,0,0,HYP-NORMAL,
2026-07-06T21:30:00+00:00,86,1580,238.1,5.65,38.96,9.62,DSYA3_L1,29.18,1,,21.56,1,0,,0,0,HYP-NORMAL,
2026-07-06T21:45:00+00:00,87,1508,229.2,5.77,38.73,9.45,DSYA7_L1,27.55,1,,20.51,1,0,,0,0,HYP-NORMAL,
2026-07-06T22:00:00+00:00,88,1444,221.1,5.87,38.5,9.28,DSYA7_L1,26.67,1,,19.86,1,0,,0,0,HYP-NORMAL,
2026-07-06T22:15:00+00:00,89,1343,207.9,6.03,38.28,9.12,DSYA3_L1,25.24,1,,19,1,0,,0,0,HYP-NORMAL,
2026-07-06T22:30:00+00:00,90,1235,194.7,6.21,38.06,8.97,DSYA3_L1,24.17,1,,17.78,1,0,,0,0,HYP-NORMAL,
2026-07-06T22:45:00+00:00,91,1133,181.3,6.37,37.85,8.82,DSYA7_L1,22.33,1,,16.05,1,0,,0,0,HYP-NORMAL,
2026-07-06T23:00:00+00:00,92,1026,167.7,6.54,37.64,8.68,DSYA3_L1,20.84,1,,15.18,1,0,,0,0,HYP-NORMAL,
2026-07-06T23:15:00+00:00,93,928.1,152.8,6.7,37.45,8.54,DSYA7_L1,18.92,1,,13.66,1,0,,0,0,HYP-NORMAL,
2026-07-06T23:30:00+00:00,94,834.9,139.9,6.85,37.26,8.41,DSYA3_L1,17.63,1,,12.59,1,0,,0,0,HYP-NORMAL,
2026-07-06T23:45:00+00:00,95,741,126.7,7.01,37.08,8.29,DSYA7_L1,16.3,1,,11.53,1,0,,0,0,HYP-NORMAL,
2026-07-07T00:00:00+00:00,96,644.4,111.3,7.16,37.01,8.24,DSYA3_L1,15.1,1,,10.96,1,0,,0,0,HYP-NORMAL,
2026-07-07T00:15:00+00:00,97,625.1,108.5,7.19,36.85,8.13,DSYA7_L1,13.59,1,,9.64,1,0,,0,0,HYP-NORMAL,
2026-07-07T00:30:00+00:00,98,609.8,106.6,7.22,36.71,8.03,DSYA7_L1,12.71,1,,9.45,1,0,,0,0,HYP-NORMAL,
2026-07-07T00:45:00+00:00,99,595.3,104.1,7.24,36.57,7.94,DSYA3_L1,11.92,1,,8.87,1,0,,0,0,HYP-NORMAL,
2026-07-07T01:00:00+00:00,100,584.6,101.6,7.26,36.45,7.86,DSYA3_L1,11.44,1,,8.44,1,0,,0,0,HYP-NORMAL,
2026-07-07T01:15:00+00:00,101,569.8,99.2,7.28,36.34,7.79,DSYA3_L1,11.02,1,,8.04,1,0,,0,0,HYP-NORMAL,
2026-07-07T01:30:00+00:00,102,558.5,97.1,7.3,36.24,7.73,DSYA3_L1,10.67,1,,7.33,1,0,,0,0,HYP-NORMAL,
2026-07-07T01:45:00+00:00,103,551.8,97,7.31,36.16,7.67,DSYA3_L1,9.75,1,,7.43,1,0,,0,0,HYP-NORMAL,
2026-07-07T02:00:00+00:00,104,540.7,95.6,7.33,36.1,7.63,DSYA7_L1,9.35,1,,7.15,1,0,,0,0,HYP-NORMAL,
2026-07-07T02:15:00+00:00,105,536.9,94.7,7.33,36.04,7.6,DSYA4_L1,9.38,1,,6.96,1,0,,0,0,HYP-NORMAL,
2026-07-07T02:30:00+00:00,106,531.4,94.1,7.34,36,7.57,DSYA4_L1,8.74,1,,6.5,1,0,,0,0,HYP-NORMAL,
2026-07-07T02:45:00+00:00,107,528.6,94,7.35,35.98,7.56,DSYA3_L1,8.5,1,,6.17,1,0,,0,0,HYP-NORMAL,
2026-07-07T03:00:00+00:00,108,526.3,93.2,7.35,35.97,7.55,DSYA3_L1,8.13,1,,5.93,1,0,,0,0,HYP-NORMAL,
2026-07-07T03:15:00+00:00,109,526,93.2,7.35,35.98,7.56,DSYA4_L1,7.73,1,,5.59,1,0,,0,0,HYP-NORMAL,
2026-07-07T03:30:00+00:00,110,526.1,93.2,7.35,36,7.57,DSYA4_L1,7.55,1,,5.85,1,0,,0,0,HYP-NORMAL,
2026-07-07T03:45:00+00:00,111,525.1,93.3,7.35,36.04,7.6,DSYA1_L1,7.25,1,,5.59,1,0,,0,0,HYP-NORMAL,
2026-07-07T04:00:00+00:00,112,527.2,93.5,7.35,36.1,7.63,DSYA7_L1,7.58,1,,5.28,1,0,,0,0,HYP-NORMAL,
2026-07-07T04:15:00+00:00,113,531.9,93.7,7.34,36.16,7.67,DSYA4_L1,6.89,1,,4.95,1,0,,0,0,HYP-NORMAL,
2026-07-07T04:30:00+00:00,114,543.7,95.5,7.32,36.24,7.73,DSYA4_L1,6.81,1,,4.94,1,0,,0,0,HYP-NORMAL,
2026-07-07T04:45:00+00:00,115,550.4,96.4,7.31,36.34,7.79,DSYA4_L1,6.61,1,,4.99,1,0,,0,0,HYP-NORMAL,
2026-07-07T05:00:00+00:00,116,563.1,98.4,7.29,36.45,7.86,DSYA3_L1,6.31,1,,5.01,1,0,,0,0,HYP-NORMAL,
2026-07-07T05:15:00+00:00,117,603.7,105.1,7.23,36.57,7.94,DSYA3_L1,6.52,1,,4.9,1,0,,0,0,HYP-NORMAL,
2026-07-07T05:30:00+00:00,118,646.7,112.1,7.16,36.71,8.03,DSYA4_L1,6.36,1,,4.86,1,0,,0,0,HYP-NORMAL,
2026-07-07T05:45:00+00:00,119,683.3,117.3,7.1,36.85,8.13,DSYA4_L1,6.65,1,,4.64,1,0,,0,0,HYP-NORMAL,
2026-07-07T06:00:00+00:00,120,722.4,123.2,7.03,37.01,8.24,DSYA7_L1,6.35,1,,5.16,1,0,,0,0,HYP-NORMAL,
2026-07-07T06:15:00+00:00,121,851.3,142.8,6.83,37.18,8.36,DSYA4_L1,6.59,1,,5.18,1,0,,0,0,HYP-NORMAL,
2026-07-07T06:30:00+00:00,122,979,161.4,6.62,37.36,8.48,DSYA4_L1,7.71,1,,5.81,1,0,,0,0,HYP-NORMAL,
2026-07-07T06:45:00+00:00,123,1108,178.2,6.41,37.55,8.61,DSYA4_L1,8.73,1,,6.38,1,0,,0,0,HYP-NORMAL,
2026-07-07T07:00:00+00:00,124,1238,194.3,6.2,37.75,8.75,DSYA4_L1,9.83,1,,7.91,1,0,,0,0,HYP-NORMAL,
2026-07-07T07:15:00+00:00,125,1368,211.6,5.99,37.95,8.89,DSYA4_L1,11.76,1,,9.08,1,0,,0,0,HYP-NORMAL,
2026-07-07T07:30:00+00:00,126,1492,226.4,5.79,38.16,9.04,DSYA4_L1,13.13,1,,10.34,1,0,,0,0,HYP-NORMAL,
2026-07-07T07:45:00+00:00,127,1629,242.6,5.57,38.38,9.2,DSYA4_L1,15.34,1,,12.12,1,0,,0,0,HYP-NORMAL,
2026-07-07T08:00:00+00:00,128,1773,261.8,5.35,38.6,9.36,DSYA4_L1,17.81,1,,13.74,1,0,,0,0,HYP-NORMAL,
2026-07-07T08:15:00+00:00,129,1810,264.9,5.29,38.83,9.52,DSYA4_L1,20.69,1,,15.53,1,0,,0,0,HYP-NORMAL,ALM-PANEL-TEMP
2026-07-07T08:30:00+00:00,130,1861,269.8,5.2,39.06,9.69,DSYA4_L1,22.52,1,,17.22,1,0,,0,0,HYP-NORMAL,ALM-PANEL-TEMP
2026-07-07T08:45:00+00:00,131,1888,271.9,5.16,39.29,9.86,DSYA4_L1,23.85,1,,17.74,1,0,,0,0,HYP-NORMAL,ALM-PANEL-TEMP
2026-07-07T09:00:00+00:00,132,1917,275.6,5.11,39.52,10.03,DSYA4_L1,24.68,1,,19.13,1,0,,0,0,HYP-NORMAL,ALM-PANEL-TEMP
2026-07-07T09:15:00+00:00,133,1901,275.6,5.14,39.75,10.21,DSYA4_L1,25.58,1,,19.89,1,0,,0,0,HYP-NORMAL,ALM-PANEL-TEMP
2026-07-07T09:30:00+00:00,134,1877,271.9,5.18,39.98,10.39,DSYA4_L1,26.05,1,,19.73,1,0,,0,0,HYP-NORMAL,ALM-PANEL-TEMP
2026-07-07T09:45:00+00:00,135,1865,271.9,5.2,40.21,10.56,DSYA3_L1,26.01,1,,20.25,1,0,,0,0,HYP-NORMAL,ALM-PANEL-TEMP
2026-07-07T10:00:00+00:00,136,1856,269.6,5.21,40.44,10.74,DSYA4_L1,26.34,1,,20.18,1,0,,0,0,HYP-NORMAL,ALM-PANEL-TEMP
2026-07-07T10:15:00+00:00,137,1865,271.6,5.2,40.66,10.92,DSYA4_L1,26.17,1,,19.86,1,0,,0,0,HYP-NORMAL,ALM-PANEL-TEMP
2026-07-07T10:30:00+00:00,138,1880,271.5,5.17,40.87,11.09,DSYA4_L1,26.27,1,,20.51,1,0,,0,0,HYP-NORMAL,ALM-PANEL-TEMP
2026-07-07T10:45:00+00:00,139,1896,273.9,5.15,41.09,11.26,DSYA4_L1,27.22,1,,20.71,1,0,,0,0,HYP-NORMAL,ALM-PANEL-TEMP
2026-07-07T11:00:00+00:00,140,1909,277.1,5.13,41.29,11.42,DSYA4_L1,27.51,1,,21.7,1,0,,0,0,HYP-NORMAL,ALM-PANEL-TEMP
2026-07-07T11:15:00+00:00,141,1910,276.1,5.13,41.49,11.59,DSYA4_L1,28.31,1,,21.16,1,0,,0,0,HYP-NORMAL,ALM-PANEL-TEMP
2026-07-07T11:30:00+00:00,142,1901,275.6,5.14,41.68,11.74,DSYA4_L1,29.09,1,,21.81,1,0,,0,0,HYP-NORMAL,ALM-PANEL-TEMP
2026-07-07T11:45:00+00:00,143,1895,273.3,5.15,41.86,11.89,DSYA4_L1,28.77,1,,21.89,1,0,,0,0,HYP-NORMAL,ALM-PANEL-TEMP
2026-07-07T12:00:00+00:00,144,1887,271.4,5.16,42.02,12.03,DSYA4_L1,28.71,1,,22.33,1,0,,0,0,HYP-NORMAL,ALM-PANEL-TEMP
2026-07-07T12:15:00+00:00,145,1855,267,5.21,42.18,12.17,DSYA3_L1,28.8,1,,22.2,1,0,,0,0,HYP-NORMAL,ALM-PANEL-TEMP
2026-07-07T12:30:00+00:00,146,1838,268,5.24,42.33,12.29,DSYA4_L1,28.95,1,,22.09,1,0,,0,0,HYP-NORMAL,ALM-PANEL-TEMP
2026-07-07T12:45:00+00:00,147,1815,267.1,5.28,42.47,12.41,DSYA4_L1,28.61,1,,21.76,1,0,,0,0,HYP-NORMAL,ALM-PANEL-TEMP
2026-07-07T13:00:00+00:00,148,1795,263.7,5.31,42.59,12.51,DSYA7_L1,28.09,1,,21.48,1,0,,0,0,HYP-NORMAL,ALM-PANEL-TEMP
2026-07-07T13:15:00+00:00,149,1795,261.4,5.31,42.7,12.61,DSYA4_L1,28.17,1,,21.57,1,0,,0,0,HYP-NORMAL,ALM-PANEL-TEMP
2026-07-07T13:30:00+00:00,150,1824,264.9,5.26,42.79,12.69,DSYA3_L1,27.99,1,,21.29,1,0,,0,0,HYP-NORMAL,ALM-PANEL-TEMP
2026-07-07T13:45:00+00:00,151,1832,266.3,5.25,42.87,12.76,DSYA4_L1,28.25,1,,21.85,1,0,,0,0,HYP-NORMAL,ALM-PANEL-TEMP
2026-07-07T14:00:00+00:00,152,1843,267.3,5.23,42.94,12.82,DSYA4_L1,28.79,1,,22.12,1,0,,0,0,HYP-NORMAL,ALM-PANEL-TEMP
2026-07-07T14:15:00+00:00,153,1862,270.2,5.2,42.99,12.87,DSYA4_L1,28.99,1,,22.44,1,0,,0,0,HYP-NORMAL,ALM-PANEL-TEMP
2026-07-07T14:30:00+00:00,154,1863,269.4,5.2,43.03,12.9,DSYA4_L1,29.45,1,,22.52,1,0,,0,0,HYP-NORMAL,ALM-PANEL-TEMP
2026-07-07T14:45:00+00:00,155,1887,272.7,5.16,43.05,12.92,DSYA3_L1,29.66,1,,22.99,1,0,,0,0,HYP-NORMAL,ALM-PANEL-TEMP
2026-07-07T15:00:00+00:00,156,1916,275.1,5.11,43.06,12.93,DSYA4_L1,30.35,1,,23.32,1,0,,0,0,HYP-NORMAL,ALM-PANEL-TEMP
2026-07-07T15:15:00+00:00,157,1909,274.4,5.12,43.05,12.92,DSYA4_L1,30.55,1,,23.68,1,0,,0,0,HYP-NORMAL,ALM-PANEL-TEMP
2026-07-07T15:30:00+00:00,158,1902,273,5.13,43.03,12.9,DSYA4_L1,31.19,1,,23.81,1,0,,0,0,HYP-NORMAL,ALM-PANEL-TEMP
2026-07-07T15:45:00+00:00,159,1901,271.9,5.13,42.99,12.87,DSYA4_L1,31.18,1,,24.19,1,0,,0,0,HYP-NORMAL,ALM-PANEL-TEMP
2026-07-07T16:00:00+00:00,160,1904,273.3,5.13,42.94,12.82,DSYA4_L1,31.58,1,,24.42,1,0,,0,0,HYP-NORMAL,ALM-PANEL-TEMP
2026-07-07T16:15:00+00:00,161,1906,271.2,5.12,42.87,12.76,DSYA4_L1,31.26,1,,24.12,1,0,,0,0,HYP-NORMAL,ALM-PANEL-TEMP
2026-07-07T16:30:00+00:00,162,1905,271.3,5.13,42.79,12.69,DSYA4_L1,31.64,1,,24.42,1,0,,0,0,HYP-NORMAL,ALM-PANEL-TEMP
2026-07-07T16:45:00+00:00,163,1891,270.6,5.15,42.7,12.61,DSYA3_L1,31.79,1,,24.66,1,0,,0,0,HYP-NORMAL,ALM-PANEL-TEMP
2026-07-07T17:00:00+00:00,164,1878,269,5.17,42.59,12.51,DSYA3_L1,31.66,1,,24.42,1,0,,0,0,HYP-NORMAL,ALM-PANEL-TEMP
2026-07-07T17:15:00+00:00,165,1854,266.6,5.21,42.47,12.41,DSYA7_L1,31.34,1,,24.42,1,0,,0,0,HYP-NORMAL,ALM-PANEL-TEMP
2026-07-07T17:30:00+00:00,166,1830,265,5.25,42.33,12.29,DSYA4_L1,31.3,1,,24.12,1,0,,0,0,HYP-NORMAL,ALM-PANEL-TEMP
2026-07-07T17:45:00+00:00,167,1809,262.7,5.28,42.18,12.17,DSYA4_L1,30.83,1,,23.74,1,0,,0,0,HYP-NORMAL,ALM-PANEL-TEMP
2026-07-07T18:00:00+00:00,168,1779,259.3,5.33,42.02,12.03,DSYA4_L1,30.72,1,,23.65,1,0,,0,0,HYP-NORMAL,ALM-PANEL-TEMP
2026-07-07T18:15:00+00:00,169,1749,255.9,5.38,41.86,11.89,DSYA4_L1,30.08,1,,22.88,1,0,,0,0,HYP-NORMAL,ALM-PANEL-TEMP
2026-07-07T18:30:00+00:00,170,1724,252.9,5.42,41.68,11.74,DSYA7_L1,29.81,1,,22.71,1,0,,0,0,HYP-NORMAL,ALM-PANEL-TEMP
2026-07-07T18:45:00+00:00,171,1704,250.2,5.45,41.49,11.59,DSYA7_L1,28.83,1,,22.57,1,0,,0,0,HYP-NORMAL,ALM-PANEL-TEMP
2026-07-07T19:00:00+00:00,172,1688,249.1,5.48,41.29,11.42,DSYA3_L1,28.53,1,,21.91,1,0,,0,0,HYP-NORMAL,ALM-PANEL-TEMP
2026-07-07T19:15:00+00:00,173,1703,250.2,5.45,41.09,11.26,DSYA7_L1,28.09,1,,21.51,1,0,,0,0,HYP-NORMAL,ALM-PANEL-TEMP
2026-07-07T19:30:00+00:00,174,1736,256.4,5.4,40.87,11.09,DSYA4_L1,27.99,1,,21.52,1,0,,0,0,HYP-NORMAL,ALM-PANEL-TEMP
2026-07-07T19:45:00+00:00,175,1748,259.2,5.39,40.66,10.92,DSYA4_L1,28.49,1,,21.82,1,0,,0,0,HYP-NORMAL,ALM-PANEL-TEMP
2026-07-07T20:00:00+00:00,176,1767,259,5.35,40.44,10.74,DSYA3_L1,28.59,1,,21.97,1,0,,0,0,HYP-NORMAL,ALM-PANEL-TEMP
2026-07-07T20:15:00+00:00,177,1738,255,5.4,40.21,10.56,DSYA4_L1,28.85,1,,22.11,1,0,,0,0,HYP-NORMAL,ALM-PANEL-TEMP
2026-07-07T20:30:00+00:00,178,1707,253.9,5.45,39.98,10.39,DSYA4_L1,28.56,1,,21.94,1,0,,0,0,HYP-NORMAL,ALM-PANEL-TEMP
2026-07-07T20:45:00+00:00,179,1677,249.5,5.5,39.75,10.21,DSYA3_L1,28.23,1,,21.43,1,0,,0,0,HYP-NORMAL,ALM-PANEL-TEMP
2026-07-07T21:00:00+00:00,180,1649,246.6,5.54,39.52,10.03,DSYA7_L1,27.7,1,,20.73,1,0,,0,0,HYP-NORMAL,ALM-PANEL-TEMP
2026-07-07T21:15:00+00:00,181,1572,238.1,5.67,39.29,9.86,DSYA7_L1,27.48,1,,20.89,1,0,,0,0,HYP-NORMAL,
2026-07-07T21:30:00+00:00,182,1501,228.1,5.78,39.06,9.69,DSYA3_L1,26.32,1,,20.16,1,0,,0,0,HYP-NORMAL,
2026-07-07T21:45:00+00:00,183,1428,218.2,5.89,38.83,9.52,DSYA3_L1,25.33,1,,19.15,1,0,,0,0,HYP-NORMAL,
2026-07-07T22:00:00+00:00,184,1376,212.6,5.98,38.6,9.36,DSYA3_L1,24.05,1,,18.11,1,0,,0,0,HYP-NORMAL,
2026-07-07T22:15:00+00:00,185,1285,201.8,6.13,38.38,9.2,DSYA3_L1,22.96,1,,16.98,1,0,,0,0,HYP-NORMAL,
2026-07-07T22:30:00+00:00,186,1182,188.5,6.29,38.16,9.04,DSYA3_L1,21.82,1,,16.16,1,0,,0,0,HYP-NORMAL,
2026-07-07T22:45:00+00:00,187,1091,177.1,6.44,37.95,8.89,DSYA7_L1,20.44,1,,14.59,1,0,,0,0,HYP-NORMAL,
2026-07-07T23:00:00+00:00,188,996.2,165.2,6.6,37.75,8.75,DSYA3_L1,19.09,1,,13.93,1,0,,0,0,HYP-NORMAL,
2026-07-07T23:15:00+00:00,189,900,151.7,6.75,37.55,8.61,DSYA3_L1,17.66,1,,12.65,1,0,,0,0,HYP-NORMAL,
2026-07-07T23:30:00+00:00,190,809.9,138.7,6.9,37.36,8.48,DSYA3_L1,16.1,1,,11.48,1,0,,0,0,HYP-NORMAL,
2026-07-07T23:45:00+00:00,191,718,124.1,7.04,37.18,8.36,DSYA7_L1,15.1,1,,10.65,1,0,,0,0,HYP-NORMAL,
2026-07-08T00:00:00+00:00,192,622.7,108.4,7.2,37.11,8.31,DSYA7_L1,13.62,1,,9.99,1,0,,0,0,HYP-NORMAL,
2026-07-08T00:15:00+00:00,193,607.8,105.8,7.22,36.95,8.2,DSYA3_L1,12.74,1,,8.78,1,0,,0,0,HYP-NORMAL,
2026-07-08T00:30:00+00:00,194,594.5,103.5,7.24,36.81,8.1,DSYA7_L1,11.75,1,,8.43,1,0,,0,0,HYP-NORMAL,
2026-07-08T00:45:00+00:00,195,579.1,100.9,7.27,36.67,8.01,DSYA3_L1,10.72,1,,8.04,1,0,,0,0,HYP-NORMAL,
2026-07-08T01:00:00+00:00,196,566.7,99.2,7.29,36.55,7.93,DSYA7_L1,10.47,1,,7.85,1,0,,0,0,HYP-NORMAL,
2026-07-08T01:15:00+00:00,197,556.9,97.8,7.3,36.44,7.86,DSYA7_L1,9.98,1,,7.68,1,0,,0,0,HYP-NORMAL,
2026-07-08T01:30:00+00:00,198,546,96.1,7.32,36.34,7.79,DSYA3_L1,9.38,1,,6.87,1,0,,0,0,HYP-NORMAL,
2026-07-08T01:45:00+00:00,199,536,94.4,7.34,36.26,7.74,DSYA4_L1,9.14,1,,7.15,1,0,,0,0,HYP-NORMAL,
2026-07-08T02:00:00+00:00,200,521.3,92.2,7.36,36.19,7.69,DSYA4_L1,8.66,1,,6.78,1,0,,0,0,HYP-NORMAL,
2026-07-08T02:15:00+00:00,201,518.4,91.4,7.36,36.14,7.66,DSYA3_L1,8.47,1,,5.99,1,0,,0,0,HYP-NORMAL,
2026-07-08T02:30:00+00:00,202,512.5,90.6,7.37,36.1,7.64,DSYA4_L1,8.05,1,,6.37,1,0,,0,0,HYP-NORMAL,
2026-07-08T02:45:00+00:00,203,512.4,90.6,7.37,36.08,7.62,DSYA4_L1,7.59,1,,5.86,1,0,,0,0,HYP-NORMAL,
2026-07-08T03:00:00+00:00,204,511.4,90.1,7.37,36.07,7.62,DSYA7_L1,7.48,1,,5.35,1,0,,0,0,HYP-NORMAL,
2026-07-08T03:15:00+00:00,205,512.4,90.4,7.37,36.08,7.62,DSYA4_L1,7.26,1,,5.68,1,0,,0,0,HYP-NORMAL,
2026-07-08T03:30:00+00:00,206,512.6,90.4,7.37,36.1,7.64,DSYA3_L1,7.51,1,,5.25,1,0,,0,0,HYP-NORMAL,
2026-07-08T03:45:00+00:00,207,512.6,90.6,7.37,36.14,7.66,DSYA3_L1,6.88,1,,4.75,1,0,,0,0,HYP-NORMAL,
2026-07-08T04:00:00+00:00,208,513.4,90.7,7.37,36.19,7.69,DSYA1_L1,6.65,1,,5.16,1,0,,0,0,HYP-NORMAL,
2026-07-08T04:15:00+00:00,209,522.7,92.2,7.36,36.26,7.74,DSYA3_L1,6.33,1,,5.04,1,0,,0,0,HYP-NORMAL,
2026-07-08T04:30:00+00:00,210,533.1,93.4,7.34,36.34,7.79,DSYA4_L1,5.89,1,,4.63,1,0,,0,0,HYP-NORMAL,
2026-07-08T04:45:00+00:00,211,542.9,95.2,7.32,36.44,7.86,DSYA3_L1,6.11,1,,4.59,1,0,,0,0,HYP-NORMAL,
2026-07-08T05:00:00+00:00,212,551.9,96.6,7.31,36.55,7.93,DSYA3_L1,6.26,1,,4.63,1,0,,0,0,HYP-NORMAL,
2026-07-08T05:15:00+00:00,213,589.7,102.5,7.25,36.67,8.01,DSYA3_L1,5.87,1,,4.69,1,0,,0,0,HYP-NORMAL,
2026-07-08T05:30:00+00:00,214,627.8,107.8,7.18,36.81,8.1,DSYA4_L1,5.87,1,,4.89,1,0,,0,0,HYP-NORMAL,
2026-07-08T05:45:00+00:00,215,661.8,113.1,7.13,36.95,8.2,DSYA3_L1,5.98,1,,4.36,1,0,,0,0,HYP-NORMAL,
2026-07-08T06:00:00+00:00,216,705.8,119.8,7.06,37.11,8.31,DSYA7_L1,6.02,1,,4.82,1,0,,0,0,HYP-NORMAL,
2026-07-08T06:15:00+00:00,217,828.5,137.5,6.86,37.28,8.42,DSYA4_L1,6.3,1,,4.65,1,0,,0,0,HYP-NORMAL,
2026-07-08T06:30:00+00:00,218,958.2,156.3,6.65,37.46,8.55,DSYA3_L1,7.06,1,,5.22,1,0,,0,0,HYP-NORMAL,
2026-07-08T06:45:00+00:00,219,1090,175.7,6.44,37.65,8.68,DSYA4_L1,8.61,1,,6.32,1,0,,0,0,HYP-NORMAL,
2026-07-08T07:00:00+00:00,220,1216,192.5,6.24,37.84,8.82,DSYA4_L1,9.33,1,,7.17,1,0,,0,0,HYP-NORMAL,
2026-07-08T07:15:00+00:00,221,1345,210.2,6.03,38.05,8.96,DSYA4_L1,11,1,,8.7,1,0,,0,0,HYP-NORMAL,
2026-07-08T07:30:00+00:00,222,1476,227,5.82,38.26,9.11,DSYA4_L1,12.66,1,,9.95,1,0,,0,0,HYP-NORMAL,
2026-07-08T07:45:00+00:00,223,1606,241.3,5.61,38.48,9.27,DSYA4_L1,14.61,1,,11.72,1,0,,0,0,HYP-NORMAL,
2026-07-08T08:00:00+00:00,224,1728,255.8,5.42,38.7,9.43,DSYA4_L1,16.85,1,,13.56,1,0,,0,0,HYP-NORMAL,
2026-07-08T08:15:00+00:00,225,1764,258.5,5.36,38.92,9.59,DSYA4_L1,19.95,1,,15.16,1,0,,0,0,HYP-NORMAL,ALM-PANEL-TEMP
2026-07-08T08:30:00+00:00,226,1801,260.9,5.29,39.15,9.76,DSYA4_L1,20.94,1,,16.08,1,0,,0,0,HYP-NORMAL,ALM-PANEL-TEMP
2026-07-08T08:45:00+00:00,227,1846,265.8,5.22,39.38,9.93,DSYA4_L1,22.38,1,,17.15,1,0,,0,0,HYP-NORMAL,ALM-PANEL-TEMP
2026-07-08T09:00:00+00:00,228,1911,272.2,5.12,39.61,10.11,DSYA4_L1,23.44,1,,18.09,1,0,,0,0,HYP-NORMAL,ALM-PANEL-TEMP
2026-07-08T09:15:00+00:00,229,1902,270.6,5.13,39.84,10.28,DSYA4_L1,25.23,1,,19.57,1,0,,0,0,HYP-NORMAL,ALM-PANEL-TEMP
2026-07-08T09:30:00+00:00,230,1885,269.8,5.16,40.08,10.46,DSYA4_L1,25.3,1,,20.25,1,0,,0,0,HYP-NORMAL,ALM-PANEL-TEMP
2026-07-08T09:45:00+00:00,231,1871,268.1,5.18,40.3,10.64,DSYA4_L1,25.97,1,,20.1,1,0,,0,0,HYP-NORMAL,ALM-PANEL-TEMP
2026-07-08T10:00:00+00:00,232,1868,267.1,5.19,40.53,10.81,DSYA4_L1,25.77,1,,19.88,1,0,,0,0,HYP-NORMAL,ALM-PANEL-TEMP
2026-07-08T10:15:00+00:00,233,1882,267.3,5.16,40.75,10.99,DSYA4_L1,26.26,1,,20.19,1,0,,0,0,HYP-NORMAL,ALM-PANEL-TEMP
2026-07-08T10:30:00+00:00,234,1888,270.3,5.16,40.97,11.16,DSYA7_L1,26.56,1,,20.51,1,0,,0,0,HYP-NORMAL,ALM-PANEL-TEMP
2026-07-08T10:45:00+00:00,235,1891,269.3,5.15,41.18,11.33,DSYA3_L1,26.9,1,,20.83,1,0,,0,0,HYP-NORMAL,ALM-PANEL-TEMP
2026-07-08T11:00:00+00:00,236,1907,272.7,5.13,41.38,11.5,DSYA4_L1,27.52,1,,21.15,1,0,,0,0,HYP-NORMAL,ALM-PANEL-TEMP
2026-07-08T11:15:00+00:00,237,1904,275.3,5.13,41.58,11.66,DSYA4_L1,28.17,1,,21.66,1,0,,0,0,HYP-NORMAL,ALM-PANEL-TEMP
2026-07-08T11:30:00+00:00,238,1902,273.5,5.13,41.77,11.82,DSYA4_L1,28.1,1,,21.8,1,0,,0,0,HYP-NORMAL,ALM-PANEL-TEMP
2026-07-08T11:45:00+00:00,239,1902,274.6,5.14,41.95,11.97,DSYA4_L1,28.66,1,,21.91,1,0,,0,0,HYP-NORMAL,ALM-PANEL-TEMP
2026-07-08T12:00:00+00:00,240,1894,277.4,5.16,42.12,12.11,DSYA4_L1,28.84,1,,22.14,1,0,,0,0,HYP-NORMAL,ALM-PANEL-TEMP
2026-07-08T12:15:00+00:00,241,1865,271.9,5.2,42.27,12.24,DSYA3_L1,28.8,1,,22,1,0,,0,0,HYP-NORMAL,ALM-PANEL-TEMP
2026-07-08T12:30:00+00:00,242,1841,267.4,5.23,42.42,12.37,DSYA4_L1,28.78,1,,22.19,1,0,,0,0,HYP-NORMAL,ALM-PANEL-TEMP
2026-07-08T12:45:00+00:00,243,1818,265.5,5.27,42.56,12.49,DSYA3_L1,28.53,1,,21.77,1,0,,0,0,HYP-NORMAL,ALM-PANEL-TEMP
2026-07-08T13:00:00+00:00,244,1792,261.2,5.31,42.68,12.59,DSYA3_L1,28.32,1,,21.85,1,0,,0,0,HYP-NORMAL,ALM-PANEL-TEMP
2026-07-08T13:15:00+00:00,245,1815,261.6,5.27,42.79,12.69,DSYA3_L1,28.12,1,,21.2,1,0,,0,0,HYP-NORMAL,ALM-PANEL-TEMP
2026-07-08T13:30:00+00:00,246,1819,261.3,5.26,42.88,12.77,DSYA4_L1,28.03,1,,21.64,1,0,,0,0,HYP-NORMAL,ALM-PANEL-TEMP
2026-07-08T13:45:00+00:00,247,1835,265,5.24,42.97,12.84,DSYA4_L1,28.3,1,,21.74,1,0,,0,0,HYP-NORMAL,ALM-PANEL-TEMP
2026-07-08T14:00:00+00:00,248,1855,266.6,5.21,43.03,12.9,DSYA4_L1,28.79,1,,21.9,1,0,,0,0,HYP-NORMAL,ALM-PANEL-TEMP
2026-07-08T14:15:00+00:00,249,1870,266.3,5.18,43.08,12.95,DSYA4_L1,29.17,1,,22.54,1,0,,0,0,HYP-NORMAL,ALM-PANEL-TEMP
2026-07-08T14:30:00+00:00,250,1883,268.2,5.16,43.12,12.98,DSYA4_L1,29.69,1,,23.05,1,0,,0,0,HYP-NORMAL,ALM-PANEL-TEMP
2026-07-08T14:45:00+00:00,251,1921,271.5,5.1,43.15,13,DSYA4_L1,30.04,1,,23.54,1,0,,0,0,HYP-NORMAL,ALM-PANEL-TEMP
2026-07-08T15:00:00+00:00,252,1940,273,5.07,43.15,13.01,DSYA4_L1,30.52,1,,23.7,1,0,,0,0,HYP-NORMAL,ALM-PANEL-TEMP
2026-07-08T15:15:00+00:00,253,1940,272.7,5.07,43.15,13,DSYA4_L1,31.37,1,,24.24,1,0,,0,0,HYP-NORMAL,ALM-PANEL-TEMP
2026-07-08T15:30:00+00:00,254,1944,273.5,5.06,43.12,12.98,DSYA4_L1,31.59,1,,24.69,1,0,,0,0,HYP-NORMAL,ALM-PANEL-TEMP
2026-07-08T15:45:00+00:00,255,1945,273,5.06,43.08,12.95,DSYA4_L1,31.84,1,,24.35,1,0,,0,0,HYP-NORMAL,ALM-PANEL-TEMP
2026-07-08T16:00:00+00:00,256,1941,269.5,5.06,43.03,12.9,DSYA4_L1,32.23,1,,24.91,1,0,,0,0,HYP-NORMAL,ALM-PANEL-TEMP
2026-07-08T16:15:00+00:00,257,1931,267.9,5.07,42.97,12.84,DSYA4_L1,32.04,1,,25.15,1,0,,0,0,HYP-NORMAL,ALM-PANEL-TEMP
2026-07-08T16:30:00+00:00,258,1934,271.7,5.08,42.88,12.77,DSYA4_L1,32.15,1,,25.18,1,0,,0,0,HYP-NORMAL,ALM-PANEL-TEMP
2026-07-08T16:45:00+00:00,259,1921,270.8,5.1,42.79,12.69,DSYA7_L1,32.61,1,,24.66,1,0,,0,0,HYP-NORMAL,ALM-PANEL-TEMP
2026-07-08T17:00:00+00:00,260,1929,273.1,5.09,42.68,12.59,DSYA3_L1,32.44,1,,25.18,1,0,,0,0,HYP-NORMAL,ALM-PANEL-TEMP
2026-07-08T17:15:00+00:00,261,1914,273.5,5.11,42.56,12.49,DSYA4_L1,32.29,1,,25.1,1,0,,0,0,HYP-NORMAL,ALM-PANEL-TEMP
2026-07-08T17:30:00+00:00,262,1882,270.2,5.16,42.42,12.37,DSYA3_L1,32.65,1,,24.81,1,0,,0,0,HYP-NORMAL,ALM-PANEL-TEMP
2026-07-08T17:45:00+00:00,263,1858,265.3,5.2,42.27,12.24,DSYA4_L1,31.89,1,,24.82,1,0,,0,0,HYP-NORMAL,ALM-PANEL-TEMP
2026-07-08T18:00:00+00:00,264,1836,261.7,5.23,42.12,12.11,DSYA3_L1,31.53,1,,24.69,1,0,,0,0,HYP-NORMAL,ALM-PANEL-TEMP
2026-07-08T18:15:00+00:00,265,1812,258.5,5.27,41.95,11.97,DSYA7_L1,31.27,1,,23.94,1,0,,0,0,HYP-NORMAL,ALM-PANEL-TEMP
2026-07-08T18:30:00+00:00,266,1791,255.8,5.3,41.77,11.82,DSYA3_L1,30.78,1,,23.85,1,0,,0,0,HYP-NORMAL,ALM-PANEL-TEMP
2026-07-08T18:45:00+00:00,267,1783,257.7,5.32,41.58,11.66,DSYA3_L1,30.63,1,,22.98,1,0,,0,0,HYP-NORMAL,ALM-PANEL-TEMP
2026-07-08T19:00:00+00:00,268,1760,257.3,5.36,41.38,11.5,DSYA3_L1,30.21,1,,23.28,1,0,,0,0,HYP-NORMAL,ALM-PANEL-TEMP
2026-07-08T19:15:00+00:00,269,1792,260.7,5.31,41.18,11.33,DSYA3_L1,30.14,1,,23.03,1,0,,0,0,HYP-NORMAL,ALM-PANEL-TEMP
2026-07-08T19:30:00+00:00,270,1796,259.5,5.3,40.97,11.16,DSYA4_L1,30.17,1,,23.35,1,0,,0,0,HYP-NORMAL,ALM-PANEL-TEMP
2026-07-08T19:45:00+00:00,271,1803,258.4,5.29,40.75,10.99,DSYA3_L1,30.31,1,,23.49,1,0,,0,0,HYP-NORMAL,ALM-PANEL-TEMP
2026-07-08T20:00:00+00:00,272,1816,258.6,5.26,40.53,10.81,DSYA4_L1,30.14,1,,23.31,1,0,,0,0,HYP-NORMAL,ALM-PANEL-TEMP
2026-07-08T20:15:00+00:00,273,1785,256.3,5.32,40.3,10.64,DSYA4_L1,30.56,1,,23.89,1,0,,0,0,HYP-NORMAL,ALM-PANEL-TEMP
2026-07-08T20:30:00+00:00,274,1746,252.7,5.38,40.08,10.46,DSYA4_L1,30.14,1,,22.84,1,0,,0,0,HYP-NORMAL,ALM-PANEL-TEMP
2026-07-08T20:45:00+00:00,275,1701,246.9,5.45,39.84,10.28,DSYA4_L1,29.41,1,,22.61,1,0,,0,0,HYP-NORMAL,ALM-PANEL-TEMP
2026-07-08T21:00:00+00:00,276,1672,243.4,5.5,39.61,10.11,DSYA4_L1,28.87,1,,22.11,1,0,,0,0,HYP-NORMAL,ALM-PANEL-TEMP
2026-07-08T21:15:00+00:00,277,1602,236.4,5.61,39.38,9.93,DSYA3_L1,28.38,1,,21.65,1,0,,0,0,HYP-NORMAL,
2026-07-08T21:30:00+00:00,278,1543,228.9,5.7,39.15,9.76,DSYA3_L1,27.57,1,,21.08,1,0,,0,0,HYP-NORMAL,
2026-07-08T21:45:00+00:00,279,1475,220.4,5.81,38.92,9.59,DSYA3_L1,26.66,1,,19.8,1,0,,0,0,HYP-NORMAL,
2026-07-08T22:00:00+00:00,280,1415,213.8,5.91,38.7,9.43,DSYA3_L1,25.33,1,,18.96,1,0,,0,0,HYP-NORMAL,
2026-07-08T22:15:00+00:00,281,1313,201.4,6.07,38.48,9.27,DSYA7_L1,24.12,1,,18.17,1,0,,0,0,HYP-NORMAL,
2026-07-08T22:30:00+00:00,282,1223,192,6.22,38.26,9.11,DSYA3_L1,22.86,1,,16.8,1,0,,0,0,HYP-NORMAL,
2026-07-08T22:45:00+00:00,283,1128,180.2,6.38,38.05,8.96,DSYA7_L1,21.31,1,,15.99,1,0,,0,0,HYP-NORMAL,
2026-07-08T23:00:00+00:00,284,1027,167,6.54,37.84,8.82,DSYA3_L1,19.89,1,,14.88,1,0,,0,0,HYP-NORMAL,
2026-07-08T23:15:00+00:00,285,929.5,152.8,6.7,37.65,8.68,DSYA7_L1,18.68,1,,12.93,1,0,,0,0,HYP-NORMAL,
2026-07-08T23:30:00+00:00,286,835.8,140,6.85,37.46,8.55,DSYA3_L1,17.02,1,,12.25,1,0,,0,0,HYP-NORMAL,
2026-07-08T23:45:00+00:00,287,739.3,126.2,7.01,37.28,8.42,DSYA3_L1,15.58,1,,11.23,1,0,,0,0,HYP-NORMAL,
2026-07-09T00:00:00+00:00,288,642.9,110.3,7.16,37.2,8.37,DSYA3_L1,14.33,1,,10.25,1,0,,0,0,HYP-NORMAL,
2026-07-09T00:15:00+00:00,289,630.6,108.5,7.18,37.05,8.26,DSYA3_L1,13.14,1,,9.33,1,0,,0,0,HYP-NORMAL,
2026-07-09T00:30:00+00:00,290,619.3,106.8,7.2,36.9,8.16,DSYA3_L1,12.16,1,,8.91,1,0,,0,0,HYP-NORMAL,
2026-07-09T00:45:00+00:00,291,602.4,104.1,7.23,36.76,8.07,DSYA3_L1,11.16,1,,8.83,1,0,,0,0,HYP-NORMAL,
2026-07-09T01:00:00+00:00,292,584.5,101.2,7.26,36.64,7.99,DSYA3_L1,10.91,1,,8.44,1,0,,0,0,HYP-NORMAL,
2026-07-09T01:15:00+00:00,293,572.9,99.5,7.27,36.53,7.92,DSYA3_L1,10.54,1,,8.08,1,0,,0,0,HYP-NORMAL,
2026-07-09T01:30:00+00:00,294,564.1,98.3,7.29,36.44,7.85,DSYA3_L1,9.7,1,,7.43,1,0,,0,0,HYP-NORMAL,
2026-07-09T01:45:00+00:00,295,549.7,95.9,7.31,36.36,7.8,DSYA7_L1,9.59,1,,7.34,1,0,,0,0,HYP-NORMAL,
2026-07-09T02:00:00+00:00,296,541.3,95.1,7.33,36.29,7.76,DSYA3_L1,9.39,1,,6.94,1,0,,0,0,HYP-NORMAL,
2026-07-09T02:15:00+00:00,297,538.1,94.2,7.33,36.24,7.72,DSYA7_L1,8.8,1,,6.44,1,0,,0,0,HYP-NORMAL,
2026-07-09T02:30:00+00:00,298,531.6,93.3,7.34,36.2,7.7,DSYA4_L1,8.44,1,,6.61,1,0,,0,0,HYP-NORMAL,
2026-07-09T02:45:00+00:00,299,525.4,92.4,7.35,36.18,7.68,DSYA3_L1,7.79,1,,6.07,1,0,,0,0,HYP-NORMAL,
2026-07-09T03:00:00+00:00,300,527.1,92.4,7.35,36.17,7.68,DSYA3_L1,7.74,1,,5.71,1,0,,0,0,HYP-NORMAL,
2026-07-09T03:15:00+00:00,301,527.3,92.1,7.35,36.18,7.68,DSYA3_L1,7.42,1,,5.92,1,0,,0,0,HYP-NORMAL,
2026-07-09T03:30:00+00:00,302,528,92.5,7.35,36.2,7.7,DSYA4_L1,7.05,1,,5.64,1,0,,0,0,HYP-NORMAL,
2026-07-09T03:45:00+00:00,303,526.2,92,7.35,36.24,7.72,DSYA4_L1,6.93,1,3,5.25,1,0,,0,20,HYP-LOOSE-CONN,ALM-TTL-14D
2026-07-09T04:00:00+00:00,304,526.9,92.5,7.35,36.29,7.76,DSYA4_L1,6.86,1,3,5.47,1,0,,0,20,HYP-LOOSE-CONN,ALM-TTL-14D
2026-07-09T04:15:00+00:00,305,537.3,93.9,7.33,36.36,7.8,DSYA4_L1,6.66,1,3,5.32,1,0,,0,20,HYP-LOOSE-CONN,ALM-TTL-14D
2026-07-09T04:30:00+00:00,306,551.2,96.2,7.31,36.44,7.85,DSYA4_L1,6.4,1,3,5.08,1,0,,0,20,HYP-LOOSE-CONN,ALM-TTL-14D
2026-07-09T04:45:00+00:00,307,562.9,98.4,7.29,36.53,7.92,DSYA3_L1,6.4,1,2,5.13,1,0,,0,20,HYP-LOOSE-CONN,ALM-TTL-14D
2026-07-09T05:00:00+00:00,308,574.1,100.5,7.27,36.64,7.99,DSYA4_L1,6.52,1,2,4.56,1,0,,0,20,HYP-LOOSE-CONN,ALM-TTL-14D
2026-07-09T05:15:00+00:00,309,618.2,107.3,7.2,36.76,8.07,DSYA7_L1,6.1,1,2,4.5,1,0,,0,20,HYP-LOOSE-CONN,ALM-TTL-14D
2026-07-09T05:30:00+00:00,310,661.3,114.5,7.13,36.9,8.16,DSYA3_L1,6,1,2,4.66,1,0,,0,20,HYP-LOOSE-CONN,ALM-TTL-14D
2026-07-09T05:45:00+00:00,311,708.3,121.9,7.06,37.05,8.26,DSYA4_L1,6.11,1,2,4.85,1,0,,0,20,HYP-LOOSE-CONN,ALM-TTL-14D
2026-07-09T06:00:00+00:00,312,746.3,127.6,7,37.2,8.37,DSYA4_L1,6.54,1,2,5.01,1,0,,0,20,HYP-LOOSE-CONN,ALM-TTL-14D
2026-07-09T06:15:00+00:00,313,874.2,146.2,6.79,37.37,8.49,DSYA4_L1,6.66,1,2,5.33,1,0,,0,20,HYP-LOOSE-CONN,ALM-TTL-14D
2026-07-09T06:30:00+00:00,314,1001,163.5,6.58,37.55,8.61,DSYA4_L1,7.52,1,3,6.11,1,0,,0,20,HYP-LOOSE-CONN,ALM-TTL-14D
2026-07-09T06:45:00+00:00,315,1129,181.9,6.38,37.74,8.74,DSYA4_L1,8.74,1,266,7.06,1,0,,0,20,HYP-LOOSE-CONN,ALM-TTL-14D
2026-07-09T07:00:00+00:00,316,1246,198,6.19,37.94,8.88,DSYA4_L1,9.53,1,436,8.13,1,0,,0,0,HYP-NORMAL,
2026-07-09T07:15:00+00:00,317,1374,213,5.98,38.14,9.02,DSYA4_L1,11.47,1,484,9.03,1,0,,0,0,HYP-NORMAL,
2026-07-09T07:30:00+00:00,318,1510,228.5,5.76,38.35,9.18,DSYA4_L1,13.25,1,532,10.57,1,0,,0,0,HYP-NORMAL,
2026-07-09T07:45:00+00:00,319,1634,242.3,5.56,38.57,9.33,DSYA4_L1,15.76,1,512,12.03,1,0,,0,0,HYP-NORMAL,
2026-07-09T08:00:00+00:00,320,1769,255.6,5.34,38.79,9.49,DSYA4_L1,18.27,1,511,13.91,1,0,,0,0,HYP-NORMAL,ALM-PANEL-TEMP
2026-07-09T08:15:00+00:00,321,1817,262.1,5.27,39.01,9.66,DSYA4_L1,20.82,1,483,15.85,1,0,,0,0,HYP-NORMAL,ALM-PANEL-TEMP
2026-07-09T08:30:00+00:00,322,1842,262.7,5.22,39.24,9.83,DSYA4_L1,22.19,1,531,17.14,1,0,,0,0,HYP-NORMAL,ALM-PANEL-TEMP
2026-07-09T08:45:00+00:00,323,1871,263.2,5.17,39.47,10,DSYA4_L1,23.27,1,626,18.31,1,0,,0,0,HYP-NORMAL,ALM-PANEL-TEMP
2026-07-09T09:00:00+00:00,324,1922,268.3,5.09,39.7,10.17,DSYA4_L1,24.27,1,768,18.63,1,0,,0,0,HYP-NORMAL,ALM-PANEL-TEMP
2026-07-09T09:15:00+00:00,325,1922,268.7,5.09,39.93,10.35,DSYA4_L1,25.54,1,768,20.28,1,0,,0,0,HYP-NORMAL,ALM-PANEL-TEMP
2026-07-09T09:30:00+00:00,326,1905,269.1,5.12,40.16,10.53,DSYA4_L1,26.81,1,768,20.39,1,0,,0,0,HYP-NORMAL,ALM-PANEL-TEMP
2026-07-09T09:45:00+00:00,327,1900,269.8,5.13,40.39,10.71,DSYA4_L1,26.45,1,1104,20.24,1,0,,0,0,HYP-NORMAL,ALM-PANEL-TEMP
2026-07-09T10:00:00+00:00,328,1900,269.4,5.13,40.62,10.88,DSYA4_L1,26.75,1,1441,20.56,1,0,,0,0,HYP-NORMAL,ALM-PANEL-TEMP
2026-07-09T10:15:00+00:00,329,1920,274.7,5.1,40.84,11.06,DSYA7_L1,26.84,1,1945,20.97,1,0,,0,0,HYP-NORMAL,ALM-PANEL-TEMP
2026-07-09T10:30:00+00:00,330,1932,277.7,5.09,41.06,11.23,DSYA4_L1,27.41,1,,21.27,1,0,,0,0,HYP-NORMAL,ALM-PANEL-TEMP
2026-07-09T10:45:00+00:00,331,1937,277.6,5.08,41.27,11.41,DSYA4_L1,28.25,1,,21.49,1,0,,0,0,HYP-NORMAL,ALM-PANEL-TEMP
2026-07-09T11:00:00+00:00,332,1954,278.7,5.05,41.47,11.57,DSYA4_L1,28.72,1,,22.05,1,0,,0,0,HYP-NORMAL,ALM-PANEL-TEMP
2026-07-09T11:15:00+00:00,333,1938,276.3,5.08,41.67,11.73,DSYA4_L1,29.52,1,,22.48,1,0,,0,0,HYP-NORMAL,ALM-PANEL-TEMP
2026-07-09T11:30:00+00:00,334,1934,277.6,5.09,41.86,11.89,DSYA3_L1,29.34,1,,22.96,1,0,,0,0,HYP-NORMAL,ALM-PANEL-TEMP
2026-07-09T11:45:00+00:00,335,1946,280.9,5.07,42.03,12.04,DSYA4_L1,29.94,1,,22.68,1,0,,0,0,HYP-NORMAL,ALM-PANEL-TEMP
2026-07-09T12:00:00+00:00,336,1942,278.1,5.07,42.2,12.18,DSYA4_L1,30.16,1,,23.29,1,0,,0,0,HYP-NORMAL,ALM-PANEL-TEMP
2026-07-09T12:15:00+00:00,337,1915,278.4,5.12,42.36,12.32,DSYA4_L1,29.99,1,,22.88,1,0,,0,0,HYP-NORMAL,ALM-PANEL-TEMP
2026-07-09T12:30:00+00:00,338,1890,276.1,5.16,42.51,12.45,DSYA3_L1,30.06,1,,23.07,1,0,,0,0,HYP-NORMAL,ALM-PANEL-TEMP
2026-07-09T12:45:00+00:00,339,1853,270.8,5.22,42.64,12.56,DSYA4_L1,30.16,1,,23.03,1,0,,0,0,HYP-NORMAL,ALM-PANEL-TEMP
2026-07-09T13:00:00+00:00,340,1827,267.9,5.26,42.77,12.67,DSYA7_L1,29.51,1,,22.42,1,0,,0,0,HYP-NORMAL,ALM-PANEL-TEMP
2026-07-09T13:15:00+00:00,341,1840,267.7,5.24,42.87,12.76,DSYA7_L1,29.34,1,,22.18,1,0,,0,0,HYP-NORMAL,ALM-PANEL-TEMP
2026-07-09T13:30:00+00:00,342,1869,270.4,5.19,42.97,12.85,DSYA4_L1,29.48,1,,22.41,1,0,,0,0,HYP-NORMAL,ALM-PANEL-TEMP
2026-07-09T13:45:00+00:00,343,1878,269.5,5.17,43.05,12.92,DSYA3_L1,29.39,1,,22.75,1,0,,0,0,HYP-NORMAL,ALM-PANEL-TEMP
2026-07-09T14:00:00+00:00,344,1902,274.6,5.14,43.12,12.98,DSYA4_L1,29.87,1,,23.1,1,0,,0,0,HYP-NORMAL,ALM-PANEL-TEMP
2026-07-09T14:15:00+00:00,345,1931,277.5,5.09,43.17,13.03,DSYA4_L1,30.91,1,,23.41,1,0,,0,0,HYP-NORMAL,ALM-PANEL-TEMP
2026-07-09T14:30:00+00:00,346,1946,279.1,5.07,43.21,13.06,DSYA4_L1,31.37,1,,23.99,1,0,,0,0,HYP-NORMAL,ALM-PANEL-TEMP
2026-07-09T14:45:00+00:00,347,1970,284.1,5.03,43.23,13.08,DSYA4_L1,31.91,1,,24.03,1,0,,0,0,HYP-NORMAL,ALM-PANEL-TEMP
2026-07-09T15:00:00+00:00,348,1992,288,5,43.24,13.09,DSYA4_L1,32.16,1,,25.17,1,0,,0,0,HYP-NORMAL,ALM-PANEL-TEMP
2026-07-09T15:15:00+00:00,349,1976,286,5.02,43.23,13.08,DSYA4_L1,33.13,1,,25.2,1,0,,0,0,HYP-NORMAL,ALM-PANEL-TEMP
2026-07-09T15:30:00+00:00,350,1968,282.3,5.03,43.21,13.06,DSYA4_L1,33.43,1,,25.32,1,0,,0,0,HYP-NORMAL,ALM-PANEL-TEMP
2026-07-09T15:45:00+00:00,351,1981,285.1,5.01,43.17,13.03,DSYA4_L1,33.13,1,,25.49,1,0,,0,0,HYP-NORMAL,ALM-PANEL-TEMP
2026-07-09T16:00:00+00:00,352,1970,284.5,5.03,43.12,12.98,DSYA4_L1,33.97,1,,25.78,1,0,,0,0,HYP-NORMAL,ALM-PANEL-TEMP
2026-07-09T16:15:00+00:00,353,1960,283.1,5.05,43.05,12.92,DSYA4_L1,33.29,1,,25.39,1,0,,0,0,HYP-NORMAL,ALM-PANEL-TEMP
2026-07-09T16:30:00+00:00,354,1946,282.3,5.07,42.97,12.85,DSYA3_L1,33.56,1,,25.71,1,0,,0,0,HYP-NORMAL,ALM-PANEL-TEMP
2026-07-09T16:45:00+00:00,355,1945,282.6,5.07,42.87,12.76,DSYA3_L1,33.35,1,,25.38,1,0,,0,0,HYP-NORMAL,ALM-PANEL-TEMP
2026-07-09T17:00:00+00:00,356,1938,283.1,5.09,42.77,12.67,DSYA4_L1,33.28,1,,25.69,1,0,,0,0,HYP-NORMAL,ALM-PANEL-TEMP
2026-07-09T17:15:00+00:00,357,1918,280.5,5.12,42.64,12.56,DSYA4_L1,33.16,1,,25.08,1,0,,0,0,HYP-NORMAL,ALM-PANEL-TEMP
2026-07-09T17:30:00+00:00,358,1897,280.3,5.15,42.51,12.45,DSYA7_L1,32.82,1,,25.11,1,0,,0,0,HYP-NORMAL,ALM-PANEL-TEMP
2026-07-09T17:45:00+00:00,359,1871,278.5,5.2,42.36,12.32,DSYA3_L1,32.86,1,,24.87,1,0,,0,0,HYP-NORMAL,ALM-PANEL-TEMP
2026-07-09T18:00:00+00:00,360,1845,274.3,5.24,42.2,12.18,DSYA3_L1,32.62,1,,25.05,1,0,,0,0,HYP-NORMAL,ALM-PANEL-TEMP
2026-07-09T18:15:00+00:00,361,1829,272.8,5.26,42.03,12.04,DSYA7_L1,31.84,1,,23.73,1,0,,0,0,HYP-NORMAL,ALM-PANEL-TEMP
2026-07-09T18:30:00+00:00,362,1804,270.3,5.3,41.86,11.89,DSYA3_L1,31.81,1,,23.97,1,0,,0,0,HYP-NORMAL,ALM-PANEL-TEMP
2026-07-09T18:45:00+00:00,363,1779,265.3,5.34,41.67,11.73,DSYA3_L1,31.25,1,,23.83,1,0,,0,0,HYP-NORMAL,ALM-PANEL-TEMP
2026-07-09T19:00:00+00:00,364,1749,262.4,5.39,41.47,11.57,DSYA3_L1,30.79,1,,23.54,1,0,,0,0,HYP-NORMAL,ALM-PANEL-TEMP
2026-07-09T19:15:00+00:00,365,1768,263,5.36,41.27,11.41,DSYA7_L1,30.44,1,,22.72,1,0,,0,0,HYP-NORMAL,ALM-PANEL-TEMP
2026-07-09T19:30:00+00:00,366,1787,264.2,5.32,41.06,11.23,DSYA3_L1,30.14,1,,22.85,1,0,,0,0,HYP-NORMAL,ALM-PANEL-TEMP
2026-07-09T19:45:00+00:00,367,1789,264.6,5.32,40.84,11.06,DSYA4_L1,30.11,1,,23.5,1,0,,0,0,HYP-NORMAL,ALM-PANEL-TEMP
2026-07-09T20:00:00+00:00,368,1815,268.9,5.28,40.62,10.88,DSYA3_L1,30.42,1,,23.16,1,0,,0,0,HYP-NORMAL,ALM-PANEL-TEMP
2026-07-09T20:15:00+00:00,369,1804,268.5,5.3,40.39,10.71,DSYA4_L1,30.6,1,,23.39,1,0,,0,0,HYP-NORMAL,ALM-PANEL-TEMP
2026-07-09T20:30:00+00:00,370,1780,267.4,5.34,40.16,10.53,DSYA4_L1,30.82,1,,23.25,1,0,,0,0,HYP-NORMAL,ALM-PANEL-TEMP
2026-07-09T20:45:00+00:00,371,1751,262.6,5.39,39.93,10.35,DSYA3_L1,30.36,1,,23.04,1,0,,0,0,HYP-NORMAL,ALM-PANEL-TEMP
2026-07-09T21:00:00+00:00,372,1728,260.3,5.42,39.7,10.17,DSYA3_L1,30.13,1,,22.79,1,0,,0,0,HYP-NORMAL,ALM-PANEL-TEMP
2026-07-09T21:15:00+00:00,373,1658,253,5.54,39.47,10,DSYA3_L1,29.69,1,,22.25,1,0,,0,0,HYP-NORMAL,
2026-07-09T21:30:00+00:00,374,1600,245.9,5.63,39.24,9.83,DSYA3_L1,28.85,1,,21.43,1,0,,0,0,HYP-NORMAL,
2026-07-09T21:45:00+00:00,375,1549,240.9,5.71,39.01,9.66,DSYA3_L1,27.42,1,,20.86,1,0,,0,0,HYP-NORMAL,
2026-07-09T22:00:00+00:00,376,1484,232.1,5.82,38.79,9.49,DSYA3_L1,26.57,1,,19.68,1,0,,0,0,HYP-NORMAL,
2026-07-09T22:15:00+00:00,377,1377,219.6,5.99,38.57,9.33,DSYA7_L1,25.49,1,,18.8,1,0,,0,0,HYP-NORMAL,
2026-07-09T22:30:00+00:00,378,1270,205.8,6.16,38.35,9.18,DSYA3_L1,24.15,1,,17.7,1,0,,0,0,HYP-NORMAL,
2026-07-09T22:45:00+00:00,379,1166,192.8,6.33,38.14,9.02,DSYA7_L1,22.65,1,,16.09,1,0,,0,0,HYP-NORMAL,
2026-07-09T23:00:00+00:00,380,1061,179.3,6.5,37.94,8.88,DSYA3_L1,21.06,1,,14.89,1,0,,0,0,HYP-NORMAL,
2026-07-09T23:15:00+00:00,381,960.9,164.2,6.66,37.74,8.74,DSYA3_L1,19.28,1,,13.64,1,0,,0,0,HYP-NORMAL,
2026-07-09T23:30:00+00:00,382,868.4,149.5,6.81,37.55,8.61,DSYA3_L1,18.18,1,,12.73,1,0,,0,0,HYP-NORMAL,
2026-07-09T23:45:00+00:00,383,767.8,134.2,6.97,37.37,8.49,DSYA3_L1,16.18,1,,11.79,1,0,,0,0,HYP-NORMAL,
2026-07-10T00:00:00+00:00,384,667.6,117.6,7.13,37.29,8.43,DSYA3_L1,14.97,1,,10.73,1,0,,0,0,HYP-NORMAL,
2026-07-10T00:15:00+00:00,385,652.4,114.8,7.15,37.13,8.32,DSYA3_L1,13.72,1,,9.9,1,0,,0,0,HYP-NORMAL,
2026-07-10T00:30:00+00:00,386,637.9,112.4,7.18,36.99,8.22,DSYA7_L1,12.85,1,,9.17,1,0,,0,0,HYP-NORMAL,
2026-07-10T00:45:00+00:00,387,620.7,109.3,7.2,36.85,8.13,DSYA3_L1,11.95,1,,8.62,1,0,,0,0,HYP-NORMAL,
2026-07-10T01:00:00+00:00,388,609.3,107.9,7.22,36.73,8.05,DSYA3_L1,11.07,1,7,8.3,1,0,,0,20,HYP-LOOSE-CONN,ALM-TTL-14D
2026-07-10T01:15:00+00:00,389,597.9,106.2,7.24,36.62,7.98,DSYA3_L1,10.77,1,6,8.11,1,0,,0,20,HYP-LOOSE-CONN,ALM-TTL-14D
2026-07-10T01:30:00+00:00,390,586.4,104.6,7.26,36.53,7.91,DSYA7_L1,10.17,1,6,7.79,1,0,,0,20,HYP-LOOSE-CONN,ALM-TTL-14D
2026-07-10T01:45:00+00:00,391,574.1,103.1,7.28,36.44,7.86,DSYA4_L1,9.87,1,5,7.72,1,0,,0,20,HYP-LOOSE-CONN,ALM-TTL-14D
2026-07-10T02:00:00+00:00,392,566.5,101.6,7.29,36.38,7.82,DSYA7_L1,9.4,1,5,7.03,1,0,,0,20,HYP-LOOSE-CONN,ALM-TTL-14D
2026-07-10T02:15:00+00:00,393,564,101,7.3,36.32,7.78,DSYA4_L1,9.2,1,5,6.79,1,0,,0,20,HYP-LOOSE-CONN,ALM-TTL-14D
2026-07-10T02:30:00+00:00,394,561.9,100.9,7.3,36.29,7.76,DSYA7_L1,8.93,1,5,6.3,1,0,,0,20,HYP-LOOSE-CONN,ALM-TTL-14D
2026-07-10T02:45:00+00:00,395,560.2,100.3,7.3,36.26,7.74,DSYA4_L1,8.63,1,4,6.48,1,0,,0,20,HYP-LOOSE-CONN,ALM-TTL-14D
2026-07-10T03:00:00+00:00,396,556.1,99.3,7.31,36.26,7.74,DSYA4_L1,8.2,1,4,5.9,1,0,,0,20,HYP-LOOSE-CONN,ALM-TTL-14D
2026-07-10T03:15:00+00:00,397,556.6,99.8,7.31,36.26,7.74,DSYA7_L1,8.07,1,4,6.31,1,0,,0,20,HYP-LOOSE-CONN,ALM-TTL-14D
2026-07-10T03:30:00+00:00,398,559.8,100.9,7.3,36.29,7.76,DSYA4_L1,7.65,1,3,5.59,1,0,,0,20,HYP-LOOSE-CONN,ALM-TTL-14D
2026-07-10T03:45:00+00:00,399,557.9,100.2,7.31,36.32,7.78,DSYA3_L1,7.49,1,3,5.61,1,0,,0,20,HYP-LOOSE-CONN,ALM-TTL-14D
2026-07-10T04:00:00+00:00,400,556.8,99.7,7.31,36.38,7.82,DSYA4_L1,7.21,1,3,5.66,1,0,,0,20,HYP-LOOSE-CONN,ALM-TTL-14D
2026-07-10T04:15:00+00:00,401,567.2,101.2,7.29,36.44,7.86,DSYA3_L1,7.06,1,3,5.26,1,0,,0,20,HYP-LOOSE-CONN,ALM-TTL-14D
2026-07-10T04:30:00+00:00,402,578.4,103.1,7.27,36.53,7.91,DSYA3_L1,6.78,1,3,5.45,1,0,,0,20,HYP-LOOSE-CONN,ALM-TTL-14D
2026-07-10T04:45:00+00:00,403,588.6,105,7.26,36.62,7.98,DSYA4_L1,6.91,1,2,4.83,1,0,,0,20,HYP-LOOSE-CONN,ALM-TTL-14D
2026-07-10T05:00:00+00:00,404,604.2,107.1,7.23,36.73,8.05,DSYA7_L1,6.62,1,2,4.81,1,0,,0,20,HYP-LOOSE-CONN,ALM-TTL-14D
2026-07-10T05:15:00+00:00,405,649.5,115.4,7.16,36.85,8.13,DSYA4_L1,6.51,1,2,4.76,1,0,,0,20,HYP-LOOSE-CONN,ALM-TTL-14D
2026-07-10T05:30:00+00:00,406,695,123,7.09,36.99,8.22,DSYA4_L1,6.72,1,2,5.14,1,0,,0,20,HYP-LOOSE-CONN,ALM-TTL-14D
2026-07-10T05:45:00+00:00,407,735.8,129.1,7.02,37.13,8.32,DSYA4_L1,6.89,1,2,5.26,1,0,,0,20,HYP-LOOSE-CONN,ALM-TTL-14D
2026-07-10T06:00:00+00:00,408,782,136.3,6.95,37.29,8.43,DSYA4_L1,6.93,1,2,5.53,1,0,,0,20,HYP-LOOSE-CONN,ALM-TTL-14D
2026-07-10T06:15:00+00:00,409,911.8,155.4,6.74,37.46,8.55,DSYA4_L1,7.22,1,2,5.43,1,0,,0,20,HYP-LOOSE-CONN,ALM-TTL-14D
2026-07-10T06:30:00+00:00,410,1050,176.7,6.52,37.64,8.67,DSYA4_L1,7.91,1,3,6.17,1,0,,0,20,HYP-LOOSE-CONN,ALM-TTL-14D
2026-07-10T06:45:00+00:00,411,1180,195.1,6.31,37.83,8.8,DSYA4_L1,9.65,1,153,7.15,1,0,,0,20,HYP-LOOSE-CONN,ALM-TTL-14D
2026-07-10T07:00:00+00:00,412,1315,213.4,6.09,38.02,8.94,DSYA4_L1,11.08,1,292,7.9,1,0,,0,20,HYP-LOOSE-CONN,ALM-TTL-14D
2026-07-10T07:15:00+00:00,413,1449,230.3,5.88,38.23,9.09,DSYA4_L1,12.46,1,412,9.47,1,0,,0,0,HYP-NORMAL,
2026-07-10T07:30:00+00:00,414,1579,245.6,5.67,38.44,9.24,DSYA4_L1,15.19,1,412,11.31,1,0,,0,0,HYP-NORMAL,
2026-07-10T07:45:00+00:00,415,1714,260.5,5.45,38.65,9.39,DSYA4_L1,16.99,1,483,13.04,1,0,,0,0,HYP-NORMAL,
2026-07-10T08:00:00+00:00,416,1853,276.4,5.23,38.87,9.56,DSYA4_L1,19.74,1,483,14.66,1,0,,0,0,HYP-NORMAL,ALM-PANEL-TEMP
2026-07-10T08:15:00+00:00,417,1894,278.8,5.16,39.1,9.72,DSYA4_L1,22.58,1,457,16.92,1,0,,0,0,HYP-NORMAL,ALM-PANEL-TEMP
2026-07-10T08:30:00+00:00,418,1939,283.4,5.09,39.33,9.89,DSYA4_L1,24.4,1,483,18.28,1,0,,0,0,HYP-NORMAL,ALM-PANEL-TEMP
2026-07-10T08:45:00+00:00,419,1974,287.2,5.03,39.56,10.06,DSYA4_L1,25.3,1,583,19.48,1,0,,0,0,HYP-NORMAL,ALM-PANEL-TEMP
2026-07-10T09:00:00+00:00,420,2026,296.7,4.95,39.79,10.24,DSYA4_L1,27.33,1,582,20.23,1,0,,0,0,HYP-NORMAL,ALM-PANEL-TEMP
2026-07-10T09:15:00+00:00,421,2003,291.3,4.99,40.02,10.42,DSYA4_L1,28.35,1,654,21.25,1,0,,0,0,HYP-NORMAL,ALM-PANEL-TEMP
2026-07-10T09:30:00+00:00,422,1988,290.9,5.01,40.25,10.6,DSYA4_L1,28.73,1,818,21.78,1,0,,0,0,HYP-NORMAL,ALM-PANEL-TEMP
2026-07-10T09:45:00+00:00,423,1978,290.2,5.03,40.48,10.77,DSYA4_L1,29.08,1,1322,21.79,1,0,,0,0,HYP-NORMAL,ALM-PANEL-TEMP
2026-07-10T10:00:00+00:00,424,1972,289.4,5.04,40.7,10.95,DSYA4_L1,29.08,1,1345,21.91,1,0,,0,0,HYP-NORMAL,ALM-PANEL-TEMP
2026-07-10T10:15:00+00:00,425,1973,288.3,5.03,40.92,11.13,DSYA4_L1,29.32,1,2089,22.18,1,0,,0,0,HYP-NORMAL,ALM-PANEL-TEMP
2026-07-10T10:30:00+00:00,426,1978,288.5,5.02,41.14,11.3,DSYA4_L1,29.79,1,,22.31,1,0,,0,0,HYP-NORMAL,ALM-PANEL-TEMP
2026-07-10T10:45:00+00:00,427,1993,295.2,5.01,41.35,11.47,DSYA4_L1,29.89,1,,22.8,1,0,,0,0,HYP-NORMAL,ALM-PANEL-TEMP
2026-07-10T11:00:00+00:00,428,2011,300.8,4.98,41.55,11.64,DSYA4_L1,30.54,1,,23.3,1,0,,0,0,HYP-NORMAL,ALM-PANEL-TEMP
2026-07-10T11:15:00+00:00,429,1994,298.6,5.01,41.75,11.8,DSYA3_L1,30.68,1,,23.51,1,0,,0,0,HYP-NORMAL,ALM-PANEL-TEMP
2026-07-10T11:30:00+00:00,430,1987,299.1,5.02,41.94,11.96,DSYA7_L1,31.04,1,,23.32,1,0,,0,0,HYP-NORMAL,ALM-PANEL-TEMP
2026-07-10T11:45:00+00:00,431,1980,298.3,5.04,42.12,12.11,DSYA4_L1,31.32,1,,23.57,1,0,,0,0,HYP-NORMAL,ALM-PANEL-TEMP
2026-07-10T12:00:00+00:00,432,1988,298.2,5.02,42.29,12.25,DSYA3_L1,31.37,1,,23.85,1,0,,0,0,HYP-NORMAL,ALM-PANEL-TEMP
2026-07-10T12:15:00+00:00,433,1958,294.3,5.07,42.44,12.39,DSYA4_L1,32.02,1,,23.77,1,0,,0,0,HYP-NORMAL,ALM-PANEL-TEMP
2026-07-10T12:30:00+00:00,434,1922,289.7,5.13,42.59,12.52,DSYA3_L1,31.64,1,,23.73,1,0,,0,0,HYP-NORMAL,ALM-PANEL-TEMP
2026-07-10T12:45:00+00:00,435,1883,285.8,5.19,42.73,12.63,DSYA3_L1,31.54,1,,23.37,1,0,,0,0,HYP-NORMAL,ALM-PANEL-TEMP
2026-07-10T13:00:00+00:00,436,1854,281.4,5.23,42.85,12.74,DSYA4_L1,31.09,1,,23.09,1,0,,0,0,HYP-NORMAL,ALM-PANEL-TEMP
2026-07-10T13:15:00+00:00,437,1871,284.6,5.21,42.96,12.84,DSYA7_L1,30.28,1,,22.64,1,0,,0,0,HYP-NORMAL,ALM-PANEL-TEMP
2026-07-10T13:30:00+00:00,438,1878,287.8,5.2,43.05,12.92,DSYA3_L1,30.49,1,,22.51,1,0,,0,0,HYP-NORMAL,ALM-PANEL-TEMP
2026-07-10T13:45:00+00:00,439,1888,290.7,5.19,43.13,12.99,DSYA4_L1,30.54,1,,22.91,1,0,,0,0,HYP-NORMAL,ALM-PANEL-TEMP
2026-07-10T14:00:00+00:00,440,1890,289.8,5.18,43.2,13.05,DSYA4_L1,31,1,,23.37,1,0,,0,0,HYP-NORMAL,ALM-PANEL-TEMP
2026-07-10T14:15:00+00:00,441,1920,296.5,5.14,43.25,13.1,DSYA4_L1,30.74,1,,23.34,1,0,,0,0,HYP-NORMAL,ALM-PANEL-TEMP
2026-07-10T14:30:00+00:00,442,1943,299.1,5.1,43.29,13.13,DSYA4_L1,31.87,1,,23.42,1,0,,0,0,HYP-NORMAL,ALM-PANEL-TEMP
2026-07-10T14:45:00+00:00,443,1965,299.9,5.06,43.31,13.15,DSYA4_L1,32.39,1,,23.78,1,0,,0,0,HYP-NORMAL,ALM-PANEL-TEMP
2026-07-10T15:00:00+00:00,444,1983,299.3,5.03,43.32,13.16,DSYA4_L1,33.26,1,,24.18,1,0,,0,0,HYP-NORMAL,ALM-PANEL-TEMP
2026-07-10T15:15:00+00:00,445,1988,300.8,5.03,43.31,13.15,DSYA4_L1,33.59,1,,25.11,1,0,,0,0,HYP-NORMAL,ALM-PANEL-TEMP
2026-07-10T15:30:00+00:00,446,1997,301.3,5.01,43.29,13.13,DSYA4_L1,33.47,1,,25.5,1,0,,0,0,HYP-NORMAL,ALM-PANEL-TEMP
2026-07-10T15:45:00+00:00,447,1989,298.1,5.02,43.25,13.1,DSYA4_L1,34.09,1,,25.51,1,0,,0,0,HYP-NORMAL,ALM-PANEL-TEMP
2026-07-10T16:00:00+00:00,448,1974,295.4,5.04,43.2,13.05,DSYA4_L1,34.17,1,,25.86,1,0,,0,0,HYP-NORMAL,ALM-PANEL-TEMP
2026-07-10T16:15:00+00:00,449,1970,295.3,5.05,43.13,12.99,DSYA4_L1,34.16,1,,25.36,1,0,,0,0,HYP-NORMAL,ALM-PANEL-TEMP
2026-07-10T16:30:00+00:00,450,1979,297.1,5.04,43.05,12.92,DSYA4_L1,34.02,1,,25.31,1,0,,0,0,HYP-NORMAL,ALM-PANEL-TEMP
2026-07-10T16:45:00+00:00,451,1977,297.8,5.04,42.96,12.84,DSYA4_L1,34.26,1,,25.77,1,0,,0,0,HYP-NORMAL,ALM-PANEL-TEMP
2026-07-10T17:00:00+00:00,452,1982,301.5,5.04,42.85,12.74,DSYA4_L1,34.38,1,,25.79,1,0,,0,0,HYP-NORMAL,ALM-PANEL-TEMP
2026-07-10T17:15:00+00:00,453,1947,297.8,5.09,42.73,12.63,DSYA7_L1,34.24,1,,25.93,1,0,,0,0,HYP-NORMAL,ALM-PANEL-TEMP
2026-07-10T17:30:00+00:00,454,1922,292.5,5.13,42.59,12.52,DSYA7_L1,34.15,1,,25.52,1,0,,0,0,HYP-NORMAL,ALM-PANEL-TEMP
2026-07-10T17:45:00+00:00,455,1894,287.9,5.17,42.44,12.39,DSYA4_L1,33.72,1,,25.11,1,0,,0,0,HYP-NORMAL,ALM-PANEL-TEMP
2026-07-10T18:00:00+00:00,456,1855,286.3,5.24,42.29,12.25,DSYA7_L1,33.32,1,,24.75,1,0,,0,0,HYP-NORMAL,ALM-PANEL-TEMP
2026-07-10T18:15:00+00:00,457,1834,284.3,5.27,42.12,12.11,DSYA3_L1,32.92,1,,24.22,1,0,,0,0,HYP-NORMAL,ALM-PANEL-TEMP
2026-07-10T18:30:00+00:00,458,1816,282.5,5.3,41.94,11.96,DSYA3_L1,32.24,1,,24.06,1,0,,0,0,HYP-NORMAL,ALM-PANEL-TEMP
2026-07-10T18:45:00+00:00,459,1770,277.3,5.38,41.75,11.8,DSYA3_L1,31.75,1,,23.35,1,0,,0,0,HYP-NORMAL,ALM-PANEL-TEMP
2026-07-10T19:00:00+00:00,460,1759,274.9,5.39,41.55,11.64,DSYA3_L1,31.06,1,,22.68,1,0,,0,0,HYP-NORMAL,ALM-PANEL-TEMP
2026-07-10T19:15:00+00:00,461,1764,273.8,5.38,41.35,11.47,DSYA7_L1,30.77,1,,23.03,1,0,,0,0,HYP-NORMAL,ALM-PANEL-TEMP
2026-07-10T19:30:00+00:00,462,1778,275.9,5.36,41.14,11.3,DSYA3_L1,30.46,1,,22.91,1,0,,0,0,HYP-NORMAL,ALM-PANEL-TEMP
2026-07-10T19:45:00+00:00,463,1774,275.2,5.37,40.92,11.13,DSYA3_L1,30.6,1,,22.33,1,0,,0,0,HYP-NORMAL,ALM-PANEL-TEMP
2026-07-10T20:00:00+00:00,464,1788,278.4,5.35,40.7,10.95,DSYA4_L1,30.36,1,,22.59,1,0,,0,0,HYP-NORMAL,ALM-PANEL-TEMP
2026-07-10T20:15:00+00:00,465,1760,274.8,5.39,40.48,10.77,DSYA4_L1,30.39,1,,22.81,1,0,,0,0,HYP-NORMAL,ALM-PANEL-TEMP
2026-07-10T20:30:00+00:00,466,1727,268.1,5.44,40.25,10.6,DSYA4_L1,30.07,1,,22.3,1,0,,0,0,HYP-NORMAL,ALM-PANEL-TEMP
2026-07-10T20:45:00+00:00,467,1702,262.2,5.47,40.02,10.42,DSYA7_L1,29.72,1,,22.19,1,0,,0,0,HYP-NORMAL,ALM-PANEL-TEMP
2026-07-10T21:00:00+00:00,468,1674,258.2,5.52,39.79,10.24,DSYA3_L1,29.38,1,,21.67,1,0,,0,0,HYP-NORMAL,ALM-PANEL-TEMP
2026-07-10T21:15:00+00:00,469,1610,250,5.62,39.56,10.06,DSYA3_L1,28.48,1,,21.6,1,0,,0,0,HYP-NORMAL,
2026-07-10T21:30:00+00:00,470,1558,244.3,5.7,39.33,9.89,DSYA3_L1,27.7,1,,20.82,1,0,,0,0,HYP-NORMAL,
2026-07-10T21:45:00+00:00,471,1503,235.8,5.79,39.1,9.72,DSYA3_L1,26.9,1,,19.81,1,0,,0,0,HYP-NORMAL,
2026-07-10T22:00:00+00:00,472,1434,228,5.9,38.87,9.56,DSYA7_L1,25.79,1,,19.03,1,0,,0,0,HYP-NORMAL,
2026-07-10T22:15:00+00:00,473,1331,214.2,6.06,38.65,9.39,DSYA3_L1,24.58,1,,17.94,1,0,,0,0,HYP-NORMAL,
2026-07-10T22:30:00+00:00,474,1234,201.8,6.22,38.44,9.24,DSYA7_L1,23.32,1,,16.52,1,0,,0,0,HYP-NORMAL,
2026-07-10T22:45:00+00:00,475,1129,187.1,6.39,38.23,9.09,DSYA3_L1,21.92,1,,15.66,1,0,,0,0,HYP-NORMAL,
2026-07-10T23:00:00+00:00,476,1025,172.7,6.56,38.02,8.94,DSYA3_L1,20.25,1,,14.26,1,0,,0,0,HYP-NORMAL,
2026-07-10T23:15:00+00:00,477,950.7,162.5,6.68,37.83,8.8,DSYA7_L1,18.72,1,,13.18,1,0,,0,0,HYP-NORMAL,
2026-07-10T23:30:00+00:00,478,871.3,151.7,6.81,37.64,8.67,DSYA3_L1,17.77,1,,12.27,1,0,,0,0,HYP-NORMAL,
2026-07-10T23:45:00+00:00,479,785.6,138,6.94,37.46,8.55,DSYA7_L1,16.09,1,,11.59,1,0,,0,0,HYP-NORMAL,
2026-07-11T00:00:00+00:00,480,704.7,124.8,7.07,37.37,8.49,DSYA7_L1,14.8,1,,10.78,1,0,,0,0,HYP-NORMAL,
2026-07-11T00:15:00+00:00,481,682.1,121.8,7.11,37.22,8.38,DSYA7_L1,14.03,1,,9.8,1,0,,0,0,HYP-NORMAL,
2026-07-11T00:30:00+00:00,482,664.1,118.5,7.14,37.07,8.28,DSYA3_L1,12.91,1,,9.15,1,0,,0,0,HYP-NORMAL,
2026-07-11T00:45:00+00:00,483,644.8,114.9,7.17,36.94,8.19,DSYA3_L1,12.29,1,,8.92,1,0,,0,0,HYP-NORMAL,
2026-07-11T01:00:00+00:00,484,626.7,111.3,7.19,36.81,8.11,DSYA3_L1,11.41,1,17,8.42,1,0,,0,20,HYP-LOOSE-CONN,ALM-TTL-14D
2026-07-11T01:15:00+00:00,485,619.7,110.4,7.21,36.71,8.03,DSYA4_L1,10.87,1,9,8.23,1,0,,0,20,HYP-LOOSE-CONN,ALM-TTL-14D
2026-07-11T01:30:00+00:00,486,599.8,107.4,7.24,36.61,7.97,DSYA7_L1,10.68,1,7,7.51,1,0,,0,20,HYP-LOOSE-CONN,ALM-TTL-14D
2026-07-11T01:45:00+00:00,487,586.1,105.1,7.26,36.53,7.92,DSYA3_L1,9.92,1,7,7.39,1,0,,0,20,HYP-LOOSE-CONN,ALM-TTL-14D
2026-07-11T02:00:00+00:00,488,575.7,103.7,7.28,36.46,7.87,DSYA7_L1,9.56,1,7,6.8,1,0,,0,20,HYP-LOOSE-CONN,ALM-TTL-14D
2026-07-11T02:15:00+00:00,489,570.3,102.6,7.29,36.41,7.84,DSYA4_L1,9.23,1,6,7.08,1,0,,0,20,HYP-LOOSE-CONN,ALM-TTL-14D
2026-07-11T02:30:00+00:00,490,562.9,101.4,7.3,36.37,7.81,DSYA4_L1,8.99,1,6,6.61,1,0,,0,20,HYP-LOOSE-CONN,ALM-TTL-14D
2026-07-11T02:45:00+00:00,491,553.1,98.7,7.31,36.35,7.8,DSYA4_L1,8.45,1,6,6.25,1,0,,0,20,HYP-LOOSE-CONN,ALM-TTL-14D
2026-07-11T03:00:00+00:00,492,547.1,97.7,7.32,36.34,7.79,DSYA7_L1,8.22,1,5,6.18,1,0,,0,20,HYP-LOOSE-CONN,ALM-TTL-14D
2026-07-11T03:15:00+00:00,493,546.4,97.5,7.32,36.35,7.8,DSYA4_L1,7.8,1,5,5.69,1,0,,0,20,HYP-LOOSE-CONN,ALM-TTL-14D
2026-07-11T03:30:00+00:00,494,546.2,97.8,7.32,36.37,7.81,DSYA7_L1,7.7,1,5,5.95,1,0,,0,20,HYP-LOOSE-CONN,ALM-TTL-14D
2026-07-11T03:45:00+00:00,495,540.2,96.8,7.33,36.41,7.84,DSYA7_L1,7.5,1,5,5.46,1,0,,0,20,HYP-LOOSE-CONN,ALM-TTL-14D
2026-07-11T04:00:00+00:00,496,538.4,96.6,7.34,36.46,7.87,DSYA4_L1,7.07,1,4,5.19,1,0,,0,20,HYP-LOOSE-CONN,ALM-TTL-14D
2026-07-11T04:15:00+00:00,497,537.8,96.6,7.34,36.53,7.92,DSYA4_L1,6.75,1,4,5.3,1,0,,0,20,HYP-LOOSE-CONN,ALM-TTL-14D
2026-07-11T04:30:00+00:00,498,541,97.1,7.33,36.61,7.97,DSYA3_L1,6.72,1,4,5.06,1,0,,0,20,HYP-LOOSE-CONN,ALM-TTL-14D
2026-07-11T04:45:00+00:00,499,549.3,98.7,7.32,36.71,8.03,DSYA3_L1,6.67,1,4,5.06,1,0,,0,20,HYP-LOOSE-CONN,ALM-TTL-14D
2026-07-11T05:00:00+00:00,500,555.2,99.2,7.31,36.81,8.11,DSYA3_L1,6.3,1,3,4.56,1,0,,0,20,HYP-LOOSE-CONN,ALM-TTL-14D
2026-07-11T05:15:00+00:00,501,574.1,102.3,7.28,36.94,8.19,DSYA3_L1,6.42,1,3,4.62,1,0,,0,20,HYP-LOOSE-CONN,ALM-TTL-14D
2026-07-11T05:30:00+00:00,502,593.1,105.8,7.25,37.07,8.28,DSYA4_L1,6.01,1,3,4.62,1,0,,0,20,HYP-LOOSE-CONN,ALM-TTL-14D
2026-07-11T05:45:00+00:00,503,610.3,108.4,7.22,37.22,8.38,DSYA7_L1,6.3,1,3,4.81,1,0,,0,20,HYP-LOOSE-CONN,ALM-TTL-14D
2026-07-11T06:00:00+00:00,504,629.2,111.6,7.19,37.37,8.49,DSYA4_L1,6.24,1,3,4.36,1,0,,0,20,HYP-LOOSE-CONN,ALM-TTL-14D
2026-07-11T06:15:00+00:00,505,670.9,118,7.12,37.54,8.61,DSYA3_L1,5.96,1,3,4.58,1,0,,0,20,HYP-LOOSE-CONN,ALM-TTL-14D
2026-07-11T06:30:00+00:00,506,706.1,123.2,7.07,37.72,8.73,DSYA4_L1,6.24,1,3,4.62,1,0,,0,20,HYP-LOOSE-CONN,ALM-TTL-14D
2026-07-11T06:45:00+00:00,507,747.9,129.8,7,37.91,8.86,DSYA3_L1,6.44,1,12,5.09,1,0,,0,20,HYP-LOOSE-CONN,ALM-TTL-14D
2026-07-11T07:00:00+00:00,508,792.9,137.5,6.93,38.11,9,DSYA4_L1,6.65,1,12,5.16,1,0,,0,20,HYP-LOOSE-CONN,ALM-TTL-14D
2026-07-11T07:15:00+00:00,509,860.4,148.1,6.82,38.31,9.15,DSYA4_L1,7.06,1,13,5.47,1,0,,0,20,HYP-LOOSE-CONN,ALM-TTL-14D
2026-07-11T07:30:00+00:00,510,928.5,159.3,6.71,38.52,9.3,DSYA4_L1,7.43,1,49,5.48,1,0,,0,20,HYP-LOOSE-CONN,ALM-TTL-14D
2026-07-11T07:45:00+00:00,511,1001,169.5,6.6,38.74,9.45,DSYA4_L1,8.16,1,49,6.21,1,0,,0,20,HYP-LOOSE-CONN,ALM-TTL-14D
2026-07-11T08:00:00+00:00,512,1069,181,6.49,38.96,9.62,DSYA4_L1,8.71,1,75,6.38,1,0,,0,20,HYP-LOOSE-CONN,ALM-TTL-14D
2026-07-11T08:15:00+00:00,513,1115,187.6,6.42,39.18,9.78,DSYA4_L1,9.19,1,217,7.44,1,0,,0,20,HYP-LOOSE-CONN,ALM-TTL-14D
2026-07-11T08:30:00+00:00,514,1174,195.2,6.32,39.41,9.95,DSYA4_L1,10.31,1,319,7.72,1,0,,0,20,HYP-LOOSE-CONN,ALM-TTL-14D
2026-07-11T08:45:00+00:00,515,1238,202.5,6.22,39.64,10.13,DSYA4_L1,10.74,1,386,8.03,1,0,,0,0,HYP-NORMAL,
2026-07-11T09:00:00+00:00,516,1296,210.4,6.12,39.87,10.3,DSYA4_L1,11.6,1,438,8.86,1,0,,0,0,HYP-NORMAL,
2026-07-11T09:15:00+00:00,517,1323,213.7,6.08,40.1,10.48,DSYA4_L1,12.32,1,458,9.28,1,0,,0,0,HYP-NORMAL,
2026-07-11T09:30:00+00:00,518,1343,217.1,6.05,40.33,10.66,DSYA4_L1,13.56,1,554,9.73,1,0,,0,0,HYP-NORMAL,
2026-07-11T09:45:00+00:00,519,1378,223.7,6,40.56,10.84,DSYA4_L1,13.57,1,553,10.5,1,0,,0,0,HYP-NORMAL,
2026-07-11T10:00:00+00:00,520,1408,229.9,5.95,40.78,11.01,DSYA4_L1,14,1,719,10.68,1,0,,0,0,HYP-NORMAL,
2026-07-11T10:15:00+00:00,521,1416,230.6,5.94,41,11.19,DSYA4_L1,14.75,1,649,11.26,1,0,,0,0,HYP-NORMAL,ALM-PANEL-TEMP
2026-07-11T10:30:00+00:00,522,1413,231.5,5.95,41.22,11.37,DSYA4_L1,15.56,1,719,11.36,1,0,,0,0,HYP-NORMAL,ALM-PANEL-TEMP
2026-07-11T10:45:00+00:00,523,1415,231.1,5.94,41.43,11.54,DSYA4_L1,15.44,1,720,11.11,1,0,,0,0,HYP-NORMAL,ALM-PANEL-TEMP
2026-07-11T11:00:00+00:00,524,1416,231.7,5.94,41.63,11.71,DSYA7_L1,15.66,1,792,11.46,1,0,,0,0,HYP-NORMAL,ALM-PANEL-TEMP
2026-07-11T11:15:00+00:00,525,1403,228.2,5.96,41.83,11.87,DSYA4_L1,15.69,1,886,11.64,1,0,,0,0,HYP-NORMAL,ALM-PANEL-TEMP
2026-07-11T11:30:00+00:00,526,1399,226,5.96,42.02,12.03,DSYA4_L1,16.07,1,912,12.11,1,0,,0,0,HYP-NORMAL,ALM-PANEL-TEMP
2026-07-11T11:45:00+00:00,527,1390,223.3,5.97,42.2,12.18,DSYA4_L1,15.93,1,936,11.64,1,0,,0,0,HYP-NORMAL,ALM-PANEL-TEMP
2026-07-11T12:00:00+00:00,528,1396,223.6,5.96,42.36,12.32,DSYA4_L1,15.94,1,1223,11.82,1,0,,0,0,HYP-NORMAL,ALM-PANEL-TEMP
2026-07-11T12:15:00+00:00,529,1377,223.3,6,42.52,12.46,DSYA7_L1,15.89,1,1223,12.37,1,0,,0,0,HYP-NORMAL,ALM-PANEL-TEMP
2026-07-11T12:30:00+00:00,530,1349,219.5,6.04,42.67,12.58,DSYA3_L1,15.83,1,1391,11.86,1,0,,0,0,HYP-NORMAL,ALM-PANEL-TEMP
2026-07-11T12:45:00+00:00,531,1342,219.1,6.05,42.8,12.7,DSYA7_L1,15.97,1,1391,11.74,1,0,,0,0,HYP-NORMAL,ALM-PANEL-TEMP
2026-07-11T13:00:00+00:00,532,1325,216.7,6.08,42.93,12.81,DSYA4_L1,15.83,1,,11.49,1,0,,0,0,HYP-NORMAL,ALM-PANEL-TEMP
2026-07-11T13:15:00+00:00,533,1320,216.9,6.09,43.03,12.9,DSYA3_L1,15.44,1,,11.62,1,0,,0,0,HYP-NORMAL,ALM-PANEL-TEMP
2026-07-11T13:30:00+00:00,534,1291,212.7,6.14,43.13,12.99,DSYA4_L1,15.49,1,,11.55,1,0,,0,0,HYP-NORMAL,ALM-PANEL-TEMP
2026-07-11T13:45:00+00:00,535,1272,208.6,6.16,43.21,13.06,DSYA7_L1,15.15,1,,11.11,1,0,,0,0,HYP-NORMAL,ALM-PANEL-TEMP
2026-07-11T14:00:00+00:00,536,1242,204.1,6.21,43.28,13.12,DSYA3_L1,15.16,1,,10.87,1,0,,0,0,HYP-NORMAL,ALM-PANEL-TEMP
2026-07-11T14:15:00+00:00,537,1229,203,6.23,43.33,13.17,DSYA3_L1,14.49,1,,10.65,1,0,,0,0,HYP-NORMAL,ALM-PANEL-TEMP
2026-07-11T14:30:00+00:00,538,1215,201.1,6.26,43.37,13.2,DSYA3_L1,14.47,1,,10.72,1,0,,0,0,HYP-NORMAL,ALM-PANEL-TEMP
2026-07-11T14:45:00+00:00,539,1215,202.2,6.26,43.39,13.22,DSYA3_L1,14.49,1,,10.6,1,0,,0,0,HYP-NORMAL,ALM-PANEL-TEMP
2026-07-11T15:00:00+00:00,540,1198,200.2,6.29,43.4,13.23,DSYA3_L1,14.19,1,,10.64,1,0,,0,0,HYP-NORMAL,ALM-PANEL-TEMP
2026-07-11T15:15:00+00:00,541,1196,198.8,6.29,43.39,13.22,DSYA4_L1,13.91,1,,10.22,1,0,,0,0,HYP-NORMAL,ALM-PANEL-TEMP
2026-07-11T15:30:00+00:00,542,1201,199.9,6.28,43.37,13.2,DSYA4_L1,13.79,1,,10.17,1,0,,0,0,HYP-NORMAL,ALM-PANEL-TEMP
2026-07-11T15:45:00+00:00,543,1204,200.7,6.27,43.33,13.17,DSYA4_L1,13.97,1,,10.29,1,0,,0,0,HYP-NORMAL,ALM-PANEL-TEMP
2026-07-11T16:00:00+00:00,544,1203,199.8,6.27,43.28,13.12,DSYA4_L1,13.9,1,,9.99,1,0,,0,0,HYP-NORMAL,ALM-PANEL-TEMP
2026-07-11T16:15:00+00:00,545,1204,199.7,6.27,43.21,13.06,DSYA4_L1,13.88,1,,10.49,1,0,,0,0,HYP-NORMAL,ALM-PANEL-TEMP
2026-07-11T16:30:00+00:00,546,1219,200.7,6.25,43.13,12.99,DSYA7_L1,13.59,1,,10.5,1,0,,0,0,HYP-NORMAL,ALM-PANEL-TEMP
2026-07-11T16:45:00+00:00,547,1231,201.4,6.23,43.03,12.9,DSYA3_L1,13.87,1,,10.43,1,0,,0,0,HYP-NORMAL,ALM-PANEL-TEMP
2026-07-11T17:00:00+00:00,548,1257,206.2,6.19,42.93,12.81,DSYA3_L1,14.04,1,1914,10.5,1,0,,0,0,HYP-NORMAL,ALM-PANEL-TEMP
2026-07-11T17:15:00+00:00,549,1292,211.3,6.13,42.8,12.7,DSYA3_L1,14.34,1,1722,10.84,1,0,,0,0,HYP-NORMAL,ALM-PANEL-TEMP
2026-07-11T17:30:00+00:00,550,1328,216.8,6.08,42.67,12.58,DSYA4_L1,14.78,1,1218,10.96,1,0,,0,0,HYP-NORMAL,ALM-PANEL-TEMP
2026-07-11T17:45:00+00:00,551,1369,221,6.01,42.52,12.46,DSYA4_L1,15.17,1,1145,11.53,1,0,,0,0,HYP-NORMAL,ALM-PANEL-TEMP
2026-07-11T18:00:00+00:00,552,1409,225.4,5.94,42.36,12.32,DSYA4_L1,16.17,1,761,11.92,1,0,,0,0,HYP-NORMAL,ALM-PANEL-TEMP
2026-07-11T18:15:00+00:00,553,1436,228,5.9,42.2,12.18,DSYA4_L1,16.54,1,809,12.09,1,0,,0,0,HYP-NORMAL,ALM-PANEL-TEMP
2026-07-11T18:30:00+00:00,554,1460,229.3,5.86,42.02,12.03,DSYA4_L1,17,1,879,12.79,1,0,,0,0,HYP-NORMAL,ALM-PANEL-TEMP
2026-07-11T18:45:00+00:00,555,1496,233.2,5.8,41.83,11.87,DSYA4_L1,17.81,1,717,13.35,1,0,,0,0,HYP-NORMAL,ALM-PANEL-TEMP
2026-07-11T19:00:00+00:00,556,1538,239.2,5.73,41.63,11.71,DSYA4_L1,18.33,1,736,13.52,1,0,,0,0,HYP-NORMAL,ALM-PANEL-TEMP
2026-07-11T19:15:00+00:00,557,1554,239.4,5.7,41.43,11.54,DSYA4_L1,18.99,1,712,14.25,1,0,,0,0,HYP-NORMAL,ALM-PANEL-TEMP
2026-07-11T19:30:00+00:00,558,1562,239.7,5.69,41.22,11.37,DSYA4_L1,19.65,1,712,14.78,1,0,,0,0,HYP-NORMAL,ALM-PANEL-TEMP
2026-07-11T19:45:00+00:00,559,1586,241.8,5.65,41,11.19,DSYA4_L1,20,1,759,14.94,1,0,,0,0,HYP-NORMAL,ALM-PANEL-TEMP
2026-07-11T20:00:00+00:00,560,1607,246,5.62,40.78,11.01,DSYA4_L1,20.33,1,877,15.45,1,0,,0,0,HYP-NORMAL,ALM-PANEL-TEMP
2026-07-11T20:15:00+00:00,561,1587,242.9,5.65,40.56,10.84,DSYA4_L1,20.74,1,877,15.96,1,0,,0,0,HYP-NORMAL,ALM-PANEL-TEMP
2026-07-11T20:30:00+00:00,562,1566,240.9,5.68,40.33,10.66,DSYA4_L1,20.73,1,951,15.85,1,0,,0,0,HYP-NORMAL,ALM-PANEL-TEMP
2026-07-11T20:45:00+00:00,563,1548,239,5.71,40.1,10.48,DSYA4_L1,20.48,1,1291,15.8,1,0,,0,0,HYP-NORMAL,
2026-07-11T21:00:00+00:00,564,1528,238.2,5.75,39.87,10.3,DSYA7_L1,20.31,1,1574,15.38,1,0,,0,0,HYP-NORMAL,
2026-07-11T21:15:00+00:00,565,1487,232,5.81,39.64,10.13,DSYA3_L1,20.15,1,1718,15.46,1,0,,0,0,HYP-NORMAL,
2026-07-11T21:30:00+00:00,566,1446,227.2,5.88,39.41,9.95,DSYA7_L1,20.12,1,,15.13,1,0,,0,0,HYP-NORMAL,
2026-07-11T21:45:00+00:00,567,1406,221.9,5.94,39.18,9.78,DSYA7_L1,19.6,1,,14.96,1,0,,0,0,HYP-NORMAL,
2026-07-11T22:00:00+00:00,568,1378,219.3,5.99,38.96,9.62,DSYA4_L1,18.82,1,,14.1,1,0,,0,0,HYP-NORMAL,
2026-07-11T22:15:00+00:00,569,1298,209.8,6.12,38.74,9.45,DSYA3_L1,18.46,1,,13.78,1,0,,0,0,HYP-NORMAL,
2026-07-11T22:30:00+00:00,570,1212,199,6.26,38.52,9.3,DSYA3_L1,17.84,1,,12.72,1,0,,0,0,HYP-NORMAL,
2026-07-11T22:45:00+00:00,571,1131,188,6.39,38.31,9.15,DSYA7_L1,16.53,1,,12.47,1,0,,0,0,HYP-NORMAL,
2026-07-11T23:00:00+00:00,572,1054,175.9,6.51,38.11,9,DSYA7_L1,15.66,1,,11.25,1,0,,0,0,HYP-NORMAL,
2026-07-11T23:15:00+00:00,573,950.9,161.3,6.67,37.91,8.86,DSYA3_L1,14.88,1,,10.56,1,0,,0,0,HYP-NORMAL,
2026-07-11T23:30:00+00:00,574,853,146.1,6.83,37.72,8.73,DSYA3_L1,13.32,1,,9.74,1,0,,0,0,HYP-NORMAL,
2026-07-11T23:45:00+00:00,575,763.1,131.7,6.97,37.54,8.61,DSYA3_L1,12.25,1,,8.59,1,0,,0,0,HYP-NORMAL,
2026-07-12T00:00:00+00:00,576,667,116.8,7.13,37.45,8.54,DSYA7_L1,11.26,1,,7.57,1,0,,0,0,HYP-NORMAL,
2026-07-12T00:15:00+00:00,577,652.1,115,7.15,37.3,8.43,DSYA7_L1,10.32,1,,7.68,1,0,,0,0,HYP-NORMAL,
2026-07-12T00:30:00+00:00,578,637.9,112.7,7.18,37.15,8.33,DSYA7_L1,9.77,1,,6.66,1,0,,0,0,HYP-NORMAL,
2026-07-12T00:45:00+00:00,579,623.4,109.7,7.2,37.01,8.24,DSYA3_L1,8.81,1,,6.36,1,0,,0,0,HYP-NORMAL,
2026-07-12T01:00:00+00:00,580,605,106.1,7.23,36.89,8.16,DSYA3_L1,8.58,1,,6.07,1,0,,0,0,HYP-NORMAL,
2026-07-12T01:15:00+00:00,581,591.6,104,7.25,36.78,8.09,DSYA7_L1,8.02,1,,5.89,1,0,,0,0,HYP-NORMAL,
2026-07-12T01:30:00+00:00,582,576.7,101.5,7.27,36.69,8.02,DSYA3_L1,7.83,1,,6.04,1,0,,0,0,HYP-NORMAL,
2026-07-12T01:45:00+00:00,583,564.4,99.5,7.29,36.61,7.97,DSYA3_L1,7.86,1,,5.74,1,0,,0,0,HYP-NORMAL,
2026-07-12T02:00:00+00:00,584,554.3,97.4,7.31,36.54,7.92,DSYA4_L1,6.83,1,,5.05,1,0,,0,0,HYP-NORMAL,
2026-07-12T02:15:00+00:00,585,544.2,95.7,7.32,36.49,7.89,DSYA7_L1,6.93,1,,5.07,1,0,,0,0,HYP-NORMAL,
2026-07-12T02:30:00+00:00,586,535.1,94.1,7.34,36.45,7.86,DSYA7_L1,6.77,1,,4.97,1,0,,0,0,HYP-NORMAL,
2026-07-12T02:45:00+00:00,587,526.5,92.6,7.35,36.43,7.85,DSYA3_L1,6.53,1,,4.58,1,0,,0,0,HYP-NORMAL,
2026-07-12T03:00:00+00:00,588,518.3,91,7.36,36.42,7.84,DSYA3_L1,6.2,1,,4.49,1,0,,0,0,HYP-NORMAL,
2026-07-12T03:15:00+00:00,589,516,90.8,7.37,36.43,7.85,DSYA7_L1,5.96,1,,4.33,1,0,,0,0,HYP-NORMAL,
2026-07-12T03:30:00+00:00,590,514.3,90.4,7.37,36.45,7.86,DSYA4_L1,5.52,1,,4.67,1,0,,0,0,HYP-NORMAL,
2026-07-12T03:45:00+00:00,591,512.4,90.3,7.37,36.49,7.89,DSYA3_L1,5.52,1,,4.21,1,0,,0,0,HYP-NORMAL,
2026-07-12T04:00:00+00:00,592,510.6,90,7.38,36.54,7.92,DSYA7_L1,5.47,1,,4.11,1,0,,0,0,HYP-NORMAL,
2026-07-12T04:15:00+00:00,593,516.3,91.4,7.37,36.61,7.97,DSYA7_L1,5.18,1,,3.84,1,0,,0,0,HYP-NORMAL,
2026-07-12T04:30:00+00:00,594,524.2,92.5,7.35,36.69,8.02,DSYA3_L1,5.33,1,4,3.45,1,0,,0,20,HYP-LOOSE-CONN,ALM-TTL-14D
2026-07-12T04:45:00+00:00,595,528.2,92.9,7.35,36.78,8.09,DSYA7_L1,4.97,1,4,3.51,1,0,,0,20,HYP-LOOSE-CONN,ALM-TTL-14D
2026-07-12T05:00:00+00:00,596,534.5,93.8,7.34,36.89,8.16,DSYA7_L1,4.8,1,4,3.51,1,0,,0,20,HYP-LOOSE-CONN,ALM-TTL-14D
2026-07-12T05:15:00+00:00,597,551.7,96.5,7.31,37.01,8.24,DSYA4_L1,4.61,1,3,3.69,1,0,,0,20,HYP-LOOSE-CONN,ALM-TTL-14D
2026-07-12T05:30:00+00:00,598,568.8,99.4,7.28,37.15,8.33,DSYA7_L1,4.76,1,3,3.54,1,0,,0,20,HYP-LOOSE-CONN,ALM-TTL-14D
2026-07-12T05:45:00+00:00,599,585,101.7,7.26,37.3,8.43,DSYA4_L1,4.57,1,3,3.77,1,0,,0,20,HYP-LOOSE-CONN,ALM-TTL-14D
2026-07-12T06:00:00+00:00,600,599,103.7,7.23,37.45,8.54,DSYA3_L1,4.94,1,3,3.58,1,0,,0,20,HYP-LOOSE-CONN,ALM-TTL-14D
2026-07-12T06:15:00+00:00,601,639.3,109.9,7.17,37.62,8.66,DSYA4_L1,4.86,1,3,3.38,1,0,,0,20,HYP-LOOSE-CONN,ALM-TTL-14D
2026-07-12T06:30:00+00:00,602,684.6,117,7.09,37.8,8.78,DSYA4_L1,4.98,1,4,4.1,1,0,,0,20,HYP-LOOSE-CONN,ALM-TTL-14D
2026-07-12T06:45:00+00:00,603,730,124,7.02,37.99,8.92,DSYA4_L1,5.43,1,12,4.33,1,0,,0,20,HYP-LOOSE-CONN,ALM-TTL-14D
2026-07-12T07:00:00+00:00,604,769.9,129.8,6.96,38.18,9.06,DSYA4_L1,5.72,1,12,4.03,1,0,,0,20,HYP-LOOSE-CONN,ALM-TTL-14D
2026-07-12T07:15:00+00:00,605,837.1,139.1,6.85,38.39,9.2,DSYA3_L1,5.53,1,25,4.61,1,0,,0,20,HYP-LOOSE-CONN,ALM-TTL-14D
2026-07-12T07:30:00+00:00,606,897.1,146.8,6.75,38.6,9.35,DSYA4_L1,6.14,1,25,4.91,1,0,,0,20,HYP-LOOSE-CONN,ALM-TTL-14D
2026-07-12T07:45:00+00:00,607,968.1,156.9,6.63,38.81,9.51,DSYA2_L1,6.44,1,25,4.76,1,0,,0,20,HYP-LOOSE-CONN,ALM-TTL-14D
2026-07-12T08:00:00+00:00,608,1037,165.8,6.52,39.03,9.67,DSYA4_L1,7.44,1,79,5.97,1,0,,0,20,HYP-LOOSE-CONN,ALM-TTL-14D
2026-07-12T08:15:00+00:00,609,1099,174.3,6.42,39.26,9.84,DSYA4_L1,8.13,1,199,6.48,1,0,,0,20,HYP-LOOSE-CONN,ALM-TTL-14D
2026-07-12T08:30:00+00:00,610,1162,182.2,6.32,39.49,10.01,DSYA4_L1,9.13,1,267,6.89,1,0,,0,20,HYP-LOOSE-CONN,ALM-TTL-14D
2026-07-12T08:45:00+00:00,611,1223,189.1,6.22,39.71,10.18,DSYA4_L1,10.05,1,360,7.92,1,0,,0,0,HYP-NORMAL,
2026-07-12T09:00:00+00:00,612,1279,195.6,6.13,39.95,10.36,DSYA4_L1,11.12,1,360,8.24,1,0,,0,0,HYP-NORMAL,
2026-07-12T09:15:00+00:00,613,1302,196.4,6.08,40.18,10.54,DSYA4_L1,11.9,1,360,9.04,1,0,,0,0,HYP-NORMAL,
2026-07-12T09:30:00+00:00,614,1332,199.9,6.04,40.41,10.72,DSYA4_L1,12.31,1,410,9.77,1,0,,0,0,HYP-NORMAL,
2026-07-12T09:45:00+00:00,615,1350,202.3,6.01,40.63,10.9,DSYA4_L1,12.42,1,554,10.29,1,0,,0,0,HYP-NORMAL,
2026-07-12T10:00:00+00:00,616,1377,205.1,5.96,40.86,11.07,DSYA4_L1,12.96,1,625,10.14,1,0,,0,0,HYP-NORMAL,
2026-07-12T10:15:00+00:00,617,1378,205.4,5.96,41.08,11.25,DSYA4_L1,13.75,1,577,10.95,1,0,,0,0,HYP-NORMAL,ALM-PANEL-TEMP
2026-07-12T10:30:00+00:00,618,1384,207,5.95,41.29,11.43,DSYA4_L1,14.34,1,557,11.03,1,0,,0,0,HYP-NORMAL,ALM-PANEL-TEMP
2026-07-12T10:45:00+00:00,619,1381,205.1,5.96,41.5,11.6,DSYA4_L1,14.54,1,696,11.04,1,0,,0,0,HYP-NORMAL,ALM-PANEL-TEMP
2026-07-12T11:00:00+00:00,620,1366,202.8,5.98,41.71,11.77,DSYA4_L1,14.66,1,796,11.69,1,0,,0,0,HYP-NORMAL,ALM-PANEL-TEMP
2026-07-12T11:15:00+00:00,621,1356,203.3,6,41.9,11.93,DSYA3_L1,14.55,1,1416,11.6,1,0,,0,0,HYP-NORMAL,ALM-PANEL-TEMP
2026-07-12T11:30:00+00:00,622,1344,202.1,6.02,42.09,12.09,DSYA7_L1,14.48,1,,11.55,1,0,,0,0,HYP-NORMAL,ALM-PANEL-TEMP
2026-07-12T11:45:00+00:00,623,1331,199.8,6.04,42.27,12.24,DSYA3_L1,14.73,1,,10.91,1,0,,0,0,HYP-NORMAL,ALM-PANEL-TEMP
2026-07-12T12:00:00+00:00,624,1323,199.4,6.05,42.44,12.38,DSYA7_L1,14.69,1,,11.38,1,0,,0,0,HYP-NORMAL,ALM-PANEL-TEMP
2026-07-12T12:15:00+00:00,625,1305,196.7,6.08,42.6,12.52,DSYA4_L1,14.79,1,,11.59,1,0,,0,0,HYP-NORMAL,ALM-PANEL-TEMP
2026-07-12T12:30:00+00:00,626,1278,192.3,6.12,42.74,12.65,DSYA7_L1,14.56,1,,11.4,1,0,,0,0,HYP-NORMAL,ALM-PANEL-TEMP
2026-07-12T12:45:00+00:00,627,1267,191.4,6.14,42.88,12.76,DSYA3_L1,14.37,1,,11.46,1,0,,0,0,HYP-NORMAL,ALM-PANEL-TEMP
2026-07-12T13:00:00+00:00,628,1250,188.1,6.16,43,12.87,DSYA4_L1,14.33,1,,10.79,1,0,,0,0,HYP-NORMAL,ALM-PANEL-TEMP
2026-07-12T13:15:00+00:00,629,1240,187.8,6.18,43.11,12.97,DSYA3_L1,14.07,1,,10.94,1,0,,0,0,HYP-NORMAL,ALM-PANEL-TEMP
2026-07-12T13:30:00+00:00,630,1225,185.9,6.21,43.2,13.05,DSYA7_L1,13.74,1,,10.72,1,0,,0,0,HYP-NORMAL,ALM-PANEL-TEMP
2026-07-12T13:45:00+00:00,631,1204,183.9,6.24,43.28,13.13,DSYA7_L1,13.41,1,,10.69,1,0,,0,0,HYP-NORMAL,ALM-PANEL-TEMP
2026-07-12T14:00:00+00:00,632,1186,181.3,6.27,43.35,13.19,DSYA7_L1,13.5,1,,10.54,1,0,,0,0,HYP-NORMAL,ALM-PANEL-TEMP
2026-07-12T14:15:00+00:00,633,1176,180.1,6.29,43.4,13.23,DSYA7_L1,13.02,1,,10.21,1,0,,0,0,HYP-NORMAL,ALM-PANEL-TEMP
2026-07-12T14:30:00+00:00,634,1168,180,6.3,43.44,13.27,DSYA4_L1,13.04,1,,10.3,1,0,,0,0,HYP-NORMAL,ALM-PANEL-TEMP
2026-07-12T14:45:00+00:00,635,1156,179.2,6.32,43.46,13.29,DSYA3_L1,12.83,1,,10.11,1,0,,0,0,HYP-NORMAL,ALM-PANEL-TEMP
2026-07-12T15:00:00+00:00,636,1143,177.2,6.34,43.47,13.29,DSYA7_L1,12.6,1,,10,1,0,,0,0,HYP-NORMAL,ALM-PANEL-TEMP
2026-07-12T15:15:00+00:00,637,1147,177.4,6.34,43.46,13.29,DSYA4_L1,12.49,1,,10.1,1,0,,0,0,HYP-NORMAL,ALM-PANEL-TEMP
2026-07-12T15:30:00+00:00,638,1148,177.2,6.33,43.44,13.27,DSYA3_L1,12.62,1,,9.8,1,0,,0,0,HYP-NORMAL,ALM-PANEL-TEMP
2026-07-12T15:45:00+00:00,639,1166,180.5,6.31,43.4,13.23,DSYA4_L1,12.54,1,,9.48,1,0,,0,0,HYP-NORMAL,ALM-PANEL-TEMP
2026-07-12T16:00:00+00:00,640,1175,182.3,6.29,43.35,13.19,DSYA3_L1,12.8,1,,9.79,1,0,,0,0,HYP-NORMAL,ALM-PANEL-TEMP
2026-07-12T16:15:00+00:00,641,1196,184.9,6.26,43.28,13.13,DSYA4_L1,12.51,1,,9.97,1,0,,0,0,HYP-NORMAL,ALM-PANEL-TEMP
2026-07-12T16:30:00+00:00,642,1208,185.9,6.24,43.2,13.05,DSYA4_L1,13.05,1,,10.18,1,0,,0,0,HYP-NORMAL,ALM-PANEL-TEMP
2026-07-12T16:45:00+00:00,643,1216,186.8,6.23,43.11,12.97,DSYA4_L1,13.33,1,,10.14,1,0,,0,0,HYP-NORMAL,ALM-PANEL-TEMP
2026-07-12T17:00:00+00:00,644,1229,186.5,6.2,43,12.87,DSYA4_L1,13.59,1,1698,10.4,1,0,,0,0,HYP-NORMAL,ALM-PANEL-TEMP
2026-07-12T17:15:00+00:00,645,1274,191.7,6.13,42.88,12.76,DSYA4_L1,13.38,1,,10.78,1,0,,0,0,HYP-NORMAL,ALM-PANEL-TEMP
2026-07-12T17:30:00+00:00,646,1321,196.7,6.05,42.74,12.65,DSYA3_L1,13.75,1,,11.05,1,0,,0,0,HYP-NORMAL,ALM-PANEL-TEMP
2026-07-12T17:45:00+00:00,647,1368,200.9,5.97,42.6,12.52,DSYA4_L1,14.61,1,1073,11.78,1,0,,0,0,HYP-NORMAL,ALM-PANEL-TEMP
2026-07-12T18:00:00+00:00,648,1416,206.6,5.89,42.44,12.38,DSYA4_L1,15.36,1,855,12.47,1,0,,0,0,HYP-NORMAL,ALM-PANEL-TEMP
2026-07-12T18:15:00+00:00,649,1452,212.5,5.84,42.27,12.24,DSYA4_L1,16.27,1,687,12.84,1,0,,0,0,HYP-NORMAL,ALM-PANEL-TEMP
2026-07-12T18:30:00+00:00,650,1485,215.6,5.78,42.09,12.09,DSYA4_L1,16.79,1,689,13.27,1,0,,0,0,HYP-NORMAL,ALM-PANEL-TEMP
2026-07-12T18:45:00+00:00,651,1521,220.8,5.73,41.9,11.93,DSYA4_L1,17.44,1,689,14.09,1,0,,0,0,HYP-NORMAL,ALM-PANEL-TEMP
2026-07-12T19:00:00+00:00,652,1556,225.4,5.67,41.71,11.77,DSYA4_L1,18.32,1,620,14.68,1,0,,0,0,HYP-NORMAL,ALM-PANEL-TEMP
2026-07-12T19:15:00+00:00,653,1576,228.1,5.64,41.5,11.6,DSYA4_L1,18.62,1,760,14.88,1,0,,0,0,HYP-NORMAL,ALM-PANEL-TEMP
2026-07-12T19:30:00+00:00,654,1599,230.8,5.61,41.29,11.43,DSYA4_L1,19.59,1,687,15.33,1,0,,0,0,HYP-NORMAL,ALM-PANEL-TEMP
2026-07-12T19:45:00+00:00,655,1605,230.5,5.59,41.08,11.25,DSYA4_L1,20.01,1,759,15.85,1,0,,0,0,HYP-NORMAL,ALM-PANEL-TEMP
2026-07-12T20:00:00+00:00,656,1631,233.1,5.55,40.86,11.07,DSYA4_L1,20.21,1,951,16.15,1,0,,0,0,HYP-NORMAL,ALM-PANEL-TEMP
2026-07-12T20:15:00+00:00,657,1610,232,5.59,40.63,10.9,DSYA4_L1,21.13,1,759,16.72,1,0,,0,0,HYP-NORMAL,ALM-PANEL-TEMP
2026-07-12T20:30:00+00:00,658,1579,228.7,5.64,40.41,10.72,DSYA4_L1,21.26,1,879,16.38,1,0,,0,0,HYP-NORMAL,ALM-PANEL-TEMP
2026-07-12T20:45:00+00:00,659,1555,225.6,5.67,40.18,10.54,DSYA3_L1,20.78,1,1599,16.21,1,0,,0,0,HYP-NORMAL,ALM-PANEL-TEMP
2026-07-12T21:00:00+00:00,660,1549,226.3,5.69,39.95,10.36,DSYA3_L1,20.82,1,,16.06,1,0,,0,0,HYP-NORMAL,
2026-07-12T21:15:00+00:00,661,1512,221.6,5.75,39.71,10.18,DSYA4_L1,20.7,1,,16.09,1,0,,0,0,HYP-NORMAL,
2026-07-12T21:30:00+00:00,662,1467,214.8,5.82,39.49,10.01,DSYA4_L1,19.95,1,,15.75,1,0,,0,0,HYP-NORMAL,
2026-07-12T21:45:00+00:00,663,1414,208.3,5.9,39.26,9.84,DSYA7_L1,19.73,1,,15.16,1,0,,0,0,HYP-NORMAL,
2026-07-12T22:00:00+00:00,664,1387,206.2,5.95,39.03,9.67,DSYA3_L1,19.17,1,,14.71,1,0,,0,0,HYP-NORMAL,
2026-07-12T22:15:00+00:00,665,1300,195.8,6.09,38.81,9.51,DSYA3_L1,19.09,1,,14.48,1,0,,0,0,HYP-NORMAL,
2026-07-12T22:30:00+00:00,666,1221,187.3,6.22,38.6,9.35,DSYA3_L1,17.63,1,,13.75,1,0,,0,0,HYP-NORMAL,
2026-07-12T22:45:00+00:00,667,1131,175.6,6.36,38.39,9.2,DSYA3_L1,17.05,1,,12.54,1,0,,0,0,HYP-NORMAL,
2026-07-12T23:00:00+00:00,668,1048,165,6.5,38.18,9.06,DSYA3_L1,16.07,1,,11.46,1,0,,0,0,HYP-NORMAL,
2026-07-12T23:15:00+00:00,669,941.8,151,6.67,37.99,8.92,DSYA3_L1,14.7,1,,10.78,1,0,,0,0,HYP-NORMAL,
2026-07-12T23:30:00+00:00,670,839.9,136.5,6.83,37.8,8.78,DSYA3_L1,13.54,1,,9.54,1,0,,0,0,HYP-NORMAL,
2026-07-12T23:45:00+00:00,671,739,122.4,7,37.62,8.66,DSYA3_L1,12.35,1,,8.73,1,0,,0,0,HYP-NORMAL,
2026-07-13T00:00:00+00:00,672,628.8,106.1,7.18,37.53,8.59,DSYA3_L1,10.98,1,,7.94,1,0,,0,0,HYP-NORMAL,
2026-07-13T00:15:00+00:00,673,588.2,99.6,7.24,37.37,8.49,DSYA7_L1,10.03,1.145,,6.96,0.9926,0,,0,0,HYP-NORMAL,
2026-07-13T00:30:00+00:00,674,574.7,97.5,7.27,37.22,8.38,DSYA3_L1,9.78,1.132,,6.81,0.9935,0,,0,0,HYP-NORMAL,
2026-07-13T00:45:00+00:00,675,565.9,96.4,7.28,37.09,8.29,DSYA3_L1,8.7,1.132,,6.59,0.9943,0,,0,0,HYP-NORMAL,
2026-07-13T01:00:00+00:00,676,551.3,94,7.3,36.97,8.21,DSYA7_L1,8.04,1.136,,6.54,0.9953,0,,0,0,HYP-NORMAL,
2026-07-13T01:15:00+00:00,677,544.1,93.1,7.32,36.86,8.14,DSYA7_L1,7.61,1.14,,5.98,0.9954,0,,0,0,HYP-NORMAL,
2026-07-13T01:30:00+00:00,678,532.3,90.8,7.33,36.76,8.07,DSYA1_L1,7.15,1.142,,5.58,0.9957,0,,0,0,HYP-NORMAL,
2026-07-13T01:45:00+00:00,679,522.4,89.2,7.35,36.68,8.02,DSYA7_L1,7.07,1.144,,5.59,0.9964,0,,0,0,HYP-NORMAL,
2026-07-13T02:00:00+00:00,680,514.1,87.7,7.36,36.61,7.97,DSYA3_L1,6.74,1.146,,5.2,0.9966,0,,0,0,HYP-NORMAL,
2026-07-13T02:15:00+00:00,681,512,87.8,7.37,36.56,7.94,DSYA7_L1,6.5,1.147,,5.11,0.9972,0,,0,0,HYP-NORMAL,
2026-07-13T02:30:00+00:00,682,508.6,86.7,7.37,36.53,7.91,DSYA4_L1,6.22,1.153,,4.78,0.9974,0,,0,0,HYP-NORMAL,
2026-07-13T02:45:00+00:00,683,508,86.5,7.37,36.5,7.9,DSYA7_L1,6.12,1.15,,4.09,0.997,0,,0,0,HYP-NORMAL,
2026-07-13T03:00:00+00:00,684,505.7,86.3,7.38,36.49,7.89,DSYA4_L1,6.05,1.148,,4.88,0.9984,0,,0,0,HYP-NORMAL,
2026-07-13T03:15:00+00:00,685,509.8,87.4,7.37,36.5,7.9,DSYA3_L1,5.65,1.144,,4.2,0.998,0,,0,0,HYP-NORMAL,
2026-07-13T03:30:00+00:00,686,510.7,87.7,7.37,36.53,7.91,DSYA3_L1,5.62,1.149,,4.49,0.9988,0,,0,0,HYP-NORMAL,
2026-07-13T03:45:00+00:00,687,509.3,87.6,7.37,36.56,7.94,DSYA7_L1,5.28,1.153,,4.08,0.9988,0,,0,0,HYP-NORMAL,
2026-07-13T04:00:00+00:00,688,508.5,87.7,7.37,36.61,7.97,DSYA1_L1,5.15,1.155,3,3.93,0.999,0,,0,30,HYP-LOOSE-CONN,ALM-TTL-14D
2026-07-13T04:15:00+00:00,689,517.6,89.6,7.36,36.68,8.02,DSYA3_L1,4.96,1.154,,4.12,0.9996,0,,0,0,HYP-NORMAL,
2026-07-13T04:30:00+00:00,690,528.1,91.6,7.34,36.76,8.07,DSYA7_L1,5.08,1.153,3,3.9,0.9997,0,,0,30,HYP-LOOSE-CONN,ALM-TTL-14D
2026-07-13T04:45:00+00:00,691,538.6,93.3,7.33,36.86,8.14,DSYA2_L1,4.8,1.16,3,3.93,1,0,,0,30,HYP-LOOSE-CONN,ALM-TTL-14D
2026-07-13T05:00:00+00:00,692,547,95.2,7.32,36.97,8.21,DSYA3_L1,4.8,1.143,2,3.79,1,0,,0,30,HYP-LOOSE-CONN,ALM-TTL-14D
2026-07-13T05:15:00+00:00,693,585.5,101.1,7.25,37.09,8.29,DSYA7_L1,4.74,1.135,2,3.72,1,0,,0,30,HYP-LOOSE-CONN,ALM-TTL-14D
2026-07-13T05:30:00+00:00,694,622,106.8,7.19,37.22,8.38,DSYA3_L1,4.65,1.133,2,3.68,1.001,0,,0,30,HYP-LOOSE-CONN,ALM-TTL-14D
2026-07-13T05:45:00+00:00,695,660.7,112.6,7.13,37.37,8.49,DSYA3_L1,4.9,1.132,2,4.04,1.002,0,,0,30,HYP-LOOSE-CONN,ALM-TTL-14D
2026-07-13T06:00:00+00:00,696,699.6,117.8,7.07,37.53,8.59,DSYA4_L1,5.09,1.117,2,4.08,1.002,0,,0,30,HYP-LOOSE-CONN,ALM-TTL-14D
2026-07-13T06:15:00+00:00,697,822.1,135.6,6.87,37.69,8.71,DSYA2_L1,5.24,1.12,2,4.31,1.003,0,,0,30,HYP-LOOSE-CONN,ALM-TTL-14D
2026-07-13T06:30:00+00:00,698,943.7,150.9,6.67,37.87,8.84,DSYA4_L1,6.26,1.128,53,5.07,1.005,0,,0,30,HYP-LOOSE-CONN,ALM-TTL-14D
2026-07-13T06:45:00+00:00,699,1066,167.7,6.47,38.06,8.97,DSYA4_L1,6.97,1.127,412,6.3,1.009,0,,0,0,HYP-NORMAL,
2026-07-13T07:00:00+00:00,700,1193,181.7,6.26,38.26,9.11,DSYA4_L1,8.49,1.124,436,7.05,1.011,0,,0,0,HYP-NORMAL,
2026-07-13T07:15:00+00:00,701,1319,196.9,6.05,38.46,9.25,DSYA4_L1,10.11,1.138,506,8.53,1.016,0,,0,0,HYP-NORMAL,
2026-07-13T07:30:00+00:00,702,1444,211.1,5.85,38.67,9.41,DSYA4_L1,11.8,1.137,507,9.93,1.021,0,,0,0,HYP-NORMAL,
2026-07-13T07:45:00+00:00,703,1565,225,5.66,38.88,9.56,DSYA4_L1,14.08,1.133,506,11.13,1.024,0,,0,0,HYP-NORMAL,
2026-07-13T08:00:00+00:00,704,1685,239,5.46,39.11,9.73,DSYA4_L1,15.86,1.155,535,13.45,1.033,0,,0,0,HYP-NORMAL,
2026-07-13T08:15:00+00:00,705,1740,245.5,5.38,39.33,9.89,DSYA4_L1,18.45,1.156,505,15.33,1.038,0,,0,0,HYP-NORMAL,ALM-PANEL-TEMP
2026-07-13T08:30:00+00:00,706,1788,250.8,5.3,39.56,10.06,DSYA4_L1,20.07,1.169,535,16.81,1.041,0,,0,0,HYP-NORMAL,ALM-PANEL-TEMP
2026-07-13T08:45:00+00:00,707,1823,256.3,5.25,39.79,10.24,DSYA4_L1,21.21,1.17,674,17.82,1.041,0,,0,0,HYP-NORMAL,ALM-PANEL-TEMP
2026-07-13T09:00:00+00:00,708,1862,259.6,5.18,40.02,10.41,DSYA4_L1,22.58,1.172,746,18.45,1.038,0,,0,0,HYP-NORMAL,ALM-PANEL-TEMP
2026-07-13T09:15:00+00:00,709,1867,258.5,5.17,40.25,10.59,DSYA4_L1,23.3,1.175,1008,19.98,1.041,0,,0,0,HYP-NORMAL,ALM-PANEL-TEMP
2026-07-13T09:30:00+00:00,710,1859,256.1,5.18,40.48,10.77,DSYA4_L1,24.25,1.179,1182,20.2,1.036,0,,0,0,HYP-NORMAL,ALM-PANEL-TEMP
2026-07-13T09:45:00+00:00,711,1839,253.8,5.21,40.7,10.95,DSYA4_L1,24.47,1.177,,20.65,1.034,0,,0,0,HYP-NORMAL,ALM-PANEL-TEMP
2026-07-13T10:00:00+00:00,712,1833,251.2,5.22,40.93,11.13,DSYA4_L1,24.42,1.173,,20.38,1.026,0,,0,0,HYP-NORMAL,ALM-PANEL-TEMP
2026-07-13T10:15:00+00:00,713,1838,253.4,5.21,41.15,11.31,DSYA3_L1,24.82,1.157,,21,1.026,0,,0,0,HYP-NORMAL,ALM-PANEL-TEMP
2026-07-13T10:30:00+00:00,714,1850,252.5,5.19,41.36,11.48,DSYA4_L1,25.17,1.14,,21.45,1.026,0,,0,0,HYP-NORMAL,ALM-PANEL-TEMP
2026-07-13T10:45:00+00:00,715,1865,255,5.17,41.57,11.66,DSYA4_L1,26.01,1.142,,22.16,1.028,0,,0,0,HYP-NORMAL,ALM-PANEL-TEMP
2026-07-13T11:00:00+00:00,716,1890,256.4,5.13,41.78,11.83,DSYA4_L1,26.49,1.145,,22.63,1.028,0,,0,0,HYP-NORMAL,ALM-PANEL-TEMP
2026-07-13T11:15:00+00:00,717,1886,256.2,5.13,41.97,11.99,DSYA4_L1,27.04,1.154,,22.62,1.023,0,,0,0,HYP-NORMAL,ALM-PANEL-TEMP
2026-07-13T11:30:00+00:00,718,1890,254.1,5.12,42.16,12.15,DSYA4_L1,27.27,1.154,,23.2,1.024,0,,0,0,HYP-NORMAL,ALM-PANEL-TEMP
2026-07-13T11:45:00+00:00,719,1882,252,5.13,42.34,12.3,DSYA4_L1,27.86,1.156,,23.75,1.026,0,,0,0,HYP-NORMAL,ALM-PANEL-TEMP
2026-07-13T12:00:00+00:00,720,1878,249.5,5.14,42.51,12.44,DSYA4_L1,27.74,1.154,,24.06,1.026,0,,0,0,HYP-NORMAL,ALM-PANEL-TEMP
2026-07-13T12:15:00+00:00,721,1848,246.2,5.18,42.66,12.58,DSYA4_L1,27.76,1.14,,24.15,1.024,0,,0,0,HYP-NORMAL,ALM-PANEL-TEMP
2026-07-13T12:30:00+00:00,722,1816,244.1,5.24,42.81,12.71,DSYA4_L1,27.86,1.139,,23.84,1.02,0,,0,0,HYP-NORMAL,ALM-PANEL-TEMP
2026-07-13T12:45:00+00:00,723,1798,244.5,5.27,42.94,12.82,DSYA7_L1,27.61,1.147,,23.71,1.019,0,,0,0,HYP-NORMAL,ALM-PANEL-TEMP
2026-07-13T13:00:00+00:00,724,1774,243.6,5.31,43.07,12.93,DSYA3_L1,27.49,1.147,,23.16,1.015,0,,0,0,HYP-NORMAL,ALM-PANEL-TEMP
2026-07-13T13:15:00+00:00,725,1792,245.1,5.28,43.18,13.03,DSYA7_L1,26.94,1.16,,23.09,1.016,0,,0,0,HYP-NORMAL,ALM-PANEL-TEMP
2026-07-13T13:30:00+00:00,726,1804,247.6,5.27,43.27,13.11,DSYA4_L1,27.32,1.16,,23.29,1.017,0,,0,0,HYP-NORMAL,ALM-PANEL-TEMP
2026-07-13T13:45:00+00:00,727,1818,250.9,5.25,43.35,13.19,DSYA7_L1,27.61,1.149,,23.71,1.021,0,,0,0,HYP-NORMAL,ALM-PANEL-TEMP
2026-07-13T14:00:00+00:00,728,1818,250.1,5.25,43.42,13.25,DSYA3_L1,28.11,1.096,,24.01,1.024,0,,0,0,HYP-NORMAL,ALM-PANEL-TEMP
2026-07-13T14:15:00+00:00,729,1842,254.1,5.21,43.47,13.29,DSYA4_L1,28.03,1.081,,24.27,1.026,0,,0,0,HYP-NORMAL,ALM-PANEL-TEMP
2026-07-13T14:30:00+00:00,730,1862,256.8,5.18,43.51,13.33,DSYA4_L1,28.6,1.06,,24.79,1.03,0,,0,0,HYP-NORMAL,ALM-PANEL-TEMP
2026-07-13T14:45:00+00:00,731,1890,258.8,5.13,43.53,13.35,DSYA4_L1,29.17,1.077,,25.2,1.034,0,,0,0,HYP-NORMAL,ALM-PANEL-TEMP
2026-07-13T15:00:00+00:00,732,1916,259.2,5.09,43.54,13.35,DSYA4_L1,29.79,1.075,,26,1.04,0,,0,0,HYP-NORMAL,ALM-PANEL-TEMP
2026-07-13T15:15:00+00:00,733,1905,258.1,5.1,43.53,13.35,DSYA4_L1,30.42,1.044,908,26.59,1.044,0,,0,0,HYP-NORMAL,ALM-PANEL-TEMP
2026-07-13T15:30:00+00:00,734,1912,258,5.09,43.51,13.33,DSYA4_L1,30.59,1.063,884,26.78,1.046,0,,0,0,HYP-NORMAL,ALM-PANEL-TEMP
2026-07-13T15:45:00+00:00,735,1894,251.7,5.11,43.47,13.29,DSYA4_L1,31.19,1.062,860,26.92,1.047,0,,0,0,HYP-NORMAL,ALM-PANEL-TEMP
2026-07-13T16:00:00+00:00,736,1891,249.4,5.11,43.42,13.25,DSYA4_L1,30.88,1.047,883,26.89,1.047,0,,0,0,HYP-NORMAL,ALM-PANEL-TEMP
2026-07-13T16:15:00+00:00,737,1884,252.2,5.13,43.35,13.19,DSYA4_L1,30.95,1.049,859,27,1.049,0,,0,0,HYP-NORMAL,ALM-PANEL-TEMP
2026-07-13T16:30:00+00:00,738,1874,253,5.15,43.27,13.11,DSYA4_L1,31.24,1.049,883,26.93,1.049,0,,0,0,HYP-NORMAL,ALM-PANEL-TEMP
2026-07-13T16:45:00+00:00,739,1868,252.8,5.16,43.18,13.03,DSYA4_L1,30.97,1.048,1001,26.7,1.048,0,,0,0,HYP-NORMAL,ALM-PANEL-TEMP
2026-07-13T17:00:00+00:00,740,1863,255.4,5.17,43.07,12.93,DSYA3_L1,31.04,1.053,832,27.04,1.053,0,,0,0,HYP-NORMAL,ALM-PANEL-TEMP
2026-07-13T17:15:00+00:00,741,1833,252.3,5.22,42.94,12.82,DSYA4_L1,30.86,1.055,738,27.06,1.055,0,,0,0,HYP-NORMAL,ALM-PANEL-TEMP
2026-07-13T17:30:00+00:00,742,1800,247.5,5.27,42.81,12.71,DSYA4_L1,30.82,1.055,762,26.69,1.055,0,,0,0,HYP-NORMAL,ALM-PANEL-TEMP
2026-07-13T17:45:00+00:00,743,1771,244.4,5.32,42.66,12.58,DSYA7_L1,30.15,1.054,831,26.24,1.054,0,,0,0,HYP-NORMAL,ALM-PANEL-TEMP
2026-07-13T18:00:00+00:00,744,1750,243.1,5.35,42.51,12.44,DSYA4_L1,29.4,1.054,761,25.81,1.054,0,,0,0,HYP-NORMAL,ALM-PANEL-TEMP
2026-07-13T18:15:00+00:00,745,1725,241.2,5.4,42.34,12.3,DSYA7_L1,29.19,1.056,713,25.55,1.056,0,,0,0,HYP-NORMAL,ALM-PANEL-TEMP
2026-07-13T18:30:00+00:00,746,1717,242,5.41,42.16,12.15,DSYA3_L1,28.73,1.057,713,25.14,1.057,0,,0,0,HYP-NORMAL,ALM-PANEL-TEMP
2026-07-13T18:45:00+00:00,747,1684,237.6,5.46,41.97,11.99,DSYA7_L1,28.43,1.057,736,24.58,1.057,0,,0,0,HYP-NORMAL,ALM-PANEL-TEMP
2026-07-13T19:00:00+00:00,748,1656,234.4,5.51,41.78,11.83,DSYA7_L1,28.02,1.059,662,24.39,1.059,0,,0,0,HYP-NORMAL,ALM-PANEL-TEMP
2026-07-13T19:15:00+00:00,749,1664,233.3,5.49,41.57,11.66,DSYA3_L1,27.29,1.059,688,23.82,1.059,0,,0,0,HYP-NORMAL,ALM-PANEL-TEMP
2026-07-13T19:30:00+00:00,750,1668,233.7,5.48,41.36,11.48,DSYA4_L1,27.07,1.062,663,23.78,1.062,0,,0,0,HYP-NORMAL,ALM-PANEL-TEMP
2026-07-13T19:45:00+00:00,751,1677,234,5.47,41.15,11.31,DSYA4_L1,26.96,1.067,567,24.1,1.067,0,,0,0,HYP-NORMAL,ALM-PANEL-TEMP
2026-07-13T20:00:00+00:00,752,1697,235.8,5.44,40.93,11.13,DSYA3_L1,27.02,1.069,565,23.94,1.069,0,,0,0,HYP-NORMAL,ALM-PANEL-TEMP
2026-07-13T20:15:00+00:00,753,1677,234.7,5.47,40.7,10.95,DSYA4_L1,27.29,1.072,517,24.03,1.072,0,,0,0,HYP-NORMAL,ALM-PANEL-TEMP
2026-07-13T20:30:00+00:00,754,1642,233.7,5.53,40.48,10.77,DSYA4_L1,27.19,1.077,493,24.3,1.077,0,,0,0,HYP-NORMAL,ALM-PANEL-TEMP
2026-07-13T20:45:00+00:00,755,1614,230.8,5.58,40.25,10.59,DSYA3_L1,26.94,1.075,493,23.51,1.075,0,,0,0,HYP-NORMAL,ALM-PANEL-TEMP
2026-07-13T21:00:00+00:00,756,1583,227.4,5.63,40.02,10.41,DSYA3_L1,26.32,1.075,492,22.96,1.075,0,,0,0,HYP-NORMAL,ALM-PANEL-TEMP
2026-07-13T21:15:00+00:00,757,1530,224.3,5.72,39.79,10.24,DSYA3_L1,25.85,1.077,420,22.71,1.077,0,,0,0,HYP-NORMAL,
2026-07-13T21:30:00+00:00,758,1467,216.1,5.82,39.56,10.06,DSYA3_L1,25.26,1.077,378,22.02,1.077,0,,0,0,HYP-NORMAL,
2026-07-13T21:45:00+00:00,759,1415,210.5,5.9,39.33,9.89,DSYA7_L1,23.99,1.076,373,21.06,1.076,0,,0,0,HYP-NORMAL,
2026-07-13T22:00:00+00:00,760,1350,202.7,6.01,39.11,9.73,DSYA3_L1,22.87,1.076,325,20.35,1.076,0,,0,30,HYP-LOOSE-CONN,ALM-TTL-14D
2026-07-13T22:15:00+00:00,761,1260,192.7,6.16,38.88,9.56,DSYA3_L1,22.26,1.077,257,19.52,1.077,0,,0,30,HYP-LOOSE-CONN,ALM-TTL-14D
2026-07-13T22:30:00+00:00,762,1173,182.3,6.3,38.67,9.41,DSYA3_L1,20.77,1.074,229,18.02,1.074,0,,0,30,HYP-LOOSE-CONN,ALM-TTL-14D
2026-07-13T22:45:00+00:00,763,1072,169.1,6.46,38.46,9.25,DSYA7_L1,19.65,1.073,161,16.71,1.073,0,,0,30,HYP-LOOSE-CONN,ALM-TTL-14D
2026-07-13T23:00:00+00:00,764,976.3,157.2,6.62,38.26,9.11,DSYA7_L1,18.22,1.072,84,15.27,1.072,0,,0,30,HYP-LOOSE-CONN,ALM-TTL-14D
2026-07-13T23:15:00+00:00,765,885.3,144.3,6.76,38.06,8.97,DSYA3_L1,16.73,1.072,12,14.05,1.072,0,,0,30,HYP-LOOSE-CONN,ALM-TTL-14D
2026-07-13T23:30:00+00:00,766,792.4,130.5,6.91,37.87,8.84,DSYA3_L1,15.6,1.073,9,13.03,1.073,0,,0,30,HYP-LOOSE-CONN,ALM-TTL-14D
2026-07-13T23:45:00+00:00,767,704.3,117.3,7.06,37.69,8.71,DSYA7_L1,14.18,1.073,8,11.91,1.073,0,,0,30,HYP-LOOSE-CONN,ALM-TTL-14D
2026-07-14T00:00:00+00:00,768,617.2,104,7.2,37.59,8.64,DSYA7_L1,13.14,1.073,8,10.81,1.073,0,,0,30,HYP-LOOSE-CONN,ALM-TTL-14D
2026-07-14T00:15:00+00:00,769,598.2,101.3,7.23,37.44,8.53,DSYA3_L1,11.91,1.073,7,10.21,1.073,0,,0,30,HYP-LOOSE-CONN,ALM-TTL-14D
2026-07-14T00:30:00+00:00,770,582.8,98.9,7.25,37.29,8.43,DSYA3_L1,11.45,1.074,7,9.47,1.074,0,,0,30,HYP-LOOSE-CONN,ALM-TTL-14D
2026-07-14T00:45:00+00:00,771,570.7,97,7.27,37.16,8.34,DSYA7_L1,10.49,1.075,7,9.27,1.075,0,,0,30,HYP-LOOSE-CONN,ALM-TTL-14D
2026-07-14T01:00:00+00:00,772,561.4,96.1,7.29,37.04,8.26,DSYA4_L1,10.02,1.075,6,8.79,1.075,0,,0,30,HYP-LOOSE-CONN,ALM-TTL-14D
2026-07-14T01:15:00+00:00,773,553.3,94.9,7.3,36.93,8.18,DSYA3_L1,9.48,1.076,6,8.34,1.076,0,,0,30,HYP-LOOSE-CONN,ALM-TTL-14D
2026-07-14T01:30:00+00:00,774,544.4,93.7,7.32,36.83,8.12,DSYA3_L1,8.99,1.077,6,8.22,1.077,0,,0,30,HYP-LOOSE-CONN,ALM-TTL-14D
2026-07-14T01:45:00+00:00,775,537.3,92.9,7.33,36.75,8.06,DSYA3_L1,8.71,1.077,5,8.04,1.077,0,,0,30,HYP-LOOSE-CONN,ALM-TTL-14D
2026-07-14T02:00:00+00:00,776,528.3,91.3,7.34,36.68,8.02,DSYA7_L1,8.44,1.078,5,7.47,1.078,0,,0,30,HYP-LOOSE-CONN,ALM-TTL-14D
2026-07-14T02:15:00+00:00,777,527.2,91,7.35,36.63,7.98,DSYA7_L1,8,1.078,5,7.24,1.078,0,,0,30,HYP-LOOSE-CONN,ALM-TTL-14D
2026-07-14T02:30:00+00:00,778,523.8,90.2,7.35,36.59,7.96,DSYA3_L1,7.76,1.079,5,6.96,1.079,0,,0,30,HYP-LOOSE-CONN,ALM-TTL-14D
2026-07-14T02:45:00+00:00,779,521.5,89.6,7.35,36.57,7.94,DSYA1_L1,7.23,1.08,4,7.12,1.08,0,,0,30,HYP-LOOSE-CONN,ALM-TTL-14D
2026-07-14T03:00:00+00:00,780,521,89.1,7.35,36.56,7.94,DSYA7_L1,7.42,1.08,4,6.68,1.08,0,,0,30,HYP-LOOSE-CONN,ALM-TTL-14D
2026-07-14T03:15:00+00:00,781,524.2,90,7.35,36.57,7.94,DSYA7_L1,7.11,1.08,4,6.28,1.08,0,,0,30,HYP-LOOSE-CONN,ALM-TTL-14D
2026-07-14T03:30:00+00:00,782,524.2,90.4,7.35,36.59,7.96,DSYA1_L1,6.63,1.08,4,6.14,1.08,0,,0,30,HYP-LOOSE-CONN,ALM-TTL-14D
2026-07-14T03:45:00+00:00,783,525.7,90.6,7.35,36.63,7.98,DSYA4_L1,6.58,1.08,3,5.68,1.08,0,,0,30,HYP-LOOSE-CONN,ALM-TTL-14D
2026-07-14T04:00:00+00:00,784,525.7,91.2,7.35,36.68,8.02,DSYA7_L1,6.51,1.081,3,5.67,1.081,0,,0,30,HYP-LOOSE-CONN,ALM-TTL-14D
2026-07-14T04:15:00+00:00,785,533.8,92.5,7.34,36.75,8.06,DSYA3_L1,6.56,1.081,3,5.61,1.081,0,,0,30,HYP-LOOSE-CONN,ALM-TTL-14D
2026-07-14T04:30:00+00:00,786,543.3,94,7.32,36.83,8.12,DSYA7_L1,5.92,1.082,3,5.85,1.082,0,,0,30,HYP-LOOSE-CONN,ALM-TTL-14D
2026-07-14T04:45:00+00:00,787,549.9,94.7,7.31,36.93,8.18,DSYA4_L1,6.2,1.082,2,5.42,1.082,0,,0,30,HYP-LOOSE-CONN,ALM-TTL-14D
2026-07-14T05:00:00+00:00,788,559.1,96.3,7.29,37.04,8.26,DSYA3_L1,5.71,1.083,2,5.52,1.083,0,,0,30,HYP-LOOSE-CONN,ALM-TTL-14D
2026-07-14T05:15:00+00:00,789,599,102.8,7.23,37.16,8.34,DSYA3_L1,5.98,1.083,2,5.34,1.083,0,,0,30,HYP-LOOSE-CONN,ALM-TTL-14D
2026-07-14T05:30:00+00:00,790,639.1,108.7,7.16,37.29,8.43,DSYA7_L1,5.89,1.083,2,5,1.083,0,,0,30,HYP-LOOSE-CONN,ALM-TTL-14D
2026-07-14T05:45:00+00:00,791,682.4,115,7.09,37.44,8.53,DSYA7_L1,5.95,1.083,2,5.23,1.083,0,,0,30,HYP-LOOSE-CONN,ALM-TTL-14D
2026-07-14T06:00:00+00:00,792,717.9,120,7.04,37.59,8.64,DSYA4_L1,5.95,1.084,2,5.66,1.084,0,,0,30,HYP-LOOSE-CONN,ALM-TTL-14D
2026-07-14T06:15:00+00:00,793,844.2,137.4,6.83,37.76,8.76,DSYA4_L1,6.41,1.085,2,6.1,1.085,0,,0,30,HYP-LOOSE-CONN,ALM-TTL-14D
2026-07-14T06:30:00+00:00,794,971.7,155.2,6.62,37.94,8.88,DSYA4_L1,6.91,1.087,53,6.48,1.087,0,,0,30,HYP-LOOSE-CONN,ALM-TTL-14D
2026-07-14T06:45:00+00:00,795,1096,172.6,6.42,38.13,9.02,DSYA4_L1,8.21,1.09,244,7.78,1.09,0,,0,30,HYP-LOOSE-CONN,ALM-TTL-14D
2026-07-14T07:00:00+00:00,796,1222,188.4,6.22,38.32,9.16,DSYA4_L1,9.56,1.093,316,8.98,1.093,0,,0,30,HYP-LOOSE-CONN,ALM-TTL-14D
2026-07-14T07:15:00+00:00,797,1350,202.4,6.01,38.53,9.3,DSYA4_L1,10.81,1.099,364,10.58,1.099,0,,0,0,HYP-NORMAL,
2026-07-14T07:30:00+00:00,798,1478,218.6,5.8,38.74,9.45,DSYA4_L1,12.98,1.105,388,12.29,1.105,0,,0,0,HYP-NORMAL,
2026-07-14T07:45:00+00:00,799,1617,233.9,5.58,38.95,9.61,DSYA4_L1,14.96,1.111,416,13.99,1.111,0,,0,0,HYP-NORMAL,
2026-07-14T08:00:00+00:00,800,1758,250.1,5.35,39.17,9.78,DSYA4_L1,17.09,1.122,409,16.56,1.122,0,,0,0,HYP-NORMAL,ALM-PANEL-TEMP
2026-07-14T08:15:00+00:00,801,1792,254.8,5.3,39.4,9.94,DSYA4_L1,20.15,1.132,361,19.27,1.132,0,,0,0,HYP-NORMAL,ALM-PANEL-TEMP
2026-07-14T08:30:00+00:00,802,1826,256.9,5.24,39.62,10.11,DSYA4_L1,21.68,1.135,386,20.47,1.135,0,,0,0,HYP-NORMAL,ALM-PANEL-TEMP
2026-07-14T08:45:00+00:00,803,1866,262.2,5.18,39.85,10.29,DSYA4_L1,22.85,1.138,391,21.79,1.138,0,,0,0,HYP-NORMAL,ALM-PANEL-TEMP
2026-07-14T09:00:00+00:00,804,1909,266.9,5.11,40.08,10.47,DSYA4_L1,23.6,1.141,410,22.97,1.141,0,,0,0,HYP-NORMAL,ALM-PANEL-TEMP
2026-07-14T09:15:00+00:00,805,1891,263.9,5.14,40.31,10.64,DSYA4_L1,25.03,1.146,386,24.36,1.146,0,,0,0,HYP-NORMAL,ALM-PANEL-TEMP
2026-07-14T09:30:00+00:00,806,1868,263.3,5.18,40.54,10.82,DSYA4_L1,25.67,1.145,410,24.82,1.145,0,,0,0,HYP-NORMAL,ALM-PANEL-TEMP
2026-07-14T09:45:00+00:00,807,1872,262,5.17,40.77,11,DSYA4_L1,25.45,1.141,481,24.65,1.141,0,,0,0,HYP-NORMAL,ALM-PANEL-TEMP
2026-07-14T10:00:00+00:00,808,1863,259.8,5.18,40.99,11.18,DSYA4_L1,25.77,1.141,481,25.03,1.141,0,,0,0,HYP-NORMAL,ALM-PANEL-TEMP
2026-07-14T10:15:00+00:00,809,1882,262.1,5.15,41.21,11.36,DSYA4_L1,25.87,1.139,533,25.18,1.139,0,,0,0,HYP-NORMAL,ALM-PANEL-TEMP
2026-07-14T10:30:00+00:00,810,1907,264.4,5.11,41.43,11.54,DSYA3_L1,26.49,1.14,557,25.69,1.14,0,,0,0,HYP-NORMAL,ALM-PANEL-TEMP
2026-07-14T10:45:00+00:00,811,1915,264.9,5.1,41.64,11.71,DSYA4_L1,27.14,1.144,552,26.59,1.144,0,,0,0,HYP-NORMAL,ALM-PANEL-TEMP
2026-07-14T11:00:00+00:00,812,1926,266.2,5.08,41.84,11.88,DSYA4_L1,27.84,1.146,550,27.18,1.146,0,,0,0,HYP-NORMAL,ALM-PANEL-TEMP
2026-07-14T11:15:00+00:00,813,1931,267.4,5.07,42.04,12.04,DSYA4_L1,28.42,1.147,552,27.66,1.147,0,,0,0,HYP-NORMAL,ALM-PANEL-TEMP
2026-07-14T11:30:00+00:00,814,1933,266,5.07,42.22,12.2,DSYA4_L1,29.01,1.151,527,28.42,1.151,0,,0,0,HYP-NORMAL,ALM-PANEL-TEMP
2026-07-14T11:45:00+00:00,815,1926,264.9,5.08,42.4,12.35,DSYA4_L1,29.5,1.151,551,28.54,1.151,0,,0,0,HYP-NORMAL,ALM-PANEL-TEMP
2026-07-14T12:00:00+00:00,816,1919,264.9,5.09,42.57,12.5,DSYA4_L1,29.52,1.15,575,28.63,1.15,0,,0,0,HYP-NORMAL,ALM-PANEL-TEMP
2026-07-14T12:15:00+00:00,817,1905,264.3,5.11,42.73,12.64,DSYA4_L1,29.61,1.152,551,28.97,1.152,0,,0,0,HYP-NORMAL,ALM-PANEL-TEMP
2026-07-14T12:30:00+00:00,818,1881,261.4,5.15,42.87,12.76,DSYA3_L1,29.48,1.152,575,28.91,1.152,0,,0,0,HYP-NORMAL,ALM-PANEL-TEMP
2026-07-14T12:45:00+00:00,819,1848,255.7,5.2,43.01,12.88,DSYA3_L1,29.19,1.148,670,28.32,1.148,0,,0,0,HYP-NORMAL,ALM-PANEL-TEMP
2026-07-14T13:00:00+00:00,820,1824,253.6,5.24,43.13,12.99,DSYA3_L1,29.25,1.151,644,28.54,1.151,0,,0,0,HYP-NORMAL,ALM-PANEL-TEMP
2026-07-14T13:15:00+00:00,821,1827,252.8,5.23,43.24,13.09,DSYA3_L1,29.1,1.149,674,28.08,1.149,0,,0,0,HYP-NORMAL,ALM-PANEL-TEMP
2026-07-14T13:30:00+00:00,822,1848,255.9,5.2,43.33,13.17,DSYA3_L1,28.53,1.153,645,28.36,1.153,0,,0,0,HYP-NORMAL,ALM-PANEL-TEMP
2026-07-14T13:45:00+00:00,823,1851,257.9,5.2,43.41,13.24,DSYA3_L1,29.05,1.159,549,29.01,1.159,0,,0,0,HYP-NORMAL,ALM-PANEL-TEMP
2026-07-14T14:00:00+00:00,824,1874,262.1,5.17,43.48,13.3,DSYA4_L1,29.38,1.159,571,28.86,1.159,0,,0,0,HYP-NORMAL,ALM-PANEL-TEMP
2026-07-14T14:15:00+00:00,825,1895,264.2,5.13,43.53,13.35,DSYA3_L1,29.74,1.165,525,29.45,1.165,0,,0,0,HYP-NORMAL,ALM-PANEL-TEMP
2026-07-14T14:30:00+00:00,826,1901,267.1,5.13,43.57,13.38,DSYA4_L1,30.48,1.168,524,29.78,1.168,0,,0,0,HYP-NORMAL,ALM-PANEL-TEMP
2026-07-14T14:45:00+00:00,827,1927,269.4,5.08,43.59,13.41,DSYA4_L1,30.95,1.174,476,30.41,1.174,0,,0,0,HYP-NORMAL,ALM-PANEL-TEMP
2026-07-14T15:00:00+00:00,828,1945,270.4,5.05,43.6,13.41,DSYA4_L1,31.38,1.179,474,30.99,1.179,0,,0,0,HYP-NORMAL,ALM-PANEL-TEMP
2026-07-14T15:15:00+00:00,829,1925,267.3,5.08,43.59,13.41,DSYA4_L1,32.14,1.183,474,31.35,1.183,0,,0,0,HYP-NORMAL,ALM-PANEL-TEMP
2026-07-14T15:30:00+00:00,830,1929,268.1,5.08,43.57,13.38,DSYA4_L1,31.75,1.186,473,31.6,1.186,0,,0,0,HYP-NORMAL,ALM-PANEL-TEMP
2026-07-14T15:45:00+00:00,831,1927,268.7,5.08,43.53,13.35,DSYA4_L1,32.09,1.19,403,31.85,1.19,0,,0,0,HYP-NORMAL,ALM-PANEL-TEMP
2026-07-14T16:00:00+00:00,832,1932,271.1,5.08,43.48,13.3,DSYA3_L2,32.13,1.194,379,32.13,1.194,0,,0,0,HYP-NORMAL,ALM-PANEL-TEMP
2026-07-14T16:15:00+00:00,833,1928,271.2,5.08,43.41,13.24,DSYA4_L1,32.21,1.196,383,32.14,1.196,0,,0,0,HYP-NORMAL,ALM-PANEL-TEMP
2026-07-14T16:30:00+00:00,834,1924,272,5.09,43.33,13.17,DSYA4_L1,32.51,1.2,377,32.44,1.2,0,,0,0,HYP-NORMAL,ALM-PANEL-TEMP
2026-07-14T16:45:00+00:00,835,1928,273.4,5.09,43.24,13.09,DSYA3_L2,32.3,1.201,378,32.3,1.201,0,,0,0,HYP-NORMAL,ALM-PANEL-TEMP
2026-07-14T17:00:00+00:00,836,1933,273.4,5.08,43.13,12.99,DSYA7_L1,32.63,1.2,400,32.01,1.2,0,,0,0,HYP-NORMAL,ALM-PANEL-TEMP
2026-07-14T17:15:00+00:00,837,1898,273,5.14,43.01,12.88,DSYA3_L2,32.95,1.21,328,32.95,1.21,0,,0,30,HYP-LOOSE-CONN,ALM-TTL-14D;ALM-PANEL-TEMP
2026-07-14T17:30:00+00:00,838,1869,267.1,5.18,42.87,12.76,DSYA3_L1,32.41,1.205,358,32.08,1.205,0,,0,0,HYP-NORMAL,ALM-PANEL-TEMP
2026-07-14T17:45:00+00:00,839,1861,266.1,5.2,42.73,12.64,DSYA3_L2,31.72,1.206,358,31.72,1.206,0,,0,0,HYP-NORMAL,ALM-PANEL-TEMP
2026-07-14T18:00:00+00:00,840,1835,262.6,5.24,42.57,12.5,DSYA4_L1,31.7,1.207,351,31.49,1.207,4194304,ALM-DQ-DRIFT,0,0,HYP-NORMAL,ALM-PANEL-TEMP
2026-07-14T18:15:00+00:00,841,1813,259.6,5.27,42.4,12.35,DSYA3_L2,31.12,1.207,353,31.12,1.207,4194304,ALM-DQ-DRIFT,0,0,HYP-NORMAL,ALM-PANEL-TEMP
2026-07-14T18:30:00+00:00,842,1782,257.5,5.32,42.22,12.2,DSYA7_L1,30.99,1.207,357,30.62,1.207,4194304,ALM-DQ-DRIFT,0,0,HYP-NORMAL,ALM-PANEL-TEMP
2026-07-14T18:45:00+00:00,843,1765,258.2,5.35,42.04,12.04,DSYA3_L1,30.42,1.209,352,30.3,1.209,4194304,ALM-DQ-DRIFT,0,0,HYP-NORMAL,ALM-PANEL-TEMP
2026-07-14T19:00:00+00:00,844,1740,256.3,5.4,41.84,11.88,DSYA3_L1,30.08,1.209,352,29.81,1.209,4194304,ALM-DQ-DRIFT,0,0,HYP-NORMAL,ALM-PANEL-TEMP
2026-07-14T19:15:00+00:00,845,1749,253.8,5.37,41.64,11.71,DSYA3_L1,29.67,1.209,376,29.26,1.209,4194304,ALM-DQ-DRIFT,0,0,HYP-NORMAL,ALM-PANEL-TEMP
2026-07-14T19:30:00+00:00,846,1760,252.3,5.35,41.43,11.54,DSYA4_L1,29.42,1.212,376,29.2,1.212,4194304,ALM-DQ-DRIFT,0,0,HYP-NORMAL,ALM-PANEL-TEMP
2026-07-14T19:45:00+00:00,847,1772,255.6,5.34,41.21,11.36,DSYA4_L1,29.6,1.216,375,29.3,1.216,4194304,ALM-DQ-DRIFT,0,0,HYP-NORMAL,ALM-PANEL-TEMP
2026-07-14T20:00:00+00:00,848,1789,258.3,5.31,40.99,11.18,DSYA4_L1,29.91,1.221,349,29.6,1.221,0,,0,0,HYP-NORMAL,ALM-PANEL-TEMP
2026-07-14T20:15:00+00:00,849,1757,255.2,5.36,40.77,11,DSYA3_L2,30.08,1.227,303,30.08,1.227,0,,0,30,HYP-LOOSE-CONN,ALM-TTL-14D;ALM-PANEL-TEMP
2026-07-14T20:30:00+00:00,850,1735,254.5,5.4,40.54,10.82,DSYA3_L2,29.79,1.228,302,29.79,1.228,0,,0,30,HYP-LOOSE-CONN,ALM-TTL-14D;ALM-PANEL-TEMP
2026-07-14T20:45:00+00:00,851,1715,251.4,5.43,40.31,10.64,DSYA3_L2,29.23,1.228,302,29.23,1.228,0,,0,30,HYP-LOOSE-CONN,ALM-TTL-14D;ALM-PANEL-TEMP
2026-07-14T21:00:00+00:00,852,1688,251,5.48,40.08,10.47,DSYA3_L2,28.78,1.228,300,28.78,1.228,0,,0,30,HYP-LOOSE-CONN,ALM-TTL-14D;ALM-PANEL-TEMP
2026-07-14T21:15:00+00:00,853,1609,241.4,5.61,39.85,10.29,DSYA3_L2,28.49,1.23,300,28.49,1.23,0,,0,30,HYP-LOOSE-CONN,ALM-TTL-14D;ALM-PANEL-TEMP
2026-07-14T21:30:00+00:00,854,1539,230.9,5.71,39.62,10.11,DSYA3_L1,27.56,1.227,300,27.31,1.227,0,,0,30,HYP-LOOSE-CONN,ALM-TTL-14D
2026-07-14T21:45:00+00:00,855,1486,224.8,5.8,39.4,9.94,DSYA7_L1,26.42,1.223,299,25.97,1.223,0,,0,30,HYP-LOOSE-CONN,ALM-TTL-14D
2026-07-14T22:00:00+00:00,856,1428,218.1,5.89,39.17,9.78,DSYA3_L1,25.71,1.224,299,25.14,1.224,0,,0,30,HYP-LOOSE-CONN,ALM-TTL-14D
2026-07-14T22:15:00+00:00,857,1321,206.6,6.07,38.95,9.61,DSYA3_L1,24.2,1.221,209,23.75,1.221,0,,0,30,HYP-LOOSE-CONN,ALM-TTL-14D
2026-07-14T22:30:00+00:00,858,1218,193,6.23,38.74,9.45,DSYA7_L1,22.68,1.217,181,21.85,1.217,0,,0,30,HYP-LOOSE-CONN,ALM-TTL-14D
2026-07-14T22:45:00+00:00,859,1114,178.5,6.4,38.53,9.3,DSYA7_L1,21.34,1.216,131,20.5,1.216,0,,0,30,HYP-LOOSE-CONN,ALM-TTL-14D
2026-07-14T23:00:00+00:00,860,1016,165.3,6.56,38.32,9.16,DSYA3_L1,19.7,1.214,40,18.68,1.214,0,,0,30,HYP-LOOSE-CONN,ALM-TTL-14D
2026-07-14T23:15:00+00:00,861,922.3,152.4,6.71,38.13,9.02,DSYA7_L1,18.09,1.214,10,17.33,1.214,0,,0,30,HYP-LOOSE-CONN,ALM-TTL-14D
2026-07-14T23:30:00+00:00,862,827.6,139.1,6.86,37.94,8.88,DSYA3_L1,16.59,1.214,9,15.9,1.214,0,,0,30,HYP-LOOSE-CONN,ALM-TTL-14D
2026-07-14T23:45:00+00:00,863,731.3,124.5,7.02,37.76,8.76,DSYA7_L1,15.5,1.213,8,14.52,1.213,0,,0,30,HYP-LOOSE-CONN,ALM-TTL-14D
2026-07-15T00:00:00+00:00,864,638.6,110.1,7.17,37.66,8.69,DSYA3_L1,14.19,1.214,8,13.59,1.214,0,,0,30,HYP-LOOSE-CONN,ALM-TTL-14D
2026-07-15T00:15:00+00:00,865,622.8,107.6,7.19,37.5,8.58,DSYA3_L1,13.17,1.214,7,12.54,1.214,0,,0,30,HYP-LOOSE-CONN,ALM-TTL-14D
2026-07-15T00:30:00+00:00,866,602.9,103.7,7.22,37.36,8.48,DSYA7_L1,12.29,1.214,7,11.42,1.214,0,,0,30,HYP-LOOSE-CONN,ALM-TTL-14D
2026-07-15T00:45:00+00:00,867,590.5,101.6,7.24,37.22,8.38,DSYA3_L1,11.58,1.215,7,10.97,1.215,0,,0,30,HYP-LOOSE-CONN,ALM-TTL-14D
2026-07-15T01:00:00+00:00,868,576.8,99.7,7.27,37.1,8.3,DSYA7_L1,10.88,1.216,6,10.39,1.216,0,,0,30,HYP-LOOSE-CONN,ALM-TTL-14D
2026-07-15T01:15:00+00:00,869,568.3,98.4,7.28,36.99,8.23,DSYA3_L1,10.41,1.216,6,9.88,1.216,0,,0,30,HYP-LOOSE-CONN,ALM-TTL-14D
2026-07-15T01:30:00+00:00,870,557.9,97.1,7.3,36.9,8.16,DSYA7_L1,9.96,1.217,6,9.93,1.217,0,,0,30,HYP-LOOSE-CONN,ALM-TTL-14D
2026-07-15T01:45:00+00:00,871,545.6,95.1,7.32,36.82,8.11,DSYA3_L2,9.44,1.217,5,9.44,1.217,0,,0,30,HYP-LOOSE-CONN,ALM-TTL-14D
2026-07-15T02:00:00+00:00,872,532.8,92.7,7.34,36.75,8.06,DSYA3_L2,9.2,1.218,5,9.2,1.218,0,,0,30,HYP-LOOSE-CONN,ALM-TTL-14D
2026-07-15T02:15:00+00:00,873,527.7,91.5,7.35,36.7,8.03,DSYA3_L2,8.87,1.218,5,8.87,1.218,0,,0,30,HYP-LOOSE-CONN,ALM-TTL-14D
2026-07-15T02:30:00+00:00,874,526.3,91.2,7.35,36.66,8,DSYA3_L1,8.64,1.219,5,8.59,1.219,0,,0,30,HYP-LOOSE-CONN,ALM-TTL-14D
2026-07-15T02:45:00+00:00,875,527.4,91.6,7.35,36.64,7.99,DSYA3_L2,8.13,1.219,4,8.13,1.219,0,,0,30,HYP-LOOSE-CONN,ALM-TTL-14D
2026-07-15T03:00:00+00:00,876,523.3,91,7.35,36.63,7.98,DSYA3_L1,7.61,1.219,4,7.38,1.219,0,,0,30,HYP-LOOSE-CONN,ALM-TTL-14D
2026-07-15T03:15:00+00:00,877,528.2,91.9,7.35,36.64,7.99,DSYA3_L1,7.41,1.22,4,7.2,1.22,0,,0,30,HYP-LOOSE-CONN,ALM-TTL-14D
2026-07-15T03:30:00+00:00,878,525.3,92,7.35,36.66,8,DSYA3_L2,7.25,1.22,4,7.25,1.22,0,,0,30,HYP-LOOSE-CONN,ALM-TTL-14D
2026-07-15T03:45:00+00:00,879,526.3,92.2,7.35,36.7,8.03,DSYA3_L2,7.15,1.221,3,7.15,1.221,0,,0,30,HYP-LOOSE-CONN,ALM-TTL-14D
2026-07-15T04:00:00+00:00,880,521.9,91.3,7.36,36.75,8.06,DSYA4_L1,6.93,1.221,3,6.7,1.221,0,,0,30,HYP-LOOSE-CONN,ALM-TTL-14D
2026-07-15T04:15:00+00:00,881,534.4,92.6,7.33,36.82,8.11,DSYA3_L2,6.85,1.221,3,6.85,1.221,0,,0,30,HYP-LOOSE-CONN,ALM-TTL-14D
2026-07-15T04:30:00+00:00,882,547.8,95.1,7.31,36.9,8.16,DSYA3_L2,6.66,1.222,3,6.66,1.222,0,,0,30,HYP-LOOSE-CONN,ALM-TTL-14D
2026-07-15T04:45:00+00:00,883,560.1,97.3,7.29,36.99,8.23,DSYA3_L2,6.25,1.222,3,6.25,1.222,0,,0,30,HYP-LOOSE-CONN,ALM-TTL-14D
2026-07-15T05:00:00+00:00,884,569.9,99,7.28,37.1,8.3,DSYA3_L2,6.44,1.222,2,6.44,1.222,0,,0,30,HYP-LOOSE-CONN,ALM-TTL-14D
2026-07-15T05:15:00+00:00,885,608.1,104.8,7.22,37.22,8.38,DSYA3_L2,6.4,1.223,2,6.4,1.223,0,,0,30,HYP-LOOSE-CONN,ALM-TTL-14D
2026-07-15T05:30:00+00:00,886,650.9,111.5,7.15,37.36,8.48,DSYA4_L1,6.06,1.222,2,5.87,1.222,0,,0,30,HYP-LOOSE-CONN,ALM-TTL-14D
2026-07-15T05:45:00+00:00,887,691.1,118.2,7.08,37.5,8.58,DSYA7_L1,6.43,1.223,2,6.18,1.223,0,,0,30,HYP-LOOSE-CONN,ALM-TTL-14D
2026-07-15T06:00:00+00:00,888,734.5,125,7.01,37.66,8.69,DSYA3_L2,6.75,1.224,2,6.75,1.224,0,,0,30,HYP-LOOSE-CONN,ALM-TTL-14D
2026-07-15T06:15:00+00:00,889,864.3,143.3,6.8,37.83,8.8,DSYA3_L2,7.19,1.225,2,7.19,1.225,0,,0,30,HYP-LOOSE-CONN,ALM-TTL-14D
2026-07-15T06:30:00+00:00,890,987.3,158.7,6.6,38,8.93,DSYA4_L1,7.54,1.226,123,7.49,1.226,0,,0,30,HYP-LOOSE-CONN,ALM-TTL-14D
2026-07-15T06:45:00+00:00,891,1117,176,6.39,38.19,9.06,DSYA3_L2,9.51,1.231,177,9.51,1.231,0,,0,30,HYP-LOOSE-CONN,ALM-TTL-14D
2026-07-15T07:00:00+00:00,892,1245,190.8,6.18,38.39,9.2,DSYA3_L2,10.62,1.234,290,10.62,1.234,0,,0,30,HYP-LOOSE-CONN,ALM-TTL-14D
2026-07-15T07:15:00+00:00,893,1357,203.8,6,38.59,9.35,DSYA3_L2,12.45,1.24,316,12.45,1.24,0,,0,30,HYP-LOOSE-CONN,ALM-TTL-14D
2026-07-15T07:30:00+00:00,894,1489,219.6,5.78,38.8,9.5,DSYA3_L2,14.62,1.247,340,14.62,1.247,0,,0,0,HYP-NORMAL,
2026-07-15T07:45:00+00:00,895,1626,234.8,5.56,39.01,9.66,DSYA3_L2,16.52,1.254,364,16.52,1.254,0,,0,0,HYP-NORMAL,
2026-07-15T08:00:00+00:00,896,1759,247.3,5.35,39.23,9.82,DSYA3_L2,19.26,1.265,361,19.26,1.265,0,,0,0,HYP-NORMAL,ALM-PANEL-TEMP
2026-07-15T08:15:00+00:00,897,1805,253.7,5.27,39.46,9.99,DSYA3_L2,22.04,1.275,319,22.04,1.275,0,,0,30,HYP-LOOSE-CONN,ALM-TTL-14D;ALM-PANEL-TEMP
2026-07-15T08:30:00+00:00,898,1854,259.1,5.2,39.69,10.16,DSYA3_L2,23.84,1.281,337,23.84,1.281,0,,0,0,HYP-NORMAL,ALM-PANEL-TEMP
2026-07-15T08:45:00+00:00,899,1902,262.5,5.12,39.91,10.34,DSYA3_L2,25.74,1.288,319,25.74,1.288,0,,0,30,HYP-LOOSE-CONN,ALM-TTL-14D;ALM-PANEL-TEMP
2026-07-15T09:00:00+00:00,900,1948,265.8,5.04,40.14,10.51,DSYA3_L2,27.51,1.294,318,27.51,1.294,0,,0,30,HYP-LOOSE-CONN,ALM-TTL-14D;ALM-PANEL-TEMP
2026-07-15T09:15:00+00:00,901,1943,264.1,5.05,40.37,10.69,DSYA3_L2,28.73,1.296,318,28.73,1.296,0,,0,30,HYP-LOOSE-CONN,ALM-TTL-14D;ALM-PANEL-TEMP
2026-07-15T09:30:00+00:00,902,1938,264.7,5.06,40.6,10.87,DSYA3_L2,29.5,1.297,337,29.5,1.297,0,,0,0,HYP-NORMAL,ALM-PANEL-TEMP
2026-07-15T09:45:00+00:00,903,1920,263.4,5.09,40.83,11.05,DSYA3_L2,29.9,1.296,361,29.9,1.296,0,,0,0,HYP-NORMAL,ALM-PANEL-TEMP
2026-07-15T10:00:00+00:00,904,1907,260.6,5.1,41.05,11.23,DSYA3_L2,29.91,1.293,383,29.91,1.293,0,,0,0,HYP-NORMAL,ALM-PANEL-TEMP
2026-07-15T10:15:00+00:00,905,1914,261.4,5.09,41.27,11.41,DSYA3_L2,30.28,1.293,455,30.28,1.293,0,,0,0,HYP-NORMAL,ALM-PANEL-TEMP
2026-07-15T10:30:00+00:00,906,1924,261.5,5.08,41.49,11.59,DSYA3_L2,31.02,1.296,455,31.02,1.296,0,,0,0,HYP-NORMAL,ALM-PANEL-TEMP
2026-07-15T10:45:00+00:00,907,1937,262.5,5.05,41.7,11.76,DSYA3_L2,31.17,1.295,456,31.17,1.295,0,,0,0,HYP-NORMAL,ALM-PANEL-TEMP
2026-07-15T11:00:00+00:00,908,1952,261.7,5.03,41.9,11.93,DSYA3_L2,31.99,1.298,454,31.99,1.298,0,,0,0,HYP-NORMAL,ALM-PANEL-TEMP
2026-07-15T11:15:00+00:00,909,1947,260.1,5.03,42.1,12.09,DSYA3_L2,32.75,1.302,454,32.75,1.302,0,,0,30,HYP-LOOSE-CONN,ALM-K-WARN;ALM-PANEL-TEMP
2026-07-15T11:30:00+00:00,910,1944,261,5.04,42.28,12.25,DSYA3_L2,33.31,1.304,454,33.31,1.304,0,,0,30,HYP-LOOSE-CONN,ALM-K-WARN;ALM-PANEL-TEMP
2026-07-15T11:45:00+00:00,911,1961,261.4,5.01,42.46,12.41,DSYA3_L2,33.27,1.303,456,33.27,1.303,0,,0,30,HYP-LOOSE-CONN,ALM-K-WARN;ALM-PANEL-TEMP
2026-07-15T12:00:00+00:00,912,1962,261.6,5.01,42.63,12.55,DSYA3_L2,33.55,1.303,477,33.55,1.303,0,,0,30,HYP-LOOSE-CONN,ALM-K-WARN;ALM-PANEL-TEMP
2026-07-15T12:15:00+00:00,913,1945,259.6,5.03,42.79,12.69,DSYA3_L2,34.38,1.308,453,34.38,1.308,0,,0,30,HYP-LOOSE-CONN,ALM-K-WARN;ALM-PANEL-TEMP
2026-07-15T12:30:00+00:00,914,1911,256.8,5.09,42.93,12.82,DSYA3_L2,34.26,1.306,454,34.26,1.306,0,,0,30,HYP-LOOSE-CONN,ALM-K-WARN;ALM-PANEL-TEMP
2026-07-15T12:45:00+00:00,915,1882,253.7,5.14,43.07,12.93,DSYA3_L2,34.03,1.305,459,34.03,1.305,0,,0,30,HYP-LOOSE-CONN,ALM-K-WARN;ALM-PANEL-TEMP
2026-07-15T13:00:00+00:00,916,1851,251,5.19,43.19,13.04,DSYA3_L2,33.95,1.306,452,33.95,1.306,0,,0,30,HYP-LOOSE-CONN,ALM-K-WARN;ALM-PANEL-TEMP
2026-07-15T13:15:00+00:00,917,1872,252.4,5.15,43.3,13.14,DSYA3_L2,33.27,1.303,526,33.27,1.303,0,,0,30,HYP-LOOSE-CONN,ALM-K-WARN;ALM-PANEL-TEMP
2026-07-15T13:30:00+00:00,918,1893,255.4,5.12,43.39,13.22,DSYA3_L2,33.47,1.306,526,33.47,1.306,0,,0,30,HYP-LOOSE-CONN,ALM-K-WARN;ALM-PANEL-TEMP
2026-07-15T13:45:00+00:00,919,1895,252.4,5.11,43.47,13.3,DSYA3_L2,34.09,1.311,477,34.09,1.311,0,,0,30,HYP-LOOSE-CONN,ALM-K-WARN;ALM-PANEL-TEMP
2026-07-15T14:00:00+00:00,920,1899,252.8,5.1,43.54,13.36,DSYA3_L2,34.88,1.318,451,34.88,1.318,0,,0,30,HYP-LOOSE-CONN,ALM-K-WARN;ALM-PANEL-TEMP
2026-07-15T14:15:00+00:00,921,1920,253.7,5.07,43.59,13.4,DSYA3_L2,35.01,1.32,451,35.01,1.32,0,,0,30,HYP-LOOSE-CONN,ALM-K-WARN;ALM-PANEL-TEMP
2026-07-15T14:30:00+00:00,922,1939,256,5.04,43.63,13.44,DSYA3_L2,35.43,1.324,451,35.43,1.324,0,,0,30,HYP-LOOSE-CONN,ALM-K-WARN;ALM-PANEL-TEMP
2026-07-15T14:45:00+00:00,923,1960,257,5,43.65,13.46,DSYA3_L2,36.28,1.331,381,36.28,1.331,0,,0,30,HYP-LOOSE-CONN,ALM-K-WARN;ALM-PANEL-TEMP
2026-07-15T15:00:00+00:00,924,1985,256.8,4.96,43.66,13.47,DSYA3_L2,36.9,1.336,378,36.9,1.336,0,,0,30,HYP-LOOSE-CONN,ALM-K-WARN;ALM-PANEL-TEMP
2026-07-15T15:15:00+00:00,925,1975,256,4.97,43.65,13.46,DSYA3_L2,37.83,1.344,332,37.83,1.344,0,,0,50,HYP-LOOSE-CONN,ALM-K-WARN;ALM-TTL-14D;ALM-PANEL-TEMP
2026-07-15T15:30:00+00:00,926,1969,256.4,4.99,43.63,13.44,DSYA3_L2,37.93,1.345,354,37.93,1.345,0,,0,30,HYP-LOOSE-CONN,ALM-K-WARN;ALM-PANEL-TEMP
2026-07-15T15:45:00+00:00,927,1964,254.2,4.99,43.59,13.4,DSYA3_L2,38.58,1.352,312,38.58,1.352,0,,0,50,HYP-LOOSE-CONN,ALM-K-WARN;ALM-TTL-14D;ALM-PANEL-TEMP
2026-07-15T16:00:00+00:00,928,1962,255.2,5,43.54,13.36,DSYA3_L2,38.49,1.353,329,38.49,1.353,0,,0,50,HYP-LOOSE-CONN,ALM-K-WARN;ALM-TTL-14D;ALM-PANEL-TEMP
2026-07-15T16:15:00+00:00,929,1966,255,4.99,43.47,13.3,DSYA3_L2,39,1.359,305,39,1.359,0,,0,50,HYP-LOOSE-CONN,ALM-K-WARN;ALM-TTL-14D;ALM-PANEL-TEMP
2026-07-15T16:30:00+00:00,930,1958,256.5,5.01,43.39,13.22,DSYA3_L2,39,1.36,307,39,1.36,0,,0,50,HYP-LOOSE-CONN,ALM-K-WARN;ALM-TTL-14D;ALM-PANEL-TEMP
2026-07-15T16:45:00+00:00,931,1941,252.4,5.03,43.3,13.14,DSYA3_L2,38.53,1.358,330,38.53,1.358,0,,0,50,HYP-LOOSE-CONN,ALM-K-WARN;ALM-TTL-14D;ALM-PANEL-TEMP
2026-07-15T17:00:00+00:00,932,1914,248.9,5.07,43.19,13.04,DSYA3_L2,38.84,1.363,306,38.84,1.363,0,,0,50,HYP-LOOSE-CONN,ALM-K-WARN;ALM-TTL-14D;ALM-PANEL-TEMP
2026-07-15T17:15:00+00:00,933,1885,243.5,5.11,43.07,12.93,DSYA3_L2,38.23,1.361,330,38.23,1.361,0,,0,50,HYP-LOOSE-CONN,ALM-K-WARN;ALM-TTL-14D;ALM-PANEL-TEMP
2026-07-15T17:30:00+00:00,934,1866,241.4,5.14,42.93,12.82,DSYA3_L2,38.01,1.363,328,38.01,1.363,0,,0,50,HYP-LOOSE-CONN,ALM-K-WARN;ALM-TTL-14D;ALM-PANEL-TEMP
2026-07-15T17:45:00+00:00,935,1842,241.9,5.19,42.79,12.69,DSYA3_L2,37.84,1.365,305,37.84,1.365,0,,0,50,HYP-LOOSE-CONN,ALM-K-WARN;ALM-TTL-14D;ALM-PANEL-TEMP
2026-07-15T18:00:00+00:00,936,1813,239.6,5.23,42.63,12.55,DSYA3_L2,37.23,1.364,305,37.23,1.364,0,,0,50,HYP-LOOSE-CONN,ALM-K-WARN;ALM-TTL-14D;ALM-PANEL-TEMP
2026-07-15T18:15:00+00:00,937,1789,237.4,5.27,42.46,12.41,DSYA3_L2,36.29,1.361,329,36.29,1.361,0,,0,50,HYP-LOOSE-CONN,ALM-K-WARN;ALM-TTL-14D;ALM-PANEL-TEMP
2026-07-15T18:30:00+00:00,938,1763,236.1,5.32,42.28,12.25,DSYA3_L2,35.91,1.363,329,35.91,1.363,0,,0,50,HYP-LOOSE-CONN,ALM-K-WARN;ALM-TTL-14D;ALM-PANEL-TEMP
2026-07-15T18:45:00+00:00,939,1741,235.4,5.36,42.1,12.09,DSYA3_L2,35.07,1.362,352,35.07,1.362,0,,0,30,HYP-LOOSE-CONN,ALM-K-WARN;ALM-PANEL-TEMP
2026-07-15T19:00:00+00:00,940,1723,235.2,5.39,41.9,11.93,DSYA3_L2,34.92,1.365,308,34.92,1.365,0,,0,50,HYP-LOOSE-CONN,ALM-K-WARN;ALM-TTL-14D;ALM-PANEL-TEMP
2026-07-15T19:15:00+00:00,941,1748,239.1,5.35,41.7,11.76,DSYA3_L2,34.21,1.365,350,34.21,1.365,0,,0,30,HYP-LOOSE-CONN,ALM-K-WARN;ALM-PANEL-TEMP
2026-07-15T19:30:00+00:00,942,1762,240.9,5.33,41.49,11.59,DSYA3_L2,34.59,1.371,304,34.59,1.371,0,,0,50,HYP-LOOSE-CONN,ALM-K-WARN;ALM-TTL-14D;ALM-PANEL-TEMP
2026-07-15T19:45:00+00:00,943,1772,239.8,5.31,41.27,11.41,DSYA3_L2,34.86,1.377,303,34.86,1.377,0,,0,50,HYP-LOOSE-CONN,ALM-K-WARN;ALM-TTL-14D;ALM-PANEL-TEMP
2026-07-15T20:00:00+00:00,944,1781,242.3,5.3,41.05,11.23,DSYA3_L2,35.24,1.383,277,35.24,1.383,0,,0,50,HYP-LOOSE-CONN,ALM-K-WARN;ALM-TTL-14D;ALM-PANEL-TEMP
2026-07-15T20:15:00+00:00,945,1746,239.1,5.35,40.83,11.05,DSYA3_L2,35,1.385,277,35,1.385,0,,0,50,HYP-LOOSE-CONN,ALM-K-WARN;ALM-TTL-14D;ALM-PANEL-TEMP
2026-07-15T20:30:00+00:00,946,1712,235.2,5.41,40.6,10.87,DSYA3_L2,34.38,1.384,277,34.38,1.384,0,,0,50,HYP-LOOSE-CONN,ALM-K-WARN;ALM-TTL-14D;ALM-PANEL-TEMP
2026-07-15T20:45:00+00:00,947,1678,231.3,5.46,40.37,10.69,DSYA3_L2,34.29,1.388,276,34.29,1.388,0,,0,50,HYP-LOOSE-CONN,ALM-K-WARN;ALM-TTL-14D;ALM-PANEL-TEMP
2026-07-15T21:00:00+00:00,948,1646,228.2,5.51,40.14,10.51,DSYA3_L2,33.59,1.388,276,33.59,1.388,0,,0,50,HYP-LOOSE-CONN,ALM-K-WARN;ALM-TTL-14D;ALM-PANEL-TEMP
2026-07-15T21:15:00+00:00,949,1581,222.9,5.62,39.91,10.34,DSYA3_L2,32.34,1.384,276,32.34,1.384,0,,0,50,HYP-LOOSE-CONN,ALM-K-WARN;ALM-TTL-14D;ALM-PANEL-TEMP
2026-07-15T21:30:00+00:00,950,1527,216.6,5.71,39.69,10.16,DSYA3_L2,30.9,1.38,276,30.9,1.38,0,,0,50,HYP-LOOSE-CONN,ALM-K-WARN;ALM-TTL-14D
2026-07-15T21:45:00+00:00,951,1468,210.4,5.8,39.46,9.99,DSYA3_L2,29.78,1.379,275,29.78,1.379,0,,0,50,HYP-LOOSE-CONN,ALM-K-WARN;ALM-TTL-14D
2026-07-15T22:00:00+00:00,952,1411,204.7,5.9,39.23,9.82,DSYA3_L2,28.6,1.378,275,28.6,1.378,0,,0,50,HYP-LOOSE-CONN,ALM-K-WARN;ALM-TTL-14D
2026-07-15T22:15:00+00:00,953,1308,191.5,6.06,39.01,9.66,DSYA3_L2,27.37,1.377,181,27.37,1.377,0,,0,50,HYP-LOOSE-CONN,ALM-K-WARN;ALM-TTL-14D
2026-07-15T22:30:00+00:00,954,1207,179.4,6.23,38.8,9.5,DSYA3_L2,25.95,1.375,131,25.95,1.375,0,,0,50,HYP-LOOSE-CONN,ALM-K-WARN;ALM-TTL-14D
2026-07-15T22:45:00+00:00,955,1105,166.7,6.39,38.59,9.35,DSYA3_L2,23.92,1.373,106,23.92,1.373,0,,0,50,HYP-LOOSE-CONN,ALM-K-WARN;ALM-TTL-14D
2026-07-15T23:00:00+00:00,956,1014,155.8,6.54,38.39,9.2,DSYA3_L2,21.77,1.37,10,21.77,1.37,0,,0,50,HYP-LOOSE-CONN,ALM-K-WARN;ALM-TTL-14D
2026-07-15T23:15:00+00:00,957,914.7,143.5,6.71,38.19,9.06,DSYA3_L2,20.31,1.37,9,20.31,1.37,0,,0,50,HYP-LOOSE-CONN,ALM-K-WARN;ALM-TTL-14D
2026-07-15T23:30:00+00:00,958,820.5,131,6.86,38,8.93,DSYA3_L2,18.45,1.369,9,18.45,1.369,0,,0,50,HYP-LOOSE-CONN,ALM-K-WARN;ALM-TTL-14D
2026-07-15T23:45:00+00:00,959,724,117,7.02,37.83,8.8,DSYA3_L2,17.24,1.369,8,17.24,1.369,0,,0,50,HYP-LOOSE-CONN,ALM-K-WARN;ALM-TTL-14D
2026-07-16T00:00:00+00:00,960,631.3,103.7,7.17,37.72,8.73,DSYA3_L2,15.39,1.368,7,15.39,1.368,0,,0,50,HYP-LOOSE-CONN,ALM-K-WARN;ALM-TTL-14D
2026-07-16T00:15:00+00:00,961,621.7,102,7.18,37.56,8.62,DSYA3_L2,14.29,1.369,7,14.29,1.369,0,,0,50,HYP-LOOSE-CONN,ALM-K-WARN;ALM-TTL-14D
2026-07-16T00:30:00+00:00,962,612.5,101,7.2,37.41,8.52,DSYA3_L2,13.42,1.369,7,13.42,1.369,0,,0,50,HYP-LOOSE-CONN,ALM-K-WARN;ALM-TTL-14D
2026-07-16T00:45:00+00:00,963,601.5,99.2,7.22,37.28,8.42,DSYA3_L2,12.98,1.37,7,12.98,1.37,0,,0,50,HYP-LOOSE-CONN,ALM-K-WARN;ALM-TTL-14D
2026-07-16T01:00:00+00:00,964,588.9,97,7.24,37.16,8.34,DSYA3_L2,12.74,1.371,6,12.74,1.371,0,,0,50,HYP-LOOSE-CONN,ALM-K-WARN;ALM-TTL-14D
2026-07-16T01:15:00+00:00,965,575.6,95.4,7.26,37.05,8.27,DSYA3_L2,12.25,1.372,6,12.25,1.372,0,,0,50,HYP-LOOSE-CONN,ALM-K-WARN;ALM-TTL-14D
2026-07-16T01:30:00+00:00,966,565.5,93.6,7.27,36.96,8.2,DSYA3_L2,11.51,1.372,6,11.51,1.372,0,,0,50,HYP-LOOSE-CONN,ALM-K-WARN;ALM-TTL-14D
2026-07-16T01:45:00+00:00,967,554.8,91.8,7.29,36.87,8.15,DSYA3_L2,11.31,1.373,5,11.31,1.373,0,,0,50,HYP-LOOSE-CONN,ALM-K-WARN;ALM-TTL-14D
2026-07-16T02:00:00+00:00,968,542.3,90.2,7.31,36.81,8.1,DSYA3_L2,10.74,1.373,5,10.74,1.373,0,,0,50,HYP-LOOSE-CONN,ALM-K-WARN;ALM-TTL-14D
2026-07-16T02:15:00+00:00,969,540,90.2,7.32,36.76,8.07,DSYA3_L2,10.22,1.374,5,10.22,1.374,0,,0,50,HYP-LOOSE-CONN,ALM-K-WARN;ALM-TTL-14D
2026-07-16T02:30:00+00:00,970,528.9,88.1,7.33,36.72,8.04,DSYA3_L2,10.13,1.374,5,10.13,1.374,0,,0,50,HYP-LOOSE-CONN,ALM-K-WARN;ALM-TTL-14D
2026-07-16T02:45:00+00:00,971,525.6,87.9,7.34,36.7,8.03,DSYA3_L2,9.23,1.374,4,9.23,1.374,0,,0,50,HYP-LOOSE-CONN,ALM-K-WARN;ALM-TTL-14D
2026-07-16T03:00:00+00:00,972,521.5,87,7.35,36.69,8.02,DSYA3_L2,9.48,1.375,4,9.48,1.375,0,,0,50,HYP-LOOSE-CONN,ALM-K-WARN;ALM-TTL-14D
2026-07-16T03:15:00+00:00,973,519.7,87.2,7.35,36.7,8.03,DSYA3_L2,8.53,1.375,4,8.53,1.375,0,,0,50,HYP-LOOSE-CONN,ALM-K-WARN;ALM-TTL-14D
2026-07-16T03:30:00+00:00,974,515,86.1,7.36,36.72,8.04,DSYA3_L2,8.47,1.375,4,8.47,1.375,0,,0,50,HYP-LOOSE-CONN,ALM-K-WARN;ALM-TTL-14D
2026-07-16T03:45:00+00:00,975,514.2,86.1,7.36,36.76,8.07,DSYA3_L2,8.31,1.376,3,8.31,1.376,0,,0,50,HYP-LOOSE-CONN,ALM-K-WARN;ALM-TTL-14D
2026-07-16T04:00:00+00:00,976,510.7,85.3,7.36,36.81,8.1,DSYA3_L2,8.25,1.376,3,8.25,1.376,0,,0,50,HYP-LOOSE-CONN,ALM-K-WARN;ALM-TTL-14D
2026-07-16T04:15:00+00:00,977,519.1,87,7.35,36.87,8.15,DSYA3_L2,7.69,1.376,3,7.69,1.376,0,,0,50,HYP-LOOSE-CONN,ALM-K-WARN;ALM-TTL-14D
2026-07-16T04:30:00+00:00,978,526.5,88.2,7.34,36.96,8.2,DSYA3_L2,8.07,1.377,3,8.07,1.377,0,,0,50,HYP-LOOSE-CONN,ALM-K-WARN;ALM-TTL-14D
2026-07-16T04:45:00+00:00,979,534.5,89.6,7.33,37.05,8.27,DSYA3_L2,7.23,1.377,2,7.23,1.377,0,,0,50,HYP-LOOSE-CONN,ALM-K-WARN;ALM-TTL-14D
2026-07-16T05:00:00+00:00,980,546.9,91.1,7.31,37.16,8.34,DSYA3_L2,6.83,1.377,2,6.83,1.377,0,,0,50,HYP-LOOSE-CONN,ALM-K-WARN;ALM-TTL-14D
2026-07-16T05:15:00+00:00,981,592.1,98.4,7.23,37.28,8.42,DSYA3_L2,7.25,1.378,2,7.25,1.378,0,,0,50,HYP-LOOSE-CONN,ALM-K-WARN;ALM-TTL-14D
2026-07-16T05:30:00+00:00,982,631.2,104.4,7.17,37.41,8.52,DSYA3_L2,6.92,1.378,2,6.92,1.378,0,,0,50,HYP-LOOSE-CONN,ALM-K-WARN;ALM-TTL-14D
2026-07-16T05:45:00+00:00,983,670.4,110.6,7.11,37.56,8.62,DSYA3_L2,7.09,1.378,2,7.09,1.378,0,,0,50,HYP-LOOSE-CONN,ALM-K-WARN;ALM-TTL-14D
2026-07-16T06:00:00+00:00,984,713.8,117.2,7.04,37.72,8.73,DSYA3_L2,7.45,1.379,2,7.45,1.379,0,,0,50,HYP-LOOSE-CONN,ALM-K-WARN;ALM-TTL-14D
2026-07-16T06:15:00+00:00,985,838.3,134.3,6.83,37.88,8.84,DSYA3_L2,7.52,1.38,2,7.52,1.38,0,,0,50,HYP-LOOSE-CONN,ALM-K-WARN;ALM-TTL-14D
2026-07-16T06:30:00+00:00,986,960,150.4,6.63,38.06,8.97,DSYA3_L2,9.03,1.383,3,9.03,1.383,0,,0,50,HYP-LOOSE-CONN,ALM-K-WARN;ALM-TTL-14D
2026-07-16T06:45:00+00:00,987,1085,166.3,6.43,38.25,9.1,DSYA3_L2,10.23,1.385,129,10.23,1.385,0,,0,50,HYP-LOOSE-CONN,ALM-K-WARN;ALM-TTL-14D
2026-07-16T07:00:00+00:00,988,1215,182.2,6.22,38.44,9.24,DSYA3_L2,11.6,1.389,266,11.6,1.389,0,,0,50,HYP-LOOSE-CONN,ALM-K-WARN;ALM-TTL-14D
2026-07-16T07:15:00+00:00,989,1342,196.8,6.01,38.65,9.39,DSYA3_L2,13.53,1.394,292,13.53,1.394,0,,0,50,HYP-LOOSE-CONN,ALM-K-WARN;ALM-TTL-14D
2026-07-16T07:30:00+00:00,990,1473,210.5,5.8,38.86,9.54,DSYA3_L2,16.03,1.402,316,16.03,1.402,0,,0,50,HYP-LOOSE-CONN,ALM-K-WARN;ALM-TTL-14D
2026-07-16T07:45:00+00:00,991,1594,221.9,5.6,39.07,9.7,DSYA3_L2,18.26,1.41,339,18.26,1.41,0,,0,30,HYP-LOOSE-CONN,ALM-K-WARN
2026-07-16T08:00:00+00:00,992,1716,234.9,5.4,39.29,9.86,DSYA3_L2,21.73,1.423,315,21.73,1.423,0,,0,50,HYP-LOOSE-CONN,ALM-K-WARN;ALM-TTL-14D;ALM-PANEL-TEMP
2026-07-16T08:15:00+00:00,993,1768,240.6,5.32,39.52,10.03,DSYA3_L2,24.82,1.435,289,24.82,1.435,0,,0,50,HYP-LOOSE-CONN,ALM-K-WARN;ALM-TTL-14D;ALM-PANEL-TEMP
2026-07-16T08:30:00+00:00,994,1805,244.8,5.26,39.74,10.2,DSYA3_L2,26.49,1.44,291,26.49,1.44,0,,0,50,HYP-LOOSE-CONN,ALM-K-WARN;ALM-TTL-14D;ALM-PANEL-TEMP
2026-07-16T08:45:00+00:00,995,1837,248.6,5.21,39.97,10.38,DSYA3_L2,28.02,1.444,314,28.02,1.444,0,,0,50,HYP-LOOSE-CONN,ALM-K-WARN;ALM-TTL-14D;ALM-PANEL-TEMP
2026-07-16T09:00:00+00:00,996,1881,252.9,5.14,40.2,10.56,DSYA3_L2,29.32,1.448,314,29.32,1.448,0,,0,50,HYP-LOOSE-CONN,ALM-K-WARN;ALM-TTL-14D;ALM-PANEL-TEMP
2026-07-16T09:15:00+00:00,997,1868,252.8,5.16,40.43,10.74,DSYA3_L2,30.97,1.453,312,30.97,1.453,0,,0,50,HYP-LOOSE-CONN,ALM-K-WARN;ALM-TTL-14D;ALM-PANEL-TEMP
2026-07-16T09:30:00+00:00,998,1866,254.3,5.17,40.66,10.92,DSYA3_L2,31.62,1.454,313,31.62,1.454,0,,0,50,HYP-LOOSE-CONN,ALM-K-WARN;ALM-TTL-14D;ALM-PANEL-TEMP
2026-07-16T09:45:00+00:00,999,1856,250.1,5.18,40.89,11.1,DSYA3_L2,32.3,1.455,313,32.3,1.455,0,,0,50,HYP-LOOSE-CONN,ALM-K-WARN;ALM-TTL-14D;ALM-PANEL-TEMP
2026-07-16T10:00:00+00:00,1000,1846,248.9,5.19,41.11,11.28,DSYA3_L2,32.28,1.452,337,32.28,1.452,0,,0,30,HYP-LOOSE-CONN,ALM-K-WARN;ALM-PANEL-TEMP
2026-07-16T10:15:00+00:00,1001,1855,248,5.17,41.33,11.46,DSYA3_L2,32.38,1.451,431,32.38,1.451,0,,0,30,HYP-LOOSE-CONN,ALM-K-WARN;ALM-PANEL-TEMP
2026-07-16T10:30:00+00:00,1002,1857,248.8,5.17,41.55,11.63,DSYA3_L2,32.76,1.451,431,32.76,1.451,0,,0,30,HYP-LOOSE-CONN,ALM-K-WARN;ALM-PANEL-TEMP
2026-07-16T10:45:00+00:00,1003,1861,251.3,5.17,41.75,11.81,DSYA3_L2,33.69,1.456,430,33.69,1.456,0,,0,30,HYP-LOOSE-CONN,ALM-K-WARN;ALM-PANEL-TEMP
2026-07-16T11:00:00+00:00,1004,1872,254,5.15,41.96,11.98,DSYA3_L2,33.93,1.456,430,33.93,1.456,0,,0,30,HYP-LOOSE-CONN,ALM-K-WARN;ALM-PANEL-TEMP
2026-07-16T11:15:00+00:00,1005,1860,254.6,5.18,42.15,12.14,DSYA3_L2,34.29,1.457,430,34.29,1.457,0,,0,30,HYP-LOOSE-CONN,ALM-K-WARN;ALM-PANEL-TEMP
2026-07-16T11:30:00+00:00,1006,1854,253.8,5.19,42.34,12.3,DSYA3_L2,34.2,1.455,456,34.2,1.455,0,,0,30,HYP-LOOSE-CONN,ALM-K-WARN;ALM-PANEL-TEMP
2026-07-16T11:45:00+00:00,1007,1859,251.2,5.17,42.52,12.45,DSYA3_L2,35.03,1.461,431,35.03,1.461,0,,0,50,HYP-LOOSE-CONN,ALM-THR-PHASE-DIF;ALM-K-WARN;ALM-PANEL-TEMP
2026-07-16T12:00:00+00:00,1008,1848,248,5.19,42.69,12.6,DSYA3_L2,35.26,1.462,429,35.26,1.462,0,,0,50,HYP-LOOSE-CONN,ALM-THR-PHASE-DIF;ALM-K-WARN;ALM-PANEL-TEMP
2026-07-16T12:15:00+00:00,1009,1812,242.4,5.24,42.84,12.74,DSYA3_L2,35.33,1.462,429,35.33,1.462,0,,0,50,HYP-LOOSE-CONN,ALM-THR-PHASE-DIF;ALM-K-WARN;ALM-PANEL-TEMP
2026-07-16T12:30:00+00:00,1010,1773,237.7,5.3,42.99,12.86,DSYA3_L2,35.49,1.465,429,35.49,1.465,0,,0,50,HYP-LOOSE-CONN,ALM-THR-PHASE-DIF;ALM-K-WARN;ALM-PANEL-TEMP
2026-07-16T12:45:00+00:00,1011,1742,234.6,5.35,43.12,12.98,DSYA3_L2,34.32,1.458,479,34.32,1.458,0,,0,30,HYP-LOOSE-CONN,ALM-K-WARN;ALM-PANEL-TEMP
2026-07-16T13:00:00+00:00,1012,1721,230.8,5.38,43.24,13.09,DSYA3_L2,34,1.458,478,34,1.458,0,,0,30,HYP-LOOSE-CONN,ALM-K-WARN;ALM-PANEL-TEMP
2026-07-16T13:15:00+00:00,1013,1732,232.9,5.37,43.35,13.19,DSYA3_L2,33.53,1.458,526,33.53,1.458,0,,0,30,HYP-LOOSE-CONN,ALM-K-WARN;ALM-PANEL-TEMP
2026-07-16T13:30:00+00:00,1014,1741,233.4,5.35,43.45,13.27,DSYA3_L2,33.45,1.459,530,33.45,1.459,0,,0,30,HYP-LOOSE-CONN,ALM-K-WARN;ALM-PANEL-TEMP
2026-07-16T13:45:00+00:00,1015,1745,233.8,5.35,43.53,13.35,DSYA3_L2,33.76,1.462,506,33.76,1.462,0,,0,30,HYP-LOOSE-CONN,ALM-K-WARN;ALM-PANEL-TEMP
2026-07-16T14:00:00+00:00,1016,1752,235.6,5.34,43.59,13.41,DSYA3_L2,34.43,1.469,451,34.43,1.469,0,,0,30,HYP-LOOSE-CONN,ALM-K-WARN;ALM-PANEL-TEMP
2026-07-16T14:15:00+00:00,1017,1766,238.5,5.32,43.65,13.45,DSYA3_L2,34.64,1.472,451,34.64,1.472,0,,0,50,HYP-LOOSE-CONN,ALM-THR-PHASE-DIF;ALM-K-WARN;ALM-PANEL-TEMP
2026-07-16T14:30:00+00:00,1018,1780,239,5.29,43.68,13.49,DSYA3_L2,34.95,1.476,429,34.95,1.476,0,,0,50,HYP-LOOSE-CONN,ALM-THR-PHASE-DIF;ALM-K-WARN;ALM-PANEL-TEMP
2026-07-16T14:45:00+00:00,1019,1796,241.4,5.27,43.71,13.51,DSYA3_L2,35.32,1.48,428,35.32,1.48,0,,0,50,HYP-LOOSE-CONN,ALM-THR-PHASE-DIF;ALM-K-WARN;ALM-PANEL-TEMP
2026-07-16T15:00:00+00:00,1020,1811,245.9,5.25,43.71,13.51,DSYA3_L2,35.94,1.486,426,35.94,1.486,0,,0,50,HYP-LOOSE-CONN,ALM-THR-PHASE-DIF;ALM-K-WARN;ALM-PANEL-TEMP
2026-07-16T15:15:00+00:00,1021,1791,243.5,5.28,43.71,13.51,DSYA3_L2,36.34,1.49,426,36.34,1.49,0,,0,50,HYP-LOOSE-CONN,ALM-THR-PHASE-DIF;ALM-K-WARN;ALM-PANEL-TEMP
2026-07-16T15:30:00+00:00,1022,1794,244.4,5.28,43.68,13.49,DSYA3_L2,36.07,1.49,426,36.07,1.49,0,,0,50,HYP-LOOSE-CONN,ALM-THR-PHASE-DIF;ALM-K-WARN;ALM-PANEL-TEMP
2026-07-16T15:45:00+00:00,1023,1796,243.9,5.27,43.65,13.45,DSYA3_L2,36.59,1.496,360,36.59,1.496,0,,0,50,HYP-LOOSE-CONN,ALM-THR-PHASE-DIF;ALM-K-WARN;ALM-PANEL-TEMP
2026-07-16T16:00:00+00:00,1024,1791,242.6,5.28,43.59,13.41,DSYA3_L2,36.58,1.498,355,36.58,1.498,0,,0,50,HYP-LOOSE-CONN,ALM-THR-PHASE-DIF;ALM-K-WARN;ALM-PANEL-TEMP
2026-07-16T16:15:00+00:00,1025,1784,242.2,5.29,43.53,13.35,DSYA3_L2,36.61,1.5,355,36.61,1.5,0,,0,50,HYP-LOOSE-CONN,ALM-THR-PHASE-DIF;ALM-K-WARN;ALM-PANEL-TEMP
2026-07-16T16:30:00+00:00,1026,1782,242.9,5.3,43.45,13.27,DSYA3_L2,37,1.506,331,37,1.506,0,,0,70,HYP-LOOSE-CONN,ALM-THR-PHASE-DIF;ALM-K-WARN;ALM-TTL-14D;ALM-PANEL-TEMP
2026-07-16T16:45:00+00:00,1027,1778,241,5.3,43.35,13.19,DSYA3_L2,37.07,1.509,330,37.07,1.509,0,,0,70,HYP-LOOSE-CONN,ALM-THR-PHASE-DIF;ALM-K-WARN;ALM-TTL-14D;ALM-PANEL-TEMP
2026-07-16T17:00:00+00:00,1028,1778,242.7,5.3,43.24,13.09,DSYA3_L2,36.37,1.506,352,36.37,1.506,0,,0,50,HYP-LOOSE-CONN,ALM-THR-PHASE-DIF;ALM-K-WARN;ALM-PANEL-TEMP
2026-07-16T17:15:00+00:00,1029,1754,240.9,5.34,43.12,12.98,DSYA3_L2,37.31,1.516,286,37.31,1.516,0,,0,70,HYP-LOOSE-CONN,ALM-THR-PHASE-DIF;ALM-K-WARN;ALM-TTL-14D;ALM-PANEL-TEMP
2026-07-16T17:30:00+00:00,1030,1735,238.1,5.37,42.99,12.86,DSYA3_L2,36.34,1.512,328,36.34,1.512,0,,0,70,HYP-LOOSE-CONN,ALM-THR-PHASE-DIF;ALM-K-WARN;ALM-TTL-14D;ALM-PANEL-TEMP
2026-07-16T17:45:00+00:00,1031,1694,236.6,5.44,42.84,12.74,DSYA3_L2,36.26,1.515,305,36.26,1.515,0,,0,70,HYP-LOOSE-CONN,ALM-THR-PHASE-DIF;ALM-K-WARN;ALM-TTL-14D;ALM-PANEL-TEMP
2026-07-16T18:00:00+00:00,1032,1659,231.8,5.5,42.69,12.6,DSYA3_L2,35.14,1.511,327,35.14,1.511,0,,0,70,HYP-LOOSE-CONN,ALM-THR-PHASE-DIF;ALM-K-WARN;ALM-TTL-14D;ALM-PANEL-TEMP
2026-07-16T18:15:00+00:00,1033,1647,233.7,5.52,42.52,12.45,DSYA3_L2,34.12,1.508,353,34.12,1.508,0,,0,30,HYP-LOOSE-CONN,ALM-K-WARN;ALM-PANEL-TEMP
2026-07-16T18:30:00+00:00,1034,1630,230.8,5.55,42.34,12.3,DSYA3_L2,33.58,1.508,353,33.58,1.508,0,,0,30,HYP-LOOSE-CONN,ALM-K-WARN;ALM-PANEL-TEMP
2026-07-16T18:45:00+00:00,1035,1609,229.7,5.59,42.15,12.14,DSYA3_L2,33.8,1.514,309,33.8,1.514,0,,0,50,HYP-LOOSE-CONN,ALM-K-WARN;ALM-TTL-14D;ALM-PANEL-TEMP
2026-07-16T19:00:00+00:00,1036,1587,227.6,5.62,41.96,11.98,DSYA3_L2,32.86,1.512,328,32.86,1.512,0,,0,50,HYP-LOOSE-CONN,ALM-K-WARN;ALM-TTL-14D;ALM-PANEL-TEMP
2026-07-16T19:15:00+00:00,1037,1592,226.5,5.61,41.75,11.81,DSYA3_L2,32.63,1.515,328,32.63,1.515,0,,0,50,HYP-LOOSE-CONN,ALM-K-WARN;ALM-TTL-14D;ALM-PANEL-TEMP
2026-07-16T19:30:00+00:00,1038,1609,228.8,5.58,41.55,11.63,DSYA3_L2,32.86,1.52,304,32.86,1.52,0,,0,50,HYP-LOOSE-CONN,ALM-K-WARN;ALM-TTL-14D;ALM-PANEL-TEMP
2026-07-16T19:45:00+00:00,1039,1626,230.3,5.56,41.33,11.46,DSYA3_L2,32.58,1.522,327,32.58,1.522,0,,0,50,HYP-LOOSE-CONN,ALM-K-WARN;ALM-TTL-14D;ALM-PANEL-TEMP
2026-07-16T20:00:00+00:00,1040,1643,232.5,5.53,41.11,11.28,DSYA3_L2,33.05,1.528,301,33.05,1.528,0,,0,50,HYP-LOOSE-CONN,ALM-K-WARN;ALM-TTL-14D;ALM-PANEL-TEMP
2026-07-16T20:15:00+00:00,1041,1616,231.3,5.58,40.89,11.1,DSYA3_L2,33.31,1.532,259,33.31,1.532,0,,0,50,HYP-LOOSE-CONN,ALM-K-WARN;ALM-TTL-14D;ALM-PANEL-TEMP
2026-07-16T20:30:00+00:00,1042,1595,230.2,5.61,40.66,10.92,DSYA3_L2,32.9,1.533,255,32.9,1.533,0,,0,50,HYP-LOOSE-CONN,ALM-K-WARN;ALM-TTL-14D;ALM-PANEL-TEMP
2026-07-16T20:45:00+00:00,1043,1569,226.6,5.65,40.43,10.74,DSYA3_L2,32.14,1.532,278,32.14,1.532,0,,0,50,HYP-LOOSE-CONN,ALM-K-WARN;ALM-TTL-14D;ALM-PANEL-TEMP
2026-07-16T21:00:00+00:00,1044,1550,223.6,5.68,40.2,10.56,DSYA3_L2,31.95,1.535,252,31.95,1.535,0,,0,50,HYP-LOOSE-CONN,ALM-K-WARN;ALM-TTL-14D;ALM-PANEL-TEMP
2026-07-16T21:15:00+00:00,1045,1499,218.2,5.76,39.97,10.38,DSYA3_L2,31.04,1.533,252,31.04,1.533,0,,0,50,HYP-LOOSE-CONN,ALM-K-WARN;ALM-TTL-14D
2026-07-16T21:30:00+00:00,1046,1432,211,5.87,39.74,10.2,DSYA3_L2,30.37,1.533,252,30.37,1.533,0,,0,50,HYP-LOOSE-CONN,ALM-K-WARN;ALM-TTL-14D
2026-07-16T21:45:00+00:00,1047,1379,204.8,5.96,39.52,10.03,DSYA3_L2,28.94,1.53,251,28.94,1.53,0,,0,50,HYP-LOOSE-CONN,ALM-K-WARN;ALM-TTL-14D
2026-07-16T22:00:00+00:00,1048,1324,199.5,6.05,39.29,9.86,DSYA3_L2,27.95,1.529,181,27.95,1.529,0,,0,50,HYP-LOOSE-CONN,ALM-K-WARN;ALM-TTL-14D
2026-07-16T22:15:00+00:00,1049,1241,189.1,6.18,39.07,9.7,DSYA3_L2,26.62,1.528,137,26.62,1.528,0,,0,50,HYP-LOOSE-CONN,ALM-K-WARN;ALM-TTL-14D
2026-07-16T22:30:00+00:00,1050,1146,178.6,6.34,38.86,9.54,DSYA3_L2,24.94,1.525,89,24.94,1.525,0,,0,50,HYP-LOOSE-CONN,ALM-K-WARN;ALM-TTL-14D
2026-07-16T22:45:00+00:00,1051,1044,165.9,6.51,38.65,9.39,DSYA3_L2,22.66,1.521,82,22.66,1.521,0,,0,50,HYP-LOOSE-CONN,ALM-K-WARN;ALM-TTL-14D
2026-07-16T23:00:00+00:00,1052,955.1,155.3,6.65,38.44,9.24,DSYA3_L2,21.18,1.52,10,21.18,1.52,0,,0,50,HYP-LOOSE-CONN,ALM-K-WARN;ALM-TTL-14D
2026-07-16T23:15:00+00:00,1053,873.3,143.6,6.79,38.25,9.1,DSYA3_L2,19.57,1.519,9,19.57,1.519,0,,0,50,HYP-LOOSE-CONN,ALM-K-WARN;ALM-TTL-14D
2026-07-16T23:30:00+00:00,1054,783.2,130.4,6.93,38.06,8.97,DSYA3_L2,17.79,1.518,8,17.79,1.518,0,,0,50,HYP-LOOSE-CONN,ALM-K-WARN;ALM-TTL-14D
2026-07-16T23:45:00+00:00,1055,687,116,7.09,37.88,8.84,DSYA3_L2,16.82,1.519,8,16.82,1.519,0,,0,50,HYP-LOOSE-CONN,ALM-K-WARN;ALM-TTL-14D
2026-07-17T00:00:00+00:00,1056,598.3,102,7.23,37.77,8.76,DSYA3_L2,15.36,1.518,7,15.36,1.518,0,,0,50,HYP-LOOSE-CONN,ALM-K-WARN;ALM-TTL-14D
2026-07-17T00:15:00+00:00,1057,581.9,99.6,7.26,37.61,8.65,DSYA3_L2,13.85,1.518,7,13.85,1.518,0,,0,50,HYP-LOOSE-CONN,ALM-K-WARN;ALM-TTL-14D
2026-07-17T00:30:00+00:00,1058,568.1,97.8,7.28,37.47,8.55,DSYA3_L2,13.37,1.519,7,13.37,1.519,0,,0,50,HYP-LOOSE-CONN,ALM-K-WARN;ALM-TTL-14D
2026-07-17T00:45:00+00:00,1059,557.8,95.9,7.3,37.33,8.46,DSYA3_L2,12.22,1.519,6,12.22,1.519,0,,0,50,HYP-LOOSE-CONN,ALM-K-WARN;ALM-TTL-14D
2026-07-17T01:00:00+00:00,1060,546.8,94.1,7.31,37.21,8.38,DSYA3_L2,11.94,1.52,6,11.94,1.52,0,,0,50,HYP-LOOSE-CONN,ALM-K-WARN;ALM-TTL-14D
2026-07-17T01:15:00+00:00,1061,537.9,92.8,7.33,37.1,8.3,DSYA3_L2,11.56,1.52,6,11.56,1.52,0,,0,50,HYP-LOOSE-CONN,ALM-K-WARN;ALM-TTL-14D
2026-07-17T01:30:00+00:00,1062,524.7,90.6,7.35,37.01,8.24,DSYA3_L2,11.17,1.521,6,11.17,1.521,0,,0,50,HYP-LOOSE-CONN,ALM-K-WARN;ALM-TTL-14D
2026-07-17T01:45:00+00:00,1063,511.5,88.5,7.37,36.93,8.18,DSYA3_L2,10.39,1.521,5,10.39,1.521,0,,0,50,HYP-LOOSE-CONN,ALM-K-WARN;ALM-TTL-14D
2026-07-17T02:00:00+00:00,1064,503,87,7.38,36.86,8.14,DSYA3_L2,10.31,1.522,5,10.31,1.522,0,,0,50,HYP-LOOSE-CONN,ALM-K-WARN;ALM-TTL-14D
2026-07-17T02:15:00+00:00,1065,502.6,86.7,7.38,36.81,8.1,DSYA3_L2,9.73,1.522,5,9.73,1.522,0,,0,50,HYP-LOOSE-CONN,ALM-K-WARN;ALM-TTL-14D
2026-07-17T02:30:00+00:00,1066,499.2,86.3,7.39,36.77,8.08,DSYA3_L2,9.17,1.522,4,9.17,1.522,0,,0,50,HYP-LOOSE-CONN,ALM-K-WARN;ALM-TTL-14D
2026-07-17T02:45:00+00:00,1067,496.1,85.7,7.39,36.75,8.06,DSYA3_L2,9.15,1.523,4,9.15,1.523,0,,0,50,HYP-LOOSE-CONN,ALM-K-WARN;ALM-TTL-14D
2026-07-17T03:00:00+00:00,1068,492.5,85.2,7.4,36.74,8.06,DSYA3_L2,8.77,1.523,4,8.77,1.523,0,,0,50,HYP-LOOSE-CONN,ALM-K-WARN;ALM-TTL-14D
2026-07-17T03:15:00+00:00,1069,491.9,85.1,7.4,36.75,8.06,DSYA3_L2,8.31,1.523,4,8.31,1.523,0,,0,50,HYP-LOOSE-CONN,ALM-K-WARN;ALM-TTL-14D
2026-07-17T03:30:00+00:00,1070,493.1,85.5,7.4,36.77,8.08,DSYA3_L2,8.13,1.524,3,8.13,1.524,0,,0,50,HYP-LOOSE-CONN,ALM-K-WARN;ALM-TTL-14D
2026-07-17T03:45:00+00:00,1071,493.8,85.8,7.4,36.81,8.1,DSYA3_L2,7.7,1.524,3,7.7,1.524,0,,0,50,HYP-LOOSE-CONN,ALM-K-WARN;ALM-TTL-14D
2026-07-17T04:00:00+00:00,1072,492.4,85.2,7.4,36.86,8.14,DSYA3_L2,7.8,1.524,3,7.8,1.524,0,,0,50,HYP-LOOSE-CONN,ALM-K-WARN;ALM-TTL-14D
2026-07-17T04:15:00+00:00,1073,500.3,86.3,7.39,36.93,8.18,DSYA3_L2,7.39,1.524,3,7.39,1.524,0,,0,50,HYP-LOOSE-CONN,ALM-K-WARN;ALM-TTL-14D
2026-07-17T04:30:00+00:00,1074,510.3,87.7,7.37,37.01,8.24,DSYA3_L2,7.03,1.524,3,7.03,1.524,0,,0,50,HYP-LOOSE-CONN,ALM-K-WARN;ALM-TTL-14D
2026-07-17T04:45:00+00:00,1075,522,89.5,7.35,37.1,8.3,DSYA3_L2,7.2,1.525,2,7.2,1.525,0,,0,50,HYP-LOOSE-CONN,ALM-K-WARN;ALM-TTL-14D
2026-07-17T05:00:00+00:00,1076,528.2,90.6,7.34,37.21,8.38,DSYA3_L2,7.18,1.526,2,7.18,1.526,0,,0,50,HYP-LOOSE-CONN,ALM-K-WARN;ALM-TTL-14D
2026-07-17T05:15:00+00:00,1077,565.2,96.3,7.28,37.33,8.46,DSYA3_L2,6.86,1.526,2,6.86,1.526,0,,0,50,HYP-LOOSE-CONN,ALM-K-WARN;ALM-TTL-14D
2026-07-17T05:30:00+00:00,1078,606.1,103.1,7.22,37.47,8.55,DSYA3_L2,7.16,1.526,2,7.16,1.526,0,,0,50,HYP-LOOSE-CONN,ALM-K-WARN;ALM-TTL-14D
2026-07-17T05:45:00+00:00,1079,644.2,108.8,7.15,37.61,8.65,DSYA3_L2,7.29,1.527,2,7.29,1.527,0,,0,50,HYP-LOOSE-CONN,ALM-K-WARN;ALM-TTL-14D
2026-07-17T06:00:00+00:00,1080,686.6,115.3,7.09,37.77,8.76,DSYA3_L2,7.45,1.527,2,7.45,1.527,0,,0,50,HYP-LOOSE-CONN,ALM-K-WARN;ALM-TTL-14D
2026-07-17T06:15:00+00:00,1081,806.7,132.6,6.89,37.94,8.88,DSYA3_L2,7.85,1.528,2,7.85,1.528,0,,0,50,HYP-LOOSE-CONN,ALM-K-WARN;ALM-TTL-14D
2026-07-17T06:30:00+00:00,1082,920.3,148.2,6.71,38.12,9.01,DSYA3_L2,8.7,1.53,2,8.7,1.53,0,,0,50,HYP-LOOSE-CONN,ALM-K-WARN;ALM-TTL-14D
2026-07-17T06:45:00+00:00,1083,1031,163.4,6.53,38.3,9.14,DSYA3_L2,10.21,1.534,100,10.21,1.534,0,,0,50,HYP-LOOSE-CONN,ALM-K-WARN;ALM-TTL-14D
2026-07-17T07:00:00+00:00,1084,1145,177.7,6.34,38.5,9.28,DSYA3_L2,11.57,1.537,242,11.57,1.537,0,,0,50,HYP-LOOSE-CONN,ALM-K-WARN;ALM-TTL-14D
2026-07-17T07:15:00+00:00,1085,1264,191.7,6.15,38.7,9.43,DSYA3_L2,13.74,1.544,248,13.74,1.544,0,,0,50,HYP-LOOSE-CONN,ALM-K-WARN;ALM-TTL-14D
2026-07-17T07:30:00+00:00,1086,1389,206.5,5.94,38.91,9.58,DSYA3_L2,15.9,1.551,292,15.9,1.551,0,,0,50,HYP-LOOSE-CONN,ALM-K-WARN;ALM-TTL-14D
2026-07-17T07:45:00+00:00,1087,1497,216.9,5.77,39.12,9.74,DSYA3_L2,18.14,1.559,315,18.14,1.559,0,,0,50,HYP-LOOSE-CONN,ALM-K-WARN;ALM-TTL-14D
2026-07-17T08:00:00+00:00,1088,1615,229,5.57,39.34,9.9,DSYA3_L2,20.84,1.57,315,20.84,1.57,0,,0,50,HYP-LOOSE-CONN,ALM-K-WARN;ALM-TTL-14D
2026-07-17T08:15:00+00:00,1089,1670,233.5,5.48,39.57,10.07,DSYA3_L2,23.85,1.582,289,23.85,1.582,0,,0,50,HYP-LOOSE-CONN,ALM-K-WARN;ALM-TTL-14D;ALM-PANEL-TEMP
2026-07-17T08:30:00+00:00,1090,1708,237.6,5.42,39.79,10.24,DSYA3_L2,26.01,1.59,271,26.01,1.59,0,,0,50,HYP-LOOSE-CONN,ALM-K-WARN;ALM-TTL-14D;ALM-PANEL-TEMP
2026-07-17T08:45:00+00:00,1091,1761,244.2,5.34,40.02,10.42,DSYA3_L2,27.52,1.595,290,27.52,1.595,0,,0,50,HYP-LOOSE-CONN,ALM-K-WARN;ALM-TTL-14D;ALM-PANEL-TEMP
2026-07-17T09:00:00+00:00,1092,1790,248.2,5.29,40.25,10.6,DSYA3_L2,29.4,1.602,288,29.4,1.602,0,,0,70,HYP-LOOSE-CONN,ALM-K-WARN;ALM-K-ALM;ALM-TTL-14D;ALM-PANEL-TEMP
2026-07-17T09:15:00+00:00,1093,1763,247.2,5.34,40.48,10.78,DSYA3_L2,30.59,1.605,288,30.59,1.605,0,,0,70,HYP-LOOSE-CONN,ALM-K-WARN;ALM-K-ALM;ALM-TTL-14D;ALM-PANEL-TEMP
2026-07-17T09:30:00+00:00,1094,1762,246.6,5.34,40.71,10.96,DSYA3_L2,30.58,1.601,314,30.58,1.601,0,,0,70,HYP-LOOSE-CONN,ALM-K-WARN;ALM-K-ALM;ALM-TTL-14D;ALM-PANEL-TEMP
2026-07-17T09:45:00+00:00,1095,1755,245.5,5.35,40.94,11.14,DSYA3_L2,31.13,1.602,318,31.13,1.602,0,,0,70,HYP-LOOSE-CONN,ALM-K-WARN;ALM-K-ALM;ALM-TTL-14D;ALM-PANEL-TEMP
2026-07-17T10:00:00+00:00,1096,1759,245.2,5.34,41.16,11.32,DSYA3_L2,31.45,1.601,335,31.45,1.601,0,,0,70,HYP-LOOSE-CONN,ALM-K-WARN;ALM-K-ALM;ALM-TTL-14D;ALM-PANEL-TEMP
2026-07-17T10:15:00+00:00,1097,1773,247.9,5.32,41.38,11.5,DSYA3_L2,31.86,1.602,407,31.86,1.602,0,,0,50,HYP-LOOSE-CONN,ALM-K-WARN;ALM-K-ALM;ALM-PANEL-TEMP
2026-07-17T10:30:00+00:00,1098,1792,252.4,5.29,41.6,11.68,DSYA3_L2,32.68,1.605,406,32.68,1.605,0,,0,50,HYP-LOOSE-CONN,ALM-K-WARN;ALM-K-ALM;ALM-PANEL-TEMP
2026-07-17T10:45:00+00:00,1099,1818,254.8,5.25,41.81,11.85,DSYA3_L2,32.98,1.605,407,32.98,1.605,0,,0,50,HYP-LOOSE-CONN,ALM-K-WARN;ALM-K-ALM;ALM-PANEL-TEMP
2026-07-17T11:00:00+00:00,1100,1829,255.4,5.23,42.01,12.02,DSYA3_L2,34.84,1.615,334,34.84,1.615,0,,0,70,HYP-LOOSE-CONN,ALM-K-WARN;ALM-K-ALM;ALM-TTL-14D;ALM-PANEL-TEMP
2026-07-17T11:15:00+00:00,1101,1818,254.6,5.25,42.2,12.18,DSYA3_L2,35.33,1.616,336,35.33,1.616,0,,0,50,HYP-LOOSE-CONN,ALM-K-WARN;ALM-K-ALM;ALM-PANEL-TEMP
2026-07-17T11:30:00+00:00,1102,1808,254.3,5.27,42.39,12.34,DSYA3_L2,35.57,1.617,405,35.57,1.617,0,,0,50,HYP-LOOSE-CONN,ALM-K-WARN;ALM-K-ALM;ALM-PANEL-TEMP
2026-07-17T11:45:00+00:00,1103,1810,252.6,5.26,42.57,12.5,DSYA3_L2,36.24,1.621,336,36.24,1.621,0,,0,50,HYP-LOOSE-CONN,ALM-K-WARN;ALM-K-ALM;ALM-PANEL-TEMP
2026-07-17T12:00:00+00:00,1104,1818,253,5.25,42.74,12.64,DSYA3_L2,36.03,1.619,405,36.03,1.619,0,,0,50,HYP-LOOSE-CONN,ALM-K-WARN;ALM-K-ALM;ALM-PANEL-TEMP
2026-07-17T12:15:00+00:00,1105,1790,248.8,5.29,42.89,12.78,DSYA3_L2,36.74,1.623,335,36.74,1.623,0,,0,70,HYP-LOOSE-CONN,ALM-K-WARN;ALM-K-ALM;ALM-TTL-14D;ALM-PANEL-TEMP
2026-07-17T12:30:00+00:00,1106,1767,246.7,5.33,43.04,12.91,DSYA3_L2,36.7,1.623,339,36.7,1.623,0,,0,50,HYP-LOOSE-CONN,ALM-K-WARN;ALM-K-ALM;ALM-PANEL-TEMP
2026-07-17T12:45:00+00:00,1107,1753,248.7,5.36,43.17,13.03,DSYA3_L2,36.24,1.621,404,36.24,1.621,0,,0,50,HYP-LOOSE-CONN,ALM-K-WARN;ALM-K-ALM;ALM-PANEL-TEMP
2026-07-17T13:00:00+00:00,1108,1711,243.5,5.42,43.29,13.13,DSYA3_L2,36.03,1.621,404,36.03,1.621,0,,0,50,HYP-LOOSE-CONN,ALM-K-WARN;ALM-K-ALM;ALM-PANEL-TEMP
2026-07-17T13:15:00+00:00,1109,1722,244.2,5.41,43.4,13.23,DSYA3_L2,35.14,1.616,430,35.14,1.616,0,,0,50,HYP-LOOSE-CONN,ALM-K-WARN;ALM-K-ALM;ALM-PANEL-TEMP
2026-07-17T13:30:00+00:00,1110,1737,245.8,5.38,43.5,13.32,DSYA3_L2,35.62,1.621,406,35.62,1.621,0,,0,50,HYP-LOOSE-CONN,ALM-K-WARN;ALM-K-ALM;ALM-PANEL-TEMP
2026-07-17T13:45:00+00:00,1111,1747,248.7,5.37,43.58,13.39,DSYA3_L2,36.31,1.628,403,36.31,1.628,0,,0,50,HYP-LOOSE-CONN,ALM-K-WARN;ALM-K-ALM;ALM-PANEL-TEMP
2026-07-17T14:00:00+00:00,1112,1760,250.7,5.35,43.64,13.45,DSYA3_L2,36.52,1.632,403,36.52,1.632,0,,0,50,HYP-LOOSE-CONN,ALM-K-WARN;ALM-K-ALM;ALM-PANEL-TEMP
2026-07-17T14:15:00+00:00,1113,1772,251,5.33,43.7,13.5,DSYA3_L2,36.78,1.635,403,36.78,1.635,0,,0,50,HYP-LOOSE-CONN,ALM-K-WARN;ALM-K-ALM;ALM-PANEL-TEMP
2026-07-17T14:30:00+00:00,1114,1789,254.1,5.3,43.73,13.53,DSYA3_L2,37.16,1.639,403,37.16,1.639,0,,0,50,HYP-LOOSE-CONN,ALM-K-WARN;ALM-K-ALM;ALM-PANEL-TEMP
2026-07-17T14:45:00+00:00,1115,1805,255.9,5.28,43.76,13.55,DSYA3_L2,37.86,1.646,333,37.86,1.646,0,,0,70,HYP-LOOSE-CONN,ALM-K-WARN;ALM-K-ALM;ALM-TTL-14D;ALM-PANEL-TEMP
2026-07-17T15:00:00+00:00,1116,1817,258.9,5.26,43.76,13.56,DSYA3_L2,38.63,1.653,312,38.63,1.653,0,,0,70,HYP-LOOSE-CONN,ALM-K-WARN;ALM-K-ALM;ALM-TTL-14D;ALM-PANEL-TEMP
2026-07-17T15:15:00+00:00,1117,1826,260.3,5.25,43.76,13.55,DSYA3_L2,39.15,1.658,306,39.15,1.658,0,,0,70,HYP-LOOSE-CONN,ALM-K-WARN;ALM-K-ALM;ALM-TTL-14D;ALM-PANEL-TEMP
2026-07-17T15:30:00+00:00,1118,1827,261.5,5.25,43.73,13.53,DSYA3_L2,39.62,1.663,284,39.62,1.663,0,,0,70,HYP-LOOSE-CONN,ALM-K-WARN;ALM-K-ALM;ALM-TTL-14D;ALM-PANEL-TEMP
2026-07-17T15:45:00+00:00,1119,1821,260.4,5.26,43.7,13.5,DSYA3_L2,39.8,1.666,283,39.8,1.666,0,,0,70,HYP-LOOSE-CONN,ALM-K-WARN;ALM-K-ALM;ALM-TTL-14D;ALM-PANEL-TEMP
2026-07-17T16:00:00+00:00,1120,1806,254.1,5.27,43.64,13.45,DSYA3_L2,39.95,1.669,281,39.95,1.669,0,,0,70,HYP-LOOSE-CONN,ALM-K-WARN;ALM-K-ALM;ALM-TTL-14D;ALM-PANEL-TEMP
2026-07-17T16:15:00+00:00,1121,1806,254.9,5.28,43.58,13.39,DSYA3_L2,39.75,1.67,287,39.75,1.67,0,,0,70,HYP-LOOSE-CONN,ALM-K-WARN;ALM-K-ALM;ALM-TTL-14D;ALM-PANEL-TEMP
2026-07-17T16:30:00+00:00,1122,1804,254.6,5.28,43.5,13.32,DSYA3_L2,39.99,1.674,283,39.99,1.674,0,,0,70,HYP-LOOSE-CONN,ALM-K-WARN;ALM-K-ALM;ALM-TTL-14D;ALM-PANEL-TEMP
2026-07-17T16:45:00+00:00,1123,1802,254.6,5.28,43.4,13.23,DSYA3_L2,40.16,1.677,282,40.16,1.677,0,,0,70,HYP-LOOSE-CONN,ALM-K-WARN;ALM-K-ALM;ALM-TTL-14D;ALM-PANEL-TEMP
2026-07-17T17:00:00+00:00,1124,1789,253,5.3,43.29,13.13,DSYA3_L2,40.25,1.68,262,40.25,1.68,0,,0,70,HYP-LOOSE-CONN,ALM-K-WARN;ALM-K-ALM;ALM-TTL-14D;ALM-PANEL-TEMP
2026-07-17T17:15:00+00:00,1125,1769,252.1,5.34,43.17,13.03,DSYA3_L2,40.07,1.682,258,40.07,1.682,0,,0,70,HYP-LOOSE-CONN,ALM-K-WARN;ALM-K-ALM;ALM-TTL-14D;ALM-PANEL-TEMP
2026-07-17T17:30:00+00:00,1126,1745,250.3,5.38,43.04,12.91,DSYA3_L2,39.55,1.68,280,39.55,1.68,0,,0,70,HYP-LOOSE-CONN,ALM-K-WARN;ALM-K-ALM;ALM-TTL-14D;ALM-PANEL-TEMP
2026-07-17T17:45:00+00:00,1127,1711,244.8,5.43,42.89,12.78,DSYA3_L2,39.25,1.682,262,39.25,1.682,0,,0,70,HYP-LOOSE-CONN,ALM-K-WARN;ALM-K-ALM;ALM-TTL-14D;ALM-PANEL-TEMP
2026-07-17T18:00:00+00:00,1128,1684,242.7,5.47,42.74,12.64,DSYA3_L2,38.52,1.68,279,38.52,1.68,0,,0,70,HYP-LOOSE-CONN,ALM-K-WARN;ALM-K-ALM;ALM-TTL-14D;ALM-PANEL-TEMP
2026-07-17T18:15:00+00:00,1129,1673,242.1,5.49,42.57,12.5,DSYA3_L2,38.14,1.682,261,38.14,1.682,0,,0,70,HYP-LOOSE-CONN,ALM-K-WARN;ALM-K-ALM;ALM-TTL-14D;ALM-PANEL-TEMP
2026-07-17T18:30:00+00:00,1130,1644,236.7,5.53,42.39,12.34,DSYA3_L2,37.51,1.681,279,37.51,1.681,0,,0,70,HYP-LOOSE-CONN,ALM-K-WARN;ALM-K-ALM;ALM-TTL-14D;ALM-PANEL-TEMP
2026-07-17T18:45:00+00:00,1131,1622,234.5,5.57,42.2,12.18,DSYA3_L2,37.24,1.684,256,37.24,1.684,0,,0,70,HYP-LOOSE-CONN,ALM-K-WARN;ALM-K-ALM;ALM-TTL-14D;ALM-PANEL-TEMP
2026-07-17T19:00:00+00:00,1132,1594,232.4,5.62,42.01,12.02,DSYA3_L2,36.62,1.685,254,36.62,1.685,0,,0,70,HYP-LOOSE-CONN,ALM-K-WARN;ALM-K-ALM;ALM-TTL-14D;ALM-PANEL-TEMP
2026-07-17T19:15:00+00:00,1133,1599,233.3,5.61,41.81,11.85,DSYA3_L2,35.64,1.683,284,35.64,1.683,0,,0,70,HYP-LOOSE-CONN,ALM-K-WARN;ALM-K-ALM;ALM-TTL-14D;ALM-PANEL-TEMP
2026-07-17T19:30:00+00:00,1134,1610,233.4,5.59,41.6,11.68,DSYA3_L2,35.63,1.687,280,35.63,1.687,0,,0,70,HYP-LOOSE-CONN,ALM-K-WARN;ALM-K-ALM;ALM-TTL-14D;ALM-PANEL-TEMP
2026-07-17T19:45:00+00:00,1135,1624,235.7,5.57,41.38,11.5,DSYA3_L2,35.97,1.694,260,35.97,1.694,0,,0,70,HYP-LOOSE-CONN,ALM-K-WARN;ALM-K-ALM;ALM-TTL-14D;ALM-PANEL-TEMP
2026-07-17T20:00:00+00:00,1136,1635,236.4,5.55,41.16,11.32,DSYA3_L2,35.97,1.697,255,35.97,1.697,0,,0,70,HYP-LOOSE-CONN,ALM-K-WARN;ALM-K-ALM;ALM-TTL-14D;ALM-PANEL-TEMP
2026-07-17T20:15:00+00:00,1137,1615,233.4,5.58,40.94,11.14,DSYA3_L2,36.3,1.703,231,36.3,1.703,0,,0,70,HYP-LOOSE-CONN,ALM-K-WARN;ALM-K-ALM;ALM-TTL-14D;ALM-PANEL-TEMP
2026-07-17T20:30:00+00:00,1138,1583,228.9,5.63,40.71,10.96,DSYA3_L2,35.9,1.704,230,35.9,1.704,0,,0,70,HYP-LOOSE-CONN,ALM-K-WARN;ALM-K-ALM;ALM-TTL-14D;ALM-PANEL-TEMP
2026-07-17T20:45:00+00:00,1139,1553,224.9,5.68,40.48,10.78,DSYA3_L2,35.5,1.706,229,35.5,1.706,0,,0,70,HYP-LOOSE-CONN,ALM-K-WARN;ALM-K-ALM;ALM-TTL-14D;ALM-PANEL-TEMP
2026-07-17T21:00:00+00:00,1140,1527,222.2,5.72,40.25,10.6,DSYA3_L2,34.56,1.704,228,34.56,1.704,0,,0,70,HYP-LOOSE-CONN,ALM-K-WARN;ALM-K-ALM;ALM-TTL-14D;ALM-PANEL-TEMP
2026-07-17T21:15:00+00:00,1141,1463,214,5.82,40.02,10.42,DSYA3_L2,34.05,1.705,228,34.05,1.705,0,,0,90,HYP-LOOSE-CONN,ALM-THR-PHASE-DIF;ALM-K-WARN;ALM-K-ALM;ALM-TTL-14D
2026-07-17T21:30:00+00:00,1142,1400,207,5.92,39.79,10.24,DSYA3_L2,32.4,1.699,228,32.4,1.699,0,,0,90,HYP-LOOSE-CONN,ALM-THR-PHASE-DIF;ALM-K-WARN;ALM-K-ALM;ALM-TTL-14D
2026-07-17T21:45:00+00:00,1143,1347,202.1,6.01,39.57,10.07,DSYA3_L2,31.22,1.698,227,31.22,1.698,0,,0,70,HYP-LOOSE-CONN,ALM-K-WARN;ALM-K-ALM;ALM-TTL-14D
2026-07-17T22:00:00+00:00,1144,1277,193.3,6.13,39.34,9.9,DSYA3_L2,29.79,1.695,227,29.79,1.695,0,,0,70,HYP-LOOSE-CONN,ALM-K-WARN;ALM-K-ALM;ALM-TTL-14D
2026-07-17T22:15:00+00:00,1145,1198,183,6.25,39.12,9.74,DSYA3_L2,28.42,1.694,131,28.42,1.694,0,,0,70,HYP-LOOSE-CONN,ALM-K-WARN;ALM-K-ALM;ALM-TTL-14D
2026-07-17T22:30:00+00:00,1146,1099,170,6.41,38.91,9.58,DSYA3_L2,26.41,1.69,83,26.41,1.69,0,,0,70,HYP-LOOSE-CONN,ALM-K-WARN;ALM-K-ALM;ALM-TTL-14D
2026-07-17T22:45:00+00:00,1147,1006,157.7,6.56,38.7,9.43,DSYA3_L2,24.5,1.687,58,24.5,1.687,0,,0,70,HYP-LOOSE-CONN,ALM-K-WARN;ALM-K-ALM;ALM-TTL-14D
2026-07-17T23:00:00+00:00,1148,906.9,144.3,6.72,38.5,9.28,DSYA3_L2,22.74,1.686,57,22.74,1.686,0,,0,70,HYP-LOOSE-CONN,ALM-K-WARN;ALM-K-ALM;ALM-TTL-14D
2026-07-17T23:15:00+00:00,1149,835.3,135.6,6.84,38.3,9.14,DSYA3_L2,20.76,1.684,21,20.76,1.684,0,,0,70,HYP-LOOSE-CONN,ALM-K-WARN;ALM-K-ALM;ALM-TTL-14D
2026-07-17T23:30:00+00:00,1150,768,125.7,6.95,38.12,9.01,DSYA3_L2,18.95,1.683,19,18.95,1.683,0,,0,70,HYP-LOOSE-CONN,ALM-K-WARN;ALM-K-ALM;ALM-TTL-14D
2026-07-17T23:45:00+00:00,1151,694.6,115.6,7.07,37.94,8.88,DSYA3_L2,18.03,1.684,10,18.03,1.684,0,,0,70,HYP-LOOSE-CONN,ALM-K-WARN;ALM-K-ALM;ALM-TTL-14D
2026-07-18T00:00:00+00:00,1152,622.8,105.2,7.19,37.82,8.8,DSYA3_L2,16.55,1.684,9,16.55,1.684,0,,0,70,HYP-LOOSE-CONN,ALM-K-WARN;ALM-K-ALM;ALM-TTL-14D
2026-07-18T00:15:00+00:00,1153,605.3,102.6,7.22,37.66,8.69,DSYA3_L2,15.08,1.684,9,15.08,1.684,0,,0,70,HYP-LOOSE-CONN,ALM-K-WARN;ALM-K-ALM;ALM-TTL-14D
2026-07-18T00:30:00+00:00,1154,590.4,101,7.24,37.52,8.59,DSYA3_L2,14.26,1.684,8,14.26,1.684,0,,0,70,HYP-LOOSE-CONN,ALM-K-WARN;ALM-K-ALM;ALM-TTL-14D
2026-07-18T00:45:00+00:00,1155,575.6,99,7.27,37.38,8.49,DSYA3_L2,13.61,1.685,8,13.61,1.685,0,,0,70,HYP-LOOSE-CONN,ALM-K-WARN;ALM-K-ALM;ALM-TTL-14D
2026-07-18T01:00:00+00:00,1156,560,96.3,7.29,37.26,8.41,DSYA3_L2,12.64,1.685,8,12.64,1.685,0,,0,70,HYP-LOOSE-CONN,ALM-K-WARN;ALM-K-ALM;ALM-TTL-14D
2026-07-18T01:15:00+00:00,1157,551.1,94.9,7.31,37.15,8.34,DSYA3_L2,12.52,1.686,7,12.52,1.686,0,,0,70,HYP-LOOSE-CONN,ALM-K-WARN;ALM-K-ALM;ALM-TTL-14D
2026-07-18T01:30:00+00:00,1158,544.6,94.2,7.32,37.06,8.27,DSYA3_L2,12.03,1.687,7,12.03,1.687,0,,0,70,HYP-LOOSE-CONN,ALM-K-WARN;ALM-K-ALM;ALM-TTL-14D
2026-07-18T01:45:00+00:00,1159,528.6,91.4,7.34,36.98,8.22,DSYA3_L2,11.34,1.687,7,11.34,1.687,0,,0,70,HYP-LOOSE-CONN,ALM-K-WARN;ALM-K-ALM;ALM-TTL-14D
2026-07-18T02:00:00+00:00,1160,512.6,88.8,7.37,36.91,8.17,DSYA3_L2,10.95,1.688,6,10.95,1.688,0,,0,70,HYP-LOOSE-CONN,ALM-K-WARN;ALM-K-ALM;ALM-TTL-14D
2026-07-18T02:15:00+00:00,1161,504.7,87.1,7.38,36.86,8.14,DSYA3_L2,10.24,1.688,6,10.24,1.688,0,,0,70,HYP-LOOSE-CONN,ALM-K-WARN;ALM-K-ALM;ALM-TTL-14D
2026-07-18T02:30:00+00:00,1162,499,85.8,7.39,36.82,8.11,DSYA3_L2,10.18,1.688,6,10.18,1.688,0,,0,70,HYP-LOOSE-CONN,ALM-K-WARN;ALM-K-ALM;ALM-TTL-14D
2026-07-18T02:45:00+00:00,1163,494.9,85.2,7.4,36.8,8.1,DSYA3_L2,9.71,1.689,5,9.71,1.689,0,,0,70,HYP-LOOSE-CONN,ALM-K-WARN;ALM-K-ALM;ALM-TTL-14D
2026-07-18T03:00:00+00:00,1164,489,84.6,7.41,36.79,8.09,DSYA3_L2,9.49,1.689,5,9.49,1.689,0,,0,70,HYP-LOOSE-CONN,ALM-K-WARN;ALM-K-ALM;ALM-TTL-14D
2026-07-18T03:15:00+00:00,1165,479.6,83,7.42,36.8,8.1,DSYA3_L2,9,1.689,5,9,1.689,0,,0,70,HYP-LOOSE-CONN,ALM-K-WARN;ALM-K-ALM;ALM-TTL-14D
2026-07-18T03:30:00+00:00,1166,475.1,82.1,7.43,36.82,8.11,DSYA3_L2,8.26,1.689,5,8.26,1.689,0,,0,70,HYP-LOOSE-CONN,ALM-K-WARN;ALM-K-ALM;ALM-TTL-14D
2026-07-18T03:45:00+00:00,1167,471.1,80.9,7.43,36.86,8.14,DSYA3_L2,8.09,1.69,4,8.09,1.69,0,,0,70,HYP-LOOSE-CONN,ALM-K-WARN;ALM-K-ALM;ALM-TTL-14D
2026-07-18T04:00:00+00:00,1168,470.5,80.8,7.43,36.91,8.17,DSYA3_L2,8.57,1.691,4,8.57,1.691,0,,0,70,HYP-LOOSE-CONN,ALM-K-WARN;ALM-K-ALM;ALM-TTL-14D
2026-07-18T04:15:00+00:00,1169,473.9,81.4,7.43,36.98,8.22,DSYA3_L2,8.26,1.691,4,8.26,1.691,0,,0,70,HYP-LOOSE-CONN,ALM-K-WARN;ALM-K-ALM;ALM-TTL-14D
2026-07-18T04:30:00+00:00,1170,477.9,82.1,7.42,37.06,8.27,DSYA3_L2,7.71,1.691,4,7.71,1.691,0,,0,70,HYP-LOOSE-CONN,ALM-K-WARN;ALM-K-ALM;ALM-TTL-14D
2026-07-18T04:45:00+00:00,1171,478.4,82,7.42,37.15,8.34,DSYA3_L2,7.85,1.692,3,7.85,1.692,0,,0,70,HYP-LOOSE-CONN,ALM-K-WARN;ALM-K-ALM;ALM-TTL-14D
2026-07-18T05:00:00+00:00,1172,485.1,82.6,7.41,37.26,8.41,DSYA3_L2,7.11,1.691,3,7.11,1.691,0,,0,70,HYP-LOOSE-CONN,ALM-K-WARN;ALM-K-ALM;ALM-TTL-14D
2026-07-18T05:15:00+00:00,1173,498.3,84.6,7.39,37.38,8.49,DSYA3_L2,7.27,1.692,3,7.27,1.692,0,,0,70,HYP-LOOSE-CONN,ALM-K-WARN;ALM-K-ALM;ALM-TTL-14D
2026-07-18T05:30:00+00:00,1174,516.3,87.5,7.36,37.52,8.59,DSYA3_L2,7.26,1.692,3,7.26,1.692,0,,0,70,HYP-LOOSE-CONN,ALM-K-WARN;ALM-K-ALM;ALM-TTL-14D
2026-07-18T05:45:00+00:00,1175,530.3,89.7,7.34,37.66,8.69,DSYA3_L2,6.94,1.692,3,6.94,1.692,0,,0,70,HYP-LOOSE-CONN,ALM-K-WARN;ALM-K-ALM;ALM-TTL-14D
2026-07-18T06:00:00+00:00,1176,544.8,91.2,7.31,37.82,8.8,DSYA3_L2,6.85,1.693,3,6.85,1.693,0,,0,70,HYP-LOOSE-CONN,ALM-K-WARN;ALM-K-ALM;ALM-TTL-14D
2026-07-18T06:15:00+00:00,1177,583.7,96.9,7.25,37.99,8.92,DSYA3_L2,6.83,1.693,3,6.83,1.693,0,,0,70,HYP-LOOSE-CONN,ALM-K-WARN;ALM-K-ALM;ALM-TTL-14D
2026-07-18T06:30:00+00:00,1178,624.4,103.1,7.18,38.16,9.04,DSYA3_L2,7.2,1.694,3,7.2,1.694,0,,0,70,HYP-LOOSE-CONN,ALM-K-WARN;ALM-K-ALM;ALM-TTL-14D
2026-07-18T06:45:00+00:00,1179,665.5,108.8,7.11,38.35,9.18,DSYA3_L2,7.65,1.695,3,7.65,1.695,0,,0,70,HYP-LOOSE-CONN,ALM-K-WARN;ALM-K-ALM;ALM-TTL-14D
2026-07-18T07:00:00+00:00,1180,703.4,114.6,7.05,38.55,9.32,DSYA3_L2,7.56,1.695,11,7.56,1.695,0,,0,70,HYP-LOOSE-CONN,ALM-K-WARN;ALM-K-ALM;ALM-TTL-14D
2026-07-18T07:15:00+00:00,1181,756.1,121.1,6.96,38.75,9.46,DSYA3_L2,7.99,1.696,12,7.99,1.696,0,,0,70,HYP-LOOSE-CONN,ALM-K-WARN;ALM-K-ALM;ALM-TTL-14D
2026-07-18T07:30:00+00:00,1182,814.3,129.4,6.87,38.96,9.62,DSYA3_L2,8.53,1.697,37,8.53,1.697,0,,0,70,HYP-LOOSE-CONN,ALM-K-WARN;ALM-K-ALM;ALM-TTL-14D
2026-07-18T07:45:00+00:00,1183,879.5,138.1,6.76,39.17,9.78,DSYA3_L2,9.54,1.7,49,9.54,1.7,0,,0,70,HYP-LOOSE-CONN,ALM-K-WARN;ALM-K-ALM;ALM-TTL-14D
2026-07-18T08:00:00+00:00,1184,935.4,145.7,6.67,39.39,9.94,DSYA3_L2,10.47,1.702,49,10.47,1.702,0,,0,70,HYP-LOOSE-CONN,ALM-K-WARN;ALM-K-ALM;ALM-TTL-14D
2026-07-18T08:15:00+00:00,1185,984.9,151.7,6.59,39.62,10.11,DSYA3_L2,11.14,1.704,49,11.14,1.704,0,,0,70,HYP-LOOSE-CONN,ALM-K-WARN;ALM-K-ALM;ALM-TTL-14D
2026-07-18T08:30:00+00:00,1186,1033,157.1,6.51,39.84,10.28,DSYA3_L2,11.96,1.706,75,11.96,1.706,0,,0,70,HYP-LOOSE-CONN,ALM-K-WARN;ALM-K-ALM;ALM-TTL-14D
2026-07-18T08:45:00+00:00,1187,1084,163.3,6.42,40.07,10.46,DSYA3_L2,12.71,1.709,127,12.71,1.709,0,,0,70,HYP-LOOSE-CONN,ALM-K-WARN;ALM-K-ALM;ALM-TTL-14D
2026-07-18T09:00:00+00:00,1188,1136,169.7,6.34,40.3,10.63,DSYA3_L2,13.99,1.713,150,13.99,1.713,0,,0,70,HYP-LOOSE-CONN,ALM-K-WARN;ALM-K-ALM;ALM-TTL-14D
2026-07-18T09:15:00+00:00,1189,1154,171.4,6.31,40.53,10.81,DSYA3_L2,14.93,1.716,216,14.93,1.716,0,,0,70,HYP-LOOSE-CONN,ALM-K-WARN;ALM-K-ALM;ALM-TTL-14D
2026-07-18T09:30:00+00:00,1190,1185,175.4,6.26,40.76,11,DSYA3_L2,15.93,1.72,216,15.93,1.72,0,,0,70,HYP-LOOSE-CONN,ALM-K-WARN;ALM-K-ALM;ALM-TTL-14D
2026-07-18T09:45:00+00:00,1191,1208,177.6,6.22,40.98,11.18,DSYA3_L2,16.85,1.724,215,16.85,1.724,0,,0,70,HYP-LOOSE-CONN,ALM-K-WARN;ALM-K-ALM;ALM-TTL-14D
2026-07-18T10:00:00+00:00,1192,1236,181.4,6.18,41.21,11.36,DSYA3_L2,17.38,1.726,215,17.38,1.726,0,,0,70,HYP-LOOSE-CONN,ALM-K-WARN;ALM-K-ALM;ALM-TTL-14D
2026-07-18T10:15:00+00:00,1193,1232,181.8,6.18,41.43,11.54,DSYA3_L2,17.79,1.727,215,17.79,1.727,0,,0,70,HYP-LOOSE-CONN,ALM-K-WARN;ALM-K-ALM;ALM-TTL-14D
2026-07-18T10:30:00+00:00,1194,1234,182.2,6.18,41.64,11.71,DSYA3_L2,18.21,1.729,215,18.21,1.729,0,,0,70,HYP-LOOSE-CONN,ALM-K-WARN;ALM-K-ALM;ALM-TTL-14D
2026-07-18T10:45:00+00:00,1195,1226,180.6,6.19,41.85,11.89,DSYA3_L2,18.68,1.731,214,18.68,1.731,0,,0,70,HYP-LOOSE-CONN,ALM-K-WARN;ALM-K-ALM;ALM-TTL-14D;ALM-PANEL-TEMP
2026-07-18T11:00:00+00:00,1196,1222,180,6.2,42.05,12.06,DSYA3_L2,18.97,1.733,214,18.97,1.733,0,,0,70,HYP-LOOSE-CONN,ALM-K-WARN;ALM-K-ALM;ALM-TTL-14D;ALM-PANEL-TEMP
2026-07-18T11:15:00+00:00,1197,1226,181.4,6.2,42.25,12.22,DSYA3_L2,18.18,1.729,216,18.18,1.729,0,,0,70,HYP-LOOSE-CONN,ALM-K-WARN;ALM-K-ALM;ALM-TTL-14D;ALM-PANEL-TEMP
2026-07-18T11:30:00+00:00,1198,1216,180.6,6.21,42.44,12.38,DSYA3_L2,18.72,1.731,214,18.72,1.731,0,,0,70,HYP-LOOSE-CONN,ALM-K-WARN;ALM-K-ALM;ALM-TTL-14D;ALM-PANEL-TEMP
2026-07-18T11:45:00+00:00,1199,1217,180.9,6.21,42.61,12.54,DSYA3_L2,19.04,1.733,213,19.04,1.733,0,,0,70,HYP-LOOSE-CONN,ALM-K-WARN;ALM-K-ALM;ALM-TTL-14D;ALM-PANEL-TEMP
2026-07-18T12:00:00+00:00,1200,1220,180.9,6.2,42.78,12.68,DSYA3_L2,18.92,1.733,213,18.92,1.733,0,,0,70,HYP-LOOSE-CONN,ALM-K-WARN;ALM-K-ALM;ALM-TTL-14D;ALM-PANEL-TEMP
2026-07-18T12:15:00+00:00,1201,1203,177.5,6.23,42.94,12.82,DSYA3_L2,19.48,1.737,213,19.48,1.737,0,,0,70,HYP-LOOSE-CONN,ALM-K-WARN;ALM-K-ALM;ALM-TTL-14D;ALM-PANEL-TEMP
2026-07-18T12:30:00+00:00,1202,1198,177.9,6.24,43.08,12.95,DSYA3_L2,18.71,1.733,213,18.71,1.733,0,,0,70,HYP-LOOSE-CONN,ALM-K-WARN;ALM-K-ALM;ALM-TTL-14D;ALM-PANEL-TEMP
2026-07-18T12:45:00+00:00,1203,1186,176.8,6.26,43.22,13.07,DSYA3_L2,19.17,1.736,212,19.17,1.736,0,,0,70,HYP-LOOSE-CONN,ALM-K-WARN;ALM-K-ALM;ALM-TTL-14D;ALM-PANEL-TEMP
2026-07-18T13:00:00+00:00,1204,1160,174.1,6.3,43.34,13.17,DSYA3_L2,19.36,1.738,140,19.36,1.738,0,,0,70,HYP-LOOSE-CONN,ALM-K-WARN;ALM-K-ALM;ALM-TTL-14D;ALM-PANEL-TEMP
2026-07-18T13:15:00+00:00,1205,1139,171.1,6.34,43.45,13.27,DSYA3_L2,18.63,1.736,142,18.63,1.736,0,,0,70,HYP-LOOSE-CONN,ALM-K-WARN;ALM-K-ALM;ALM-TTL-14D;ALM-PANEL-TEMP
2026-07-18T13:30:00+00:00,1206,1119,169.6,6.37,43.54,13.36,DSYA3_L2,18.57,1.737,140,18.57,1.737,0,,0,70,HYP-LOOSE-CONN,ALM-K-WARN;ALM-K-ALM;ALM-TTL-14D;ALM-PANEL-TEMP
2026-07-18T13:45:00+00:00,1207,1107,168.2,6.39,43.62,13.43,DSYA3_L2,17.94,1.735,141,17.94,1.735,0,,0,70,HYP-LOOSE-CONN,ALM-K-WARN;ALM-K-ALM;ALM-TTL-14D;ALM-PANEL-TEMP
2026-07-18T14:00:00+00:00,1208,1084,164.9,6.43,43.69,13.49,DSYA3_L2,17.63,1.735,117,17.63,1.735,0,,0,70,HYP-LOOSE-CONN,ALM-K-WARN;ALM-K-ALM;ALM-TTL-14D;ALM-PANEL-TEMP
2026-07-18T14:15:00+00:00,1209,1074,162.4,6.44,43.74,13.54,DSYA3_L2,17.42,1.735,117,17.42,1.735,0,,0,70,HYP-LOOSE-CONN,ALM-K-WARN;ALM-K-ALM;ALM-TTL-14D;ALM-PANEL-TEMP
2026-07-18T14:30:00+00:00,1210,1063,160.8,6.46,43.78,13.57,DSYA3_L2,17.09,1.735,117,17.09,1.735,0,,0,70,HYP-LOOSE-CONN,ALM-K-WARN;ALM-K-ALM;ALM-TTL-14D;ALM-PANEL-TEMP
2026-07-18T14:45:00+00:00,1211,1052,160.4,6.48,43.8,13.59,DSYA3_L2,16.87,1.736,97,16.87,1.736,0,,0,70,HYP-LOOSE-CONN,ALM-K-WARN;ALM-K-ALM;ALM-TTL-14D;ALM-PANEL-TEMP
2026-07-18T15:00:00+00:00,1212,1039,159.1,6.5,43.81,13.6,DSYA3_L2,16.86,1.737,90,16.86,1.737,0,,0,70,HYP-LOOSE-CONN,ALM-K-WARN;ALM-K-ALM;ALM-TTL-14D;ALM-PANEL-TEMP
2026-07-18T15:15:00+00:00,1213,1048,160.2,6.49,43.8,13.59,DSYA3_L2,16.51,1.737,92,16.51,1.737,0,,0,70,HYP-LOOSE-CONN,ALM-K-WARN;ALM-K-ALM;ALM-TTL-14D;ALM-PANEL-TEMP
2026-07-18T15:30:00+00:00,1214,1053,160.8,6.48,43.78,13.57,DSYA3_L2,16.8,1.74,91,16.8,1.74,0,,0,70,HYP-LOOSE-CONN,ALM-K-WARN;ALM-K-ALM;ALM-TTL-14D;ALM-PANEL-TEMP
2026-07-18T15:45:00+00:00,1215,1061,162.5,6.47,43.74,13.54,DSYA3_L2,16.78,1.741,91,16.78,1.741,0,,0,70,HYP-LOOSE-CONN,ALM-K-WARN;ALM-K-ALM;ALM-TTL-14D;ALM-PANEL-TEMP
2026-07-18T16:00:00+00:00,1216,1067,164.4,6.46,43.69,13.49,DSYA3_L2,16.93,1.744,89,16.93,1.744,0,,0,70,HYP-LOOSE-CONN,ALM-K-WARN;ALM-K-ALM;ALM-TTL-14D;ALM-PANEL-TEMP
2026-07-18T16:15:00+00:00,1217,1088,166.4,6.42,43.62,13.43,DSYA3_L2,16.77,1.744,91,16.77,1.744,0,,0,70,HYP-LOOSE-CONN,ALM-K-WARN;ALM-K-ALM;ALM-TTL-14D;ALM-PANEL-TEMP
2026-07-18T16:30:00+00:00,1218,1113,170,6.38,43.54,13.36,DSYA3_L2,16.91,1.746,113,16.91,1.746,0,,0,70,HYP-LOOSE-CONN,ALM-K-WARN;ALM-K-ALM;ALM-TTL-14D;ALM-PANEL-TEMP
2026-07-18T16:45:00+00:00,1219,1125,171.6,6.36,43.45,13.27,DSYA3_L2,17.59,1.75,95,17.59,1.75,0,,0,70,HYP-LOOSE-CONN,ALM-K-WARN;ALM-K-ALM;ALM-TTL-14D;ALM-PANEL-TEMP
2026-07-18T17:00:00+00:00,1220,1137,173.7,6.35,43.34,13.17,DSYA3_L2,18.44,1.756,88,18.44,1.756,0,,0,70,HYP-LOOSE-CONN,ALM-K-WARN;ALM-K-ALM;ALM-TTL-14D;ALM-PANEL-TEMP
2026-07-18T17:15:00+00:00,1221,1176,177.2,6.28,43.22,13.07,DSYA3_L2,18.37,1.757,114,18.37,1.757,0,,0,70,HYP-LOOSE-CONN,ALM-K-WARN;ALM-K-ALM;ALM-TTL-14D;ALM-PANEL-TEMP
2026-07-18T17:30:00+00:00,1222,1219,181.5,6.21,43.08,12.95,DSYA3_L2,18.91,1.761,137,18.91,1.761,0,,0,70,HYP-LOOSE-CONN,ALM-K-WARN;ALM-K-ALM;ALM-TTL-14D;ALM-PANEL-TEMP
2026-07-18T17:45:00+00:00,1223,1266,187.1,6.13,42.94,12.82,DSYA3_L2,19.93,1.768,137,19.93,1.768,0,,0,70,HYP-LOOSE-CONN,ALM-K-WARN;ALM-K-ALM;ALM-TTL-14D;ALM-PANEL-TEMP
2026-07-18T18:00:00+00:00,1224,1300,188.9,6.07,42.78,12.68,DSYA3_L2,20.7,1.773,137,20.7,1.773,0,,0,70,HYP-LOOSE-CONN,ALM-K-WARN;ALM-K-ALM;ALM-TTL-14D;ALM-PANEL-TEMP
2026-07-18T18:15:00+00:00,1225,1321,192.1,6.04,42.61,12.54,DSYA3_L2,21.84,1.781,137,21.84,1.781,0,,0,70,HYP-LOOSE-CONN,ALM-K-WARN;ALM-K-ALM;ALM-TTL-14D;ALM-PANEL-TEMP
2026-07-18T18:30:00+00:00,1226,1353,196.8,5.99,42.44,12.38,DSYA3_L2,22.72,1.788,137,22.72,1.788,0,,0,70,HYP-LOOSE-CONN,ALM-K-WARN;ALM-K-ALM;ALM-TTL-14D;ALM-PANEL-TEMP
2026-07-18T18:45:00+00:00,1227,1391,201.8,5.93,42.25,12.22,DSYA3_L2,23.11,1.79,206,23.11,1.79,0,,0,70,HYP-LOOSE-CONN,ALM-K-WARN;ALM-K-ALM;ALM-TTL-14D;ALM-PANEL-TEMP
2026-07-18T19:00:00+00:00,1228,1420,204.6,5.88,42.05,12.06,DSYA3_L2,24.63,1.802,140,24.63,1.802,0,,0,70,HYP-LOOSE-CONN,ALM-K-WARN;ALM-K-ALM;ALM-TTL-14D;ALM-PANEL-TEMP
2026-07-18T19:15:00+00:00,1229,1446,207.9,5.84,41.85,11.89,DSYA3_L2,25.54,1.809,136,25.54,1.809,0,,0,70,HYP-LOOSE-CONN,ALM-K-WARN;ALM-K-ALM;ALM-TTL-14D;ALM-PANEL-TEMP
2026-07-18T19:30:00+00:00,1230,1474,211.3,5.8,41.64,11.71,DSYA3_L2,26.29,1.814,140,26.29,1.814,0,,0,70,HYP-LOOSE-CONN,ALM-K-WARN;ALM-K-ALM;ALM-TTL-14D;ALM-PANEL-TEMP
2026-07-18T19:45:00+00:00,1231,1486,212.3,5.78,41.43,11.54,DSYA3_L2,27.14,1.821,140,27.14,1.821,0,,0,70,HYP-LOOSE-CONN,ALM-K-WARN;ALM-K-ALM;ALM-TTL-14D;ALM-PANEL-TEMP
2026-07-18T20:00:00+00:00,1232,1507,214.3,5.74,41.21,11.36,DSYA3_L2,27.87,1.827,139,27.87,1.827,0,,0,90,HYP-LOOSE-CONN,ALM-THR-PHASE-DIF;ALM-K-WARN;ALM-K-ALM;ALM-TTL-14D;ALM-PANEL-TEMP
2026-07-18T20:15:00+00:00,1233,1500,213.9,5.75,40.98,11.18,DSYA3_L2,28.4,1.831,135,28.4,1.831,0,,0,90,HYP-LOOSE-CONN,ALM-THR-PHASE-DIF;ALM-K-WARN;ALM-K-ALM;ALM-TTL-14D;ALM-PANEL-TEMP
2026-07-18T20:30:00+00:00,1234,1477,212.4,5.79,40.76,11,DSYA3_L2,29.14,1.837,133,29.14,1.837,0,,0,90,HYP-LOOSE-CONN,ALM-THR-PHASE-DIF;ALM-K-WARN;ALM-K-ALM;ALM-TTL-14D;ALM-PANEL-TEMP
2026-07-18T20:45:00+00:00,1235,1448,210.7,5.84,40.53,10.81,DSYA3_L2,28.63,1.833,134,28.63,1.833,0,,0,90,HYP-LOOSE-CONN,ALM-THR-PHASE-DIF;ALM-K-WARN;ALM-K-ALM;ALM-TTL-14D
2026-07-18T21:00:00+00:00,1236,1429,210.3,5.88,40.3,10.63,DSYA3_L2,28.21,1.83,134,28.21,1.83,0,,0,90,HYP-LOOSE-CONN,ALM-THR-PHASE-DIF;ALM-K-WARN;ALM-K-ALM;ALM-TTL-14D
2026-07-18T21:15:00+00:00,1237,1397,207.5,5.93,40.07,10.46,DSYA3_L2,28.02,1.83,132,28.02,1.83,0,,0,70,HYP-LOOSE-CONN,ALM-K-WARN;ALM-K-ALM;ALM-TTL-14D
2026-07-18T21:30:00+00:00,1238,1357,202,5.99,39.84,10.28,DSYA3_L2,27.57,1.829,132,27.57,1.829,0,,0,90,HYP-LOOSE-CONN,ALM-THR-PHASE-DIF;ALM-K-WARN;ALM-K-ALM;ALM-TTL-14D
2026-07-18T21:45:00+00:00,1239,1324,200.2,6.05,39.62,10.11,DSYA3_L2,26.32,1.82,133,26.32,1.82,0,,0,70,HYP-LOOSE-CONN,ALM-K-WARN;ALM-K-ALM;ALM-TTL-14D
2026-07-18T22:00:00+00:00,1240,1286,194.5,6.11,39.39,9.94,DSYA3_L2,25.81,1.819,113,25.81,1.819,0,,0,70,HYP-LOOSE-CONN,ALM-K-WARN;ALM-K-ALM;ALM-TTL-14D
2026-07-18T22:15:00+00:00,1241,1210,183.9,6.23,39.17,9.78,DSYA3_L2,24.77,1.814,107,24.77,1.814,0,,0,70,HYP-LOOSE-CONN,ALM-K-WARN;ALM-K-ALM;ALM-TTL-14D
2026-07-18T22:30:00+00:00,1242,1138,176,6.35,38.96,9.62,DSYA3_L2,23.23,1.807,83,23.23,1.807,0,,0,70,HYP-LOOSE-CONN,ALM-K-WARN;ALM-K-ALM;ALM-TTL-14D
2026-07-18T22:45:00+00:00,1243,1063,166.4,6.47,38.75,9.46,DSYA3_L2,21.79,1.802,36,21.79,1.802,0,,0,70,HYP-LOOSE-CONN,ALM-K-WARN;ALM-K-ALM;ALM-TTL-14D
2026-07-18T23:00:00+00:00,1244,987.1,155.6,6.59,38.55,9.32,DSYA3_L2,20.88,1.801,34,20.88,1.801,0,,0,70,HYP-LOOSE-CONN,ALM-K-WARN;ALM-K-ALM;ALM-TTL-14D
2026-07-18T23:15:00+00:00,1245,899.3,144.2,6.74,38.35,9.18,DSYA3_L2,19.11,1.796,33,19.11,1.796,0,,0,70,HYP-LOOSE-CONN,ALM-K-WARN;ALM-K-ALM;ALM-TTL-14D
2026-07-18T23:30:00+00:00,1246,814.2,131.7,6.87,38.16,9.04,DSYA3_L2,17.47,1.793,20,17.47,1.793,0,,0,70,HYP-LOOSE-CONN,ALM-K-WARN;ALM-K-ALM;ALM-TTL-14D
2026-07-18T23:45:00+00:00,1247,729.8,120.4,7.01,37.99,8.92,DSYA3_L2,15.84,1.79,11,15.84,1.79,0,,0,70,HYP-LOOSE-CONN,ALM-K-WARN;ALM-K-ALM;ALM-TTL-14D
2026-07-19T00:00:00+00:00,1248,643.9,107.3,7.15,37.86,8.83,DSYA3_L2,14.67,1.79,9,14.67,1.79,0,,0,70,HYP-LOOSE-CONN,ALM-K-WARN;ALM-K-ALM;ALM-TTL-14D
2026-07-19T00:15:00+00:00,1249,623.6,104,7.18,37.7,8.72,DSYA3_L2,12.98,1.788,9,12.98,1.788,0,,0,70,HYP-LOOSE-CONN,ALM-K-WARN;ALM-K-ALM;ALM-TTL-14D
2026-07-19T00:30:00+00:00,1250,611.5,102,7.2,37.56,8.62,DSYA3_L2,12.55,1.789,8,12.55,1.789,0,,0,70,HYP-LOOSE-CONN,ALM-K-WARN;ALM-K-ALM;ALM-TTL-14D
2026-07-19T00:45:00+00:00,1251,586.2,97.6,7.24,37.43,8.52,DSYA3_L2,11.78,1.789,8,11.78,1.789,0,,0,70,HYP-LOOSE-CONN,ALM-K-WARN;ALM-K-ALM;ALM-TTL-14D
2026-07-19T01:00:00+00:00,1252,568.9,94.7,7.27,37.3,8.44,DSYA3_L2,11.22,1.79,8,11.22,1.79,0,,0,70,HYP-LOOSE-CONN,ALM-K-WARN;ALM-K-ALM;ALM-TTL-14D
2026-07-19T01:15:00+00:00,1253,561.6,93.2,7.28,37.2,8.37,DSYA3_L2,11.16,1.792,7,11.16,1.792,0,,0,70,HYP-LOOSE-CONN,ALM-K-WARN;ALM-K-ALM;ALM-TTL-14D
2026-07-19T01:30:00+00:00,1254,547.7,90.6,7.3,37.1,8.3,DSYA3_L2,10.33,1.791,7,10.33,1.791,0,,0,70,HYP-LOOSE-CONN,ALM-K-WARN;ALM-K-ALM;ALM-TTL-14D
2026-07-19T01:45:00+00:00,1255,541,90.1,7.31,37.02,8.25,DSYA3_L2,10.07,1.792,7,10.07,1.792,0,,0,70,HYP-LOOSE-CONN,ALM-K-WARN;ALM-K-ALM;ALM-TTL-14D
2026-07-19T02:00:00+00:00,1256,527.9,88.1,7.34,36.95,8.2,DSYA3_L2,9.98,1.793,6,9.98,1.793,0,,0,70,HYP-LOOSE-CONN,ALM-K-WARN;ALM-K-ALM;ALM-TTL-14D
2026-07-19T02:15:00+00:00,1257,520,86.2,7.35,36.9,8.17,DSYA3_L2,9.44,1.794,6,9.44,1.794,0,,0,70,HYP-LOOSE-CONN,ALM-K-WARN;ALM-K-ALM;ALM-TTL-14D
2026-07-19T02:30:00+00:00,1258,514.1,85.4,7.36,36.86,8.14,DSYA3_L2,9.23,1.794,6,9.23,1.794,0,,0,70,HYP-LOOSE-CONN,ALM-K-WARN;ALM-K-ALM;ALM-TTL-14D
2026-07-19T02:45:00+00:00,1259,506.2,84,7.37,36.84,8.13,DSYA3_L2,8.71,1.795,5,8.71,1.795,0,,0,70,HYP-LOOSE-CONN,ALM-K-WARN;ALM-K-ALM;ALM-TTL-14D
2026-07-19T03:00:00+00:00,1260,499.9,83.3,7.38,36.83,8.12,DSYA3_L2,8.32,1.795,5,8.32,1.795,0,,0,70,HYP-LOOSE-CONN,ALM-K-WARN;ALM-K-ALM;ALM-TTL-14D
2026-07-19T03:15:00+00:00,1261,496.8,82.8,7.39,36.84,8.13,DSYA3_L2,8.28,1.796,5,8.28,1.796,0,,0,70,HYP-LOOSE-CONN,ALM-K-WARN;ALM-K-ALM;ALM-TTL-14D
2026-07-19T03:30:00+00:00,1262,491.9,82.1,7.39,36.86,8.14,DSYA3_L2,8.13,1.796,5,8.13,1.796,0,,0,70,HYP-LOOSE-CONN,ALM-K-WARN;ALM-K-ALM;ALM-TTL-14D
2026-07-19T03:45:00+00:00,1263,486.9,81.5,7.4,36.9,8.17,DSYA3_L2,7.93,1.797,4,7.93,1.797,0,,0,70,HYP-LOOSE-CONN,ALM-K-WARN;ALM-K-ALM;ALM-TTL-14D
2026-07-19T04:00:00+00:00,1264,484.6,80.7,7.4,36.95,8.2,DSYA3_L2,7.35,1.797,4,7.35,1.797,0,,0,70,HYP-LOOSE-CONN,ALM-K-WARN;ALM-K-ALM;ALM-TTL-14D
2026-07-19T04:15:00+00:00,1265,484.1,81.1,7.41,37.02,8.25,DSYA3_L2,7.26,1.797,4,7.26,1.797,0,,0,70,HYP-LOOSE-CONN,ALM-K-WARN;ALM-K-ALM;ALM-TTL-14D
2026-07-19T04:30:00+00:00,1266,489.6,82.2,7.4,37.1,8.3,DSYA3_L2,7.45,1.798,4,7.45,1.798,0,,0,70,HYP-LOOSE-CONN,ALM-K-WARN;ALM-K-ALM;ALM-TTL-14D
2026-07-19T04:45:00+00:00,1267,488.9,82.1,7.4,37.2,8.37,DSYA3_L2,6.95,1.798,3,6.95,1.798,0,,0,70,HYP-LOOSE-CONN,ALM-K-WARN;ALM-K-ALM;ALM-TTL-14D
2026-07-19T05:00:00+00:00,1268,491.5,81.9,7.39,37.3,8.44,DSYA3_L2,6.6,1.798,3,6.6,1.798,0,,0,70,HYP-LOOSE-CONN,ALM-K-WARN;ALM-K-ALM;ALM-TTL-14D
2026-07-19T05:15:00+00:00,1269,506.6,84.3,7.37,37.43,8.52,DSYA3_L2,6.27,1.798,3,6.27,1.798,0,,0,70,HYP-LOOSE-CONN,ALM-K-WARN;ALM-K-ALM;ALM-TTL-14D
2026-07-19T05:30:00+00:00,1270,519.7,86.2,7.35,37.56,8.62,DSYA3_L2,6.79,1.8,3,6.79,1.8,0,,0,70,HYP-LOOSE-CONN,ALM-K-WARN;ALM-K-ALM;ALM-TTL-14D
2026-07-19T05:45:00+00:00,1271,537.2,88.6,7.32,37.7,8.72,DSYA3_L2,6.58,1.8,3,6.58,1.8,0,,0,70,HYP-LOOSE-CONN,ALM-K-WARN;ALM-K-ALM;ALM-TTL-14D
2026-07-19T06:00:00+00:00,1272,552.2,91.4,7.3,37.86,8.83,DSYA3_L2,6.69,1.801,3,6.69,1.801,0,,0,70,HYP-LOOSE-CONN,ALM-K-WARN;ALM-K-ALM;ALM-TTL-14D
2026-07-19T06:15:00+00:00,1273,591.3,97.6,7.23,38.03,8.95,DSYA3_L2,6.56,1.801,3,6.56,1.801,0,,0,70,HYP-LOOSE-CONN,ALM-K-WARN;ALM-K-ALM;ALM-TTL-14D
2026-07-19T06:30:00+00:00,1274,626.6,103.1,7.18,38.21,9.07,DSYA3_L2,7.19,1.803,3,7.19,1.803,0,,0,70,HYP-LOOSE-CONN,ALM-K-WARN;ALM-K-ALM;ALM-TTL-14D
2026-07-19T06:45:00+00:00,1275,660.4,108,7.12,38.39,9.21,DSYA3_L2,7.15,1.803,3,7.15,1.803,0,,0,70,HYP-LOOSE-CONN,ALM-K-WARN;ALM-K-ALM;ALM-TTL-14D
2026-07-19T07:00:00+00:00,1276,697.3,112.9,7.06,38.59,9.35,DSYA3_L2,7.52,1.805,3,7.52,1.805,0,,0,70,HYP-LOOSE-CONN,ALM-K-WARN;ALM-K-ALM;ALM-TTL-14D
2026-07-19T07:15:00+00:00,1277,758.6,121.6,6.96,38.79,9.49,DSYA3_L2,8.26,1.807,12,8.26,1.807,0,,0,70,HYP-LOOSE-CONN,ALM-K-WARN;ALM-K-ALM;ALM-TTL-14D
2026-07-19T07:30:00+00:00,1278,819.6,129.3,6.86,39,9.65,DSYA3_L2,8.69,1.809,12,8.69,1.809,0,,0,70,HYP-LOOSE-CONN,ALM-K-WARN;ALM-K-ALM;ALM-TTL-14D
2026-07-19T07:45:00+00:00,1279,881.8,137.8,6.76,39.21,9.81,DSYA3_L2,9.55,1.812,25,9.55,1.812,0,,0,70,HYP-LOOSE-CONN,ALM-K-WARN;ALM-K-ALM;ALM-TTL-14D
2026-07-19T08:00:00+00:00,1280,946.7,146,6.65,39.43,9.97,DSYA3_L2,10.62,1.817,25,10.62,1.817,0,,0,70,HYP-LOOSE-CONN,ALM-K-WARN;ALM-K-ALM;ALM-TTL-14D
2026-07-19T08:15:00+00:00,1281,994,151.8,6.57,39.66,10.14,DSYA3_L2,12.09,1.823,25,12.09,1.823,0,,0,70,HYP-LOOSE-CONN,ALM-K-WARN;ALM-K-ALM;ALM-TTL-14D
2026-07-19T08:30:00+00:00,1282,1046,158.6,6.49,39.88,10.31,DSYA3_L2,12.6,1.826,27,12.6,1.826,0,,0,70,HYP-LOOSE-CONN,ALM-K-WARN;ALM-K-ALM;ALM-TTL-14D
2026-07-19T08:45:00+00:00,1283,1105,166.4,6.39,40.11,10.49,DSYA3_L2,13.55,1.831,73,13.55,1.831,0,,0,70,HYP-LOOSE-CONN,ALM-K-WARN;ALM-K-ALM;ALM-TTL-14D
2026-07-19T09:00:00+00:00,1284,1166,173.5,6.29,40.34,10.67,DSYA3_L2,15.17,1.84,74,15.17,1.84,0,,0,70,HYP-LOOSE-CONN,ALM-K-WARN;ALM-K-ALM;ALM-TTL-14D
2026-07-19T09:15:00+00:00,1285,1196,175.9,6.24,40.57,10.85,DSYA3_L2,16.47,1.847,78,16.47,1.847,0,,0,70,HYP-LOOSE-CONN,ALM-K-WARN;ALM-K-ALM;ALM-TTL-14D
2026-07-19T09:30:00+00:00,1286,1216,179.1,6.21,40.8,11.03,DSYA3_L2,17.24,1.851,96,17.24,1.851,0,,0,70,HYP-LOOSE-CONN,ALM-K-WARN;ALM-K-ALM;ALM-TTL-14D
2026-07-19T09:45:00+00:00,1287,1245,182.2,6.16,41.03,11.21,DSYA3_L2,18.52,1.86,96,18.52,1.86,0,,0,70,HYP-LOOSE-CONN,ALM-K-WARN;ALM-K-ALM;ALM-TTL-14D
2026-07-19T10:00:00+00:00,1288,1278,187.7,6.11,41.25,11.39,DSYA3_L2,19.07,1.862,97,19.07,1.862,0,,0,70,HYP-LOOSE-CONN,ALM-K-WARN;ALM-K-ALM;ALM-TTL-14D
2026-07-19T10:15:00+00:00,1289,1280,187.9,6.11,41.47,11.57,DSYA3_L2,20.1,1.869,95,20.1,1.869,0,,0,70,HYP-LOOSE-CONN,ALM-K-WARN;ALM-K-ALM;ALM-TTL-14D
2026-07-19T10:30:00+00:00,1290,1287,188.7,6.1,41.68,11.75,DSYA3_L2,20.54,1.871,95,20.54,1.871,0,,0,70,HYP-LOOSE-CONN,ALM-K-WARN;ALM-K-ALM;ALM-TTL-14D;ALM-PANEL-TEMP
2026-07-19T10:45:00+00:00,1291,1295,189.3,6.08,41.89,11.92,DSYA3_L2,20.76,1.872,96,20.76,1.872,0,,0,70,HYP-LOOSE-CONN,ALM-K-WARN;ALM-K-ALM;ALM-TTL-14D;ALM-PANEL-TEMP
2026-07-19T11:00:00+00:00,1292,1293,189.3,6.09,42.1,12.09,DSYA3_L2,21.49,1.877,94,21.49,1.877,0,,0,70,HYP-LOOSE-CONN,ALM-K-WARN;ALM-K-ALM;ALM-TTL-14D;ALM-PANEL-TEMP
2026-07-19T11:15:00+00:00,1293,1286,189,6.1,42.29,12.26,DSYA3_L2,21.94,1.881,94,21.94,1.881,0,,0,70,HYP-LOOSE-CONN,ALM-K-WARN;ALM-K-ALM;ALM-TTL-14D;ALM-PANEL-TEMP
2026-07-19T11:30:00+00:00,1294,1285,188.1,6.1,42.48,12.42,DSYA3_L2,21.8,1.879,94,21.8,1.879,0,,0,70,HYP-LOOSE-CONN,ALM-K-WARN;ALM-K-ALM;ALM-TTL-14D;ALM-PANEL-TEMP
2026-07-19T11:45:00+00:00,1295,1282,187.5,6.1,42.65,12.57,DSYA3_L2,22.31,1.884,94,22.31,1.884,0,,0,70,HYP-LOOSE-CONN,ALM-K-WARN;ALM-K-ALM;ALM-TTL-14D;ALM-PANEL-TEMP
2026-07-19T12:00:00+00:00,1296,1284,188.5,6.1,42.82,12.72,DSYA3_L2,22.41,1.885,93,22.41,1.885,0,,0,70,HYP-LOOSE-CONN,ALM-K-WARN;ALM-K-ALM;ALM-TTL-14D;ALM-PANEL-TEMP
2026-07-19T12:15:00+00:00,1297,1286,189.1,6.1,42.98,12.85,DSYA3_L2,22.84,1.89,71,22.84,1.89,0,,0,70,HYP-LOOSE-CONN,ALM-K-WARN;ALM-K-ALM;ALM-TTL-14D;ALM-PANEL-TEMP
2026-07-19T12:30:00+00:00,1298,1267,187.2,6.13,43.12,12.98,DSYA3_L2,22.76,1.89,71,22.76,1.89,0,,0,70,HYP-LOOSE-CONN,ALM-K-WARN;ALM-K-ALM;ALM-TTL-14D;ALM-PANEL-TEMP
2026-07-19T12:45:00+00:00,1299,1253,185.4,6.15,43.26,13.1,DSYA3_L2,22.36,1.887,70,22.36,1.887,0,,0,70,HYP-LOOSE-CONN,ALM-K-WARN;ALM-K-ALM;ALM-TTL-14D;ALM-PANEL-TEMP
2026-07-19T13:00:00+00:00,1300,1238,183.5,6.18,43.38,13.21,DSYA3_L2,22.75,1.892,68,22.75,1.892,0,,0,70,HYP-LOOSE-CONN,ALM-K-WARN;ALM-K-ALM;ALM-TTL-14D;ALM-PANEL-TEMP
2026-07-19T13:15:00+00:00,1301,1222,181.5,6.2,43.49,13.31,DSYA3_L2,22.08,1.888,68,22.08,1.888,0,,0,70,HYP-LOOSE-CONN,ALM-K-WARN;ALM-K-ALM;ALM-TTL-14D;ALM-PANEL-TEMP
2026-07-19T13:30:00+00:00,1302,1206,179.5,6.23,43.58,13.39,DSYA3_L2,21.82,1.887,68,21.82,1.887,0,,0,70,HYP-LOOSE-CONN,ALM-K-WARN;ALM-K-ALM;ALM-TTL-14D;ALM-PANEL-TEMP
2026-07-19T13:45:00+00:00,1303,1184,176.9,6.26,43.66,13.47,DSYA3_L2,21.85,1.89,45,21.85,1.89,0,,0,70,HYP-LOOSE-CONN,ALM-K-WARN;ALM-K-ALM;ALM-TTL-14D;ALM-PANEL-TEMP
2026-07-19T14:00:00+00:00,1304,1171,176.2,6.29,43.73,13.53,DSYA3_L2,21.95,1.894,43,21.95,1.894,0,,0,70,HYP-LOOSE-CONN,ALM-K-WARN;ALM-K-ALM;ALM-TTL-14D;ALM-PANEL-TEMP
2026-07-19T14:15:00+00:00,1305,1162,174.1,6.3,43.78,13.58,DSYA3_L2,21.13,1.889,43,21.13,1.889,0,,0,70,HYP-LOOSE-CONN,ALM-K-WARN;ALM-K-ALM;ALM-TTL-14D;ALM-PANEL-TEMP
2026-07-19T14:30:00+00:00,1306,1153,173.5,6.32,43.82,13.61,DSYA3_L2,21.02,1.891,43,21.02,1.891,0,,0,70,HYP-LOOSE-CONN,ALM-K-WARN;ALM-K-ALM;ALM-TTL-14D;ALM-PANEL-TEMP
2026-07-19T14:45:00+00:00,1307,1138,172,6.34,43.84,13.63,DSYA3_L2,20.89,1.893,25,20.89,1.893,0,,0,70,HYP-LOOSE-CONN,ALM-K-WARN;ALM-K-ALM;ALM-TTL-14D;ALM-PANEL-TEMP
2026-07-19T15:00:00+00:00,1308,1126,171.6,6.36,43.85,13.64,DSYA3_L2,20.66,1.894,20,20.66,1.894,0,,0,70,HYP-LOOSE-CONN,ALM-K-WARN;ALM-K-ALM;ALM-TTL-14D;ALM-PANEL-TEMP
2026-07-19T15:15:00+00:00,1309,1133,172.3,6.35,43.84,13.63,DSYA3_L2,20.22,1.893,20,20.22,1.893,0,,0,70,HYP-LOOSE-CONN,ALM-K-WARN;ALM-K-ALM;ALM-TTL-14D;ALM-PANEL-TEMP
2026-07-19T15:30:00+00:00,1310,1134,172.7,6.35,43.82,13.61,DSYA3_L2,20.54,1.899,20,20.54,1.899,0,,0,70,HYP-LOOSE-CONN,ALM-K-WARN;ALM-K-ALM;ALM-TTL-14D;ALM-PANEL-TEMP
2026-07-19T15:45:00+00:00,1311,1138,172.8,6.34,43.78,13.58,DSYA3_L2,20.27,1.899,24,20.27,1.899,0,,0,70,HYP-LOOSE-CONN,ALM-K-WARN;ALM-K-ALM;ALM-TTL-14D;ALM-PANEL-TEMP
2026-07-19T16:00:00+00:00,1312,1142,172.8,6.34,43.73,13.53,DSYA3_L2,20.65,1.905,19,20.65,1.905,0,,0,70,HYP-LOOSE-CONN,ALM-K-WARN;ALM-K-ALM;ALM-TTL-14D;ALM-PANEL-TEMP
2026-07-19T16:15:00+00:00,1313,1160,175,6.31,43.66,13.47,DSYA3_L2,20.43,1.906,41,20.43,1.906,0,,0,70,HYP-LOOSE-CONN,ALM-K-WARN;ALM-K-ALM;ALM-TTL-14D;ALM-PANEL-TEMP
2026-07-19T16:30:00+00:00,1314,1178,178,6.28,43.58,13.39,DSYA3_L2,21.05,1.914,41,21.05,1.914,0,,0,70,HYP-LOOSE-CONN,ALM-K-WARN;ALM-K-ALM;ALM-TTL-14D;ALM-PANEL-TEMP
2026-07-19T16:45:00+00:00,1315,1189,178.7,6.26,43.49,13.31,DSYA3_L2,21.58,1.921,41,21.58,1.921,0,,0,70,HYP-LOOSE-CONN,ALM-K-WARN;ALM-K-ALM;ALM-TTL-14D;ALM-PANEL-TEMP
2026-07-19T17:00:00+00:00,1316,1212,180.2,6.22,43.38,13.21,DSYA3_L2,21.63,1.924,40,21.63,1.924,0,,0,70,HYP-LOOSE-CONN,ALM-K-WARN;ALM-K-ALM;ALM-TTL-14D;ALM-PANEL-TEMP
2026-07-19T17:15:00+00:00,1317,1245,185.4,6.17,43.26,13.1,DSYA3_L2,22.39,1.934,42,22.39,1.934,0,,0,70,HYP-LOOSE-CONN,ALM-K-WARN;ALM-K-ALM;ALM-TTL-14D;ALM-PANEL-TEMP
2026-07-19T17:30:00+00:00,1318,1286,191.1,6.1,43.12,12.98,DSYA3_L2,22.97,1.941,64,22.97,1.941,0,,0,70,HYP-LOOSE-CONN,ALM-K-WARN;ALM-K-ALM;ALM-TTL-14D;ALM-PANEL-TEMP
2026-07-19T17:45:00+00:00,1319,1331,196.5,6.03,42.98,12.85,DSYA3_L2,23.69,1.95,65,23.69,1.95,0,,0,70,HYP-LOOSE-CONN,ALM-K-WARN;ALM-K-ALM;ALM-TTL-14D;ALM-PANEL-TEMP
2026-07-19T18:00:00+00:00,1320,1364,199.8,5.98,42.82,12.72,DSYA3_L2,24.69,1.96,63,24.69,1.96,0,,0,70,HYP-LOOSE-CONN,ALM-K-WARN;ALM-K-ALM;ALM-TTL-14D;ALM-PANEL-TEMP
2026-07-19T18:15:00+00:00,1321,1402,205.5,5.92,42.65,12.57,DSYA3_L2,26.01,1.975,65,26.01,1.975,0,,0,90,HYP-LOOSE-CONN,ALM-THR-PHASE-DIF;ALM-K-WARN;ALM-K-ALM;ALM-TTL-14D;ALM-PANEL-TEMP
2026-07-19T18:30:00+00:00,1322,1430,207,5.87,42.48,12.42,DSYA3_L2,27.25,1.989,65,27.25,1.989,0,,0,90,HYP-LOOSE-CONN,ALM-THR-PHASE-DIF;ALM-K-WARN;ALM-K-ALM;ALM-TTL-14D;ALM-PANEL-TEMP
2026-07-19T18:45:00+00:00,1323,1452,208.5,5.83,42.29,12.26,DSYA3_L2,28.04,1.998,68,28.04,1.998,0,,0,90,HYP-LOOSE-CONN,ALM-THR-PHASE-DIF;ALM-K-WARN;ALM-K-ALM;ALM-TTL-14D;ALM-PANEL-TEMP
2026-07-19T19:00:00+00:00,1324,1483,213.9,5.78,42.1,12.09,DSYA3_L2,28.99,2.009,68,28.99,2.009,0,,0,90,HYP-LOOSE-CONN,ALM-THR-PHASE-DIF;ALM-K-WARN;ALM-K-ALM;ALM-TTL-14D;ALM-PANEL-TEMP
2026-07-19T19:15:00+00:00,1325,1500,216.2,5.76,41.89,11.92,DSYA3_L2,29.74,2.016,86,29.74,2.016,0,,0,90,HYP-LOOSE-CONN,ALM-THR-PHASE-DIF;ALM-K-WARN;ALM-K-ALM;ALM-TTL-14D;ALM-PANEL-TEMP
2026-07-19T19:30:00+00:00,1326,1520,216.4,5.72,41.68,11.75,DSYA3_L2,30.83,2.029,86,30.83,2.029,0,,0,90,HYP-LOOSE-CONN,ALM-THR-PHASE-DIF;ALM-K-WARN;ALM-K-ALM;ALM-TTL-14D;ALM-PANEL-TEMP
2026-07-19T19:45:00+00:00,1327,1536,219,5.7,41.47,11.57,DSYA3_L2,31.61,2.037,85,31.61,2.037,0,,0,90,HYP-LOOSE-CONN,ALM-THR-PHASE-DIF;ALM-K-WARN;ALM-K-ALM;ALM-TTL-14D;ALM-PANEL-TEMP
2026-07-19T20:00:00+00:00,1328,1559,222,5.66,41.25,11.39,DSYA3_L2,32.76,2.052,85,32.76,2.052,0,,0,90,HYP-LOOSE-CONN,ALM-THR-PHASE-DIF;ALM-K-WARN;ALM-K-ALM;ALM-TTL-14D;ALM-PANEL-TEMP
2026-07-19T20:15:00+00:00,1329,1529,218.4,5.71,41.03,11.21,DSYA3_L2,33.42,2.059,67,33.42,2.059,0,,0,90,HYP-LOOSE-CONN,ALM-THR-PHASE-DIF;ALM-K-WARN;ALM-K-ALM;ALM-TTL-14D;ALM-PANEL-TEMP
2026-07-19T20:30:00+00:00,1330,1518,217.3,5.73,40.8,11.03,DSYA3_L2,33.3,2.056,67,33.3,2.056,0,,0,90,HYP-LOOSE-CONN,ALM-THR-PHASE-DIF;ALM-K-WARN;ALM-K-ALM;ALM-TTL-14D;ALM-PANEL-TEMP
2026-07-19T20:45:00+00:00,1331,1500,215,5.76,40.57,10.85,DSYA3_L2,33.06,2.052,84,33.06,2.052,0,,0,90,HYP-LOOSE-CONN,ALM-THR-PHASE-DIF;ALM-K-WARN;ALM-K-ALM;ALM-TTL-14D;ALM-PANEL-TEMP
2026-07-19T21:00:00+00:00,1332,1481,213.6,5.79,40.34,10.67,DSYA3_L2,32.54,2.044,84,32.54,2.044,0,,0,90,HYP-LOOSE-CONN,ALM-THR-PHASE-DIF;ALM-K-WARN;ALM-K-ALM;ALM-TTL-14D
2026-07-19T21:15:00+00:00,1333,1454,208.4,5.83,40.11,10.49,DSYA3_L2,32.76,2.049,66,32.76,2.049,0,,0,90,HYP-LOOSE-CONN,ALM-THR-PHASE-DIF;ALM-K-WARN;ALM-K-ALM;ALM-TTL-14D
2026-07-19T21:30:00+00:00,1334,1412,206.4,5.9,39.88,10.31,DSYA3_L2,32.5,2.048,61,32.5,2.048,0,,0,90,HYP-LOOSE-CONN,ALM-THR-PHASE-DIF;ALM-K-WARN;ALM-K-ALM;ALM-TTL-14D
2026-07-19T21:45:00+00:00,1335,1375,202.7,5.96,39.66,10.14,DSYA3_L2,31.04,2.029,83,31.04,2.029,0,,0,90,HYP-LOOSE-CONN,ALM-THR-PHASE-DIF;ALM-K-WARN;ALM-K-ALM;ALM-TTL-14D
2026-07-19T22:00:00+00:00,1336,1333,198.8,6.03,39.43,9.97,DSYA3_L2,30.6,2.029,59,30.6,2.029,0,,0,90,HYP-LOOSE-CONN,ALM-THR-PHASE-DIF;ALM-K-WARN;ALM-K-ALM;ALM-TTL-14D
2026-07-19T22:15:00+00:00,1337,1255,189.8,6.16,39.21,9.81,DSYA3_L2,28.75,2.01,59,28.75,2.01,0,,0,90,HYP-LOOSE-CONN,ALM-THR-PHASE-DIF;ALM-K-WARN;ALM-K-ALM;ALM-TTL-14D
2026-07-19T22:30:00+00:00,1338,1178,180.5,6.28,39,9.65,DSYA3_L2,27.68,2.005,35,27.68,2.005,0,,0,90,HYP-LOOSE-CONN,ALM-THR-PHASE-DIF;ALM-K-WARN;ALM-K-ALM;ALM-TTL-14D
2026-07-19T22:45:00+00:00,1339,1100,170.6,6.41,38.79,9.49,DSYA3_L2,25.48,1.99,10,25.48,1.99,0,,0,70,HYP-LOOSE-CONN,ALM-K-WARN;ALM-K-ALM;ALM-TTL-14D
2026-07-19T23:00:00+00:00,1340,1017,160.1,6.55,38.59,9.35,DSYA3_L2,24.15,1.986,9,24.15,1.986,0,,0,70,HYP-LOOSE-CONN,ALM-K-WARN;ALM-K-ALM;ALM-TTL-14D
2026-07-19T23:15:00+00:00,1341,919.5,148.2,6.71,38.39,9.21,DSYA3_L2,22.03,1.978,9,22.03,1.978,0,,0,70,HYP-LOOSE-CONN,ALM-K-WARN;ALM-K-ALM;ALM-TTL-14D
2026-07-19T23:30:00+00:00,1342,814.8,133.7,6.88,38.21,9.07,DSYA3_L2,20.18,1.973,,20.18,1.973,0,,0,40,HYP-LOOSE-CONN,ALM-K-WARN;ALM-K-ALM
2026-07-19T23:45:00+00:00,1343,714.1,119,7.04,38.03,8.95,DSYA3_L2,17.89,1.968,,17.89,1.968,0,,0,50,HYP-LOOSE-CONN,ALM-K-WARN;ALM-K-ALM
2026-07-20T00:00:00+00:00,1344,613.5,103.7,7.2,37.9,8.86,DSYA3_L2,16.19,1.967,,16.19,1.967,0,,0,50,HYP-LOOSE-CONN,ALM-K-WARN;ALM-K-ALM
2026-07-20T00:15:00+00:00,1345,598.8,101.3,7.23,37.74,8.75,DSYA3_L2,14.48,1.966,,14.48,1.966,0,,0,50,HYP-LOOSE-CONN,ALM-K-WARN;ALM-K-ALM
2026-07-20T00:30:00+00:00,1346,591.6,100.2,7.24,37.6,8.64,DSYA3_L2,13.94,1.967,,13.94,1.967,0,,0,50,HYP-LOOSE-CONN,ALM-K-WARN;ALM-K-ALM
2026-07-20T00:45:00+00:00,1347,583.2,98.8,7.25,37.46,8.55,DSYA3_L2,13.4,1.969,,13.4,1.969,0,,0,50,HYP-LOOSE-CONN,ALM-K-WARN;ALM-K-ALM
2026-07-20T01:00:00+00:00,1348,569.5,96.5,7.27,37.34,8.47,DSYA3_L2,13.23,1.972,,13.23,1.972,0,,0,50,HYP-LOOSE-CONN,ALM-K-WARN;ALM-K-ALM
2026-07-20T01:15:00+00:00,1349,561.4,95.6,7.29,37.23,8.39,DSYA3_L2,12.41,1.972,,12.41,1.972,0,,0,50,HYP-LOOSE-CONN,ALM-K-WARN;ALM-K-ALM
2026-07-20T01:30:00+00:00,1350,553.3,94,7.3,37.14,8.33,DSYA3_L2,11.78,1.973,,11.78,1.973,0,,0,50,HYP-LOOSE-CONN,ALM-K-WARN;ALM-K-ALM
2026-07-20T01:45:00+00:00,1351,543.8,92.6,7.32,37.06,8.27,DSYA3_L2,11.65,1.975,5,11.65,1.975,0,,0,70,HYP-LOOSE-CONN,ALM-K-WARN;ALM-K-ALM;ALM-TTL-14D
2026-07-20T02:00:00+00:00,1352,532.6,91,7.33,36.99,8.23,DSYA3_L2,10.73,1.975,5,10.73,1.975,0,,0,70,HYP-LOOSE-CONN,ALM-K-WARN;ALM-K-ALM;ALM-TTL-14D
2026-07-20T02:15:00+00:00,1353,528.9,90.4,7.34,36.94,8.19,DSYA3_L2,10.98,1.977,5,10.98,1.977,0,,0,70,HYP-LOOSE-CONN,ALM-K-WARN;ALM-K-ALM;ALM-TTL-14D
2026-07-20T02:30:00+00:00,1354,526.6,89.7,7.34,36.9,8.17,DSYA3_L2,11.03,1.979,4,11.03,1.979,0,,0,70,HYP-LOOSE-CONN,ALM-K-WARN;ALM-K-ALM;ALM-TTL-14D
2026-07-20T02:45:00+00:00,1355,522.5,89.2,7.35,36.88,8.15,DSYA3_L2,10.02,1.979,4,10.02,1.979,0,,0,70,HYP-LOOSE-CONN,ALM-K-WARN;ALM-K-ALM;ALM-TTL-14D
2026-07-20T03:00:00+00:00,1356,520.5,88.7,7.35,36.87,8.15,DSYA3_L2,10.22,1.981,4,10.22,1.981,0,,0,70,HYP-LOOSE-CONN,ALM-K-WARN;ALM-K-ALM;ALM-TTL-14D
2026-07-20T03:15:00+00:00,1357,520.6,89.2,7.35,36.88,8.15,DSYA3_L2,9.41,1.981,4,9.41,1.981,0,,0,70,HYP-LOOSE-CONN,ALM-K-WARN;ALM-K-ALM;ALM-TTL-14D
2026-07-20T03:30:00+00:00,1358,517.4,88.7,7.36,36.9,8.17,DSYA3_L2,9.27,1.982,3,9.27,1.982,0,,0,70,HYP-LOOSE-CONN,ALM-K-WARN;ALM-K-ALM;ALM-TTL-14D
2026-07-20T03:45:00+00:00,1359,516.2,88.8,7.36,36.94,8.19,DSYA3_L2,9.23,1.983,3,9.23,1.983,0,,0,70,HYP-LOOSE-CONN,ALM-K-WARN;ALM-K-ALM;ALM-TTL-14D
2026-07-20T04:00:00+00:00,1360,512.8,88.8,7.37,36.99,8.23,DSYA3_L2,8.51,1.983,3,8.51,1.983,0,,0,70,HYP-LOOSE-CONN,ALM-K-WARN;ALM-K-ALM;ALM-TTL-14D
2026-07-20T04:15:00+00:00,1361,519.8,89.7,7.36,37.06,8.27,DSYA3_L2,8.35,1.984,3,8.35,1.984,0,,0,70,HYP-LOOSE-CONN,ALM-K-WARN;ALM-K-ALM;ALM-TTL-14D
2026-07-20T04:30:00+00:00,1362,531.3,91.6,7.34,37.14,8.33,DSYA3_L2,8.28,1.985,2,8.28,1.985,0,,0,70,HYP-LOOSE-CONN,ALM-K-WARN;ALM-K-ALM;ALM-TTL-14D
2026-07-20T04:45:00+00:00,1363,543.5,93.2,7.32,37.23,8.39,DSYA3_L2,8.07,1.985,2,8.07,1.985,0,,0,70,HYP-LOOSE-CONN,ALM-K-WARN;ALM-K-ALM;ALM-TTL-14D
2026-07-20T05:00:00+00:00,1364,557.2,95.5,7.3,37.34,8.47,DSYA3_L2,8.08,1.986,2,8.08,1.986,0,,0,70,HYP-LOOSE-CONN,ALM-K-WARN;ALM-K-ALM;ALM-TTL-14D
2026-07-20T05:15:00+00:00,1365,599.7,101.8,7.23,37.46,8.55,DSYA3_L2,8.14,1.987,2,8.14,1.987,0,,0,70,HYP-LOOSE-CONN,ALM-K-WARN;ALM-K-ALM;ALM-TTL-14D
2026-07-20T05:30:00+00:00,1366,640.1,108,7.16,37.6,8.64,DSYA3_L2,8.21,1.988,2,8.21,1.988,0,,0,70,HYP-LOOSE-CONN,ALM-K-WARN;ALM-K-ALM;ALM-TTL-14D
2026-07-20T05:45:00+00:00,1367,681.3,114,7.09,37.74,8.75,DSYA3_L2,8.96,1.992,2,8.96,1.992,0,,0,70,HYP-LOOSE-CONN,ALM-K-WARN;ALM-K-ALM;ALM-TTL-14D
2026-07-20T06:00:00+00:00,1368,722.3,120.2,7.03,37.9,8.86,DSYA3_L2,9.06,1.993,1,9.06,1.993,0,,0,70,HYP-LOOSE-CONN,ALM-K-WARN;ALM-K-ALM;ALM-TTL-14D
2026-07-20T06:15:00+00:00,1369,849,138.5,6.82,38.07,8.97,DSYA3_L2,9.67,1.996,2,9.67,1.996,0,,0,70,HYP-LOOSE-CONN,ALM-K-WARN;ALM-K-ALM;ALM-TTL-14D
2026-07-20T06:30:00+00:00,1370,973.6,155.2,6.62,38.24,9.1,DSYA3_L2,11.3,2.003,2,11.3,2.003,0,,0,70,HYP-LOOSE-CONN,ALM-K-WARN;ALM-K-ALM;ALM-TTL-14D
2026-07-20T06:45:00+00:00,1371,1093,170.4,6.42,38.43,9.23,DSYA3_L2,13.2,2.013,2,13.2,2.013,0,,0,70,HYP-LOOSE-CONN,ALM-K-WARN;ALM-K-ALM;ALM-TTL-14D
2026-07-20T07:00:00+00:00,1372,1221,187.2,6.22,38.63,9.37,DSYA3_L2,15.84,2.029,28,15.84,2.029,0,,0,70,HYP-LOOSE-CONN,ALM-K-WARN;ALM-K-ALM;ALM-TTL-14D
2026-07-20T07:15:00+00:00,1373,1344,201.4,6.02,38.83,9.52,DSYA3_L2,18.54,2.046,74,18.54,2.046,0,,0,70,HYP-LOOSE-CONN,ALM-K-WARN;ALM-K-ALM;ALM-TTL-14D
2026-07-20T07:30:00+00:00,1374,1482,217.7,5.79,39.04,9.68,DSYA3_L2,21.52,2.066,98,21.52,2.066,0,,0,70,HYP-LOOSE-CONN,ALM-K-WARN;ALM-K-ALM;ALM-TTL-14D
2026-07-20T07:45:00+00:00,1375,1606,228.9,5.59,39.25,9.84,DSYA3_L2,25.17,2.088,99,25.17,2.088,0,,0,90,HYP-LOOSE-CONN,ALM-THR-PHASE-DIF;ALM-K-WARN;ALM-K-ALM;ALM-TTL-14D
2026-07-20T08:00:00+00:00,1376,1735,240.1,5.38,39.47,10,DSYA3_L2,29.78,2.115,103,29.78,2.115,0,,0,90,HYP-LOOSE-CONN,ALM-THR-PHASE-DIF;ALM-K-WARN;ALM-K-ALM;ALM-TTL-14D;ALM-PANEL-TEMP
2026-07-20T08:15:00+00:00,1377,1779,243.9,5.3,39.69,10.17,DSYA3_L2,34.48,2.139,99,34.48,2.139,0,,0,90,HYP-LOOSE-CONN,ALM-THR-PHASE-DIF;ALM-K-WARN;ALM-K-ALM;ALM-TTL-14D;ALM-PANEL-TEMP
2026-07-20T08:30:00+00:00,1378,1830,248.6,5.22,39.92,10.34,DSYA3_L2,36.83,2.144,168,36.83,2.144,0,,0,90,HYP-LOOSE-CONN,ALM-THR-PHASE-DIF;ALM-K-WARN;ALM-K-ALM;ALM-TTL-14D;ALM-PANEL-TEMP
2026-07-20T08:45:00+00:00,1379,1864,250.8,5.16,40.15,10.52,DSYA3_L2,39.92,2.155,168,39.92,2.155,0,,0,90,HYP-LOOSE-CONN,ALM-THR-PHASE-DIF;ALM-K-WARN;ALM-K-ALM;ALM-TTL-14D;ALM-PANEL-TEMP
2026-07-20T09:00:00+00:00,1380,1911,256.5,5.09,40.38,10.7,DSYA3_L2,42.26,2.161,167,42.26,2.161,0,,0,90,HYP-LOOSE-CONN,ALM-THR-PHASE-DIF;ALM-K-WARN;ALM-K-ALM;ALM-TTL-14D;ALM-PANEL-TEMP
2026-07-20T09:15:00+00:00,1381,1912,259.1,5.09,40.61,10.88,DSYA3_L2,44.36,2.163,167,44.36,2.163,0,,0,70,HYP-LOOSE-CONN,ALM-K-WARN;ALM-K-ALM;ALM-TTL-14D;ALM-PANEL-TEMP
2026-07-20T09:30:00+00:00,1382,1898,257.3,5.11,40.84,11.06,DSYA3_L2,45.73,2.161,167,45.73,2.161,0,,0,90,HYP-LOOSE-CONN,ALM-THR-PHASE-DIF;ALM-K-WARN;ALM-K-ALM;ALM-TTL-14D;ALM-PANEL-TEMP
2026-07-20T09:45:00+00:00,1383,1883,256.3,5.14,41.06,11.24,DSYA3_L2,45.9,2.147,167,45.9,2.147,0,,0,90,HYP-LOOSE-CONN,ALM-THR-PHASE-DIF;ALM-K-WARN;ALM-K-ALM;ALM-TTL-14D;ALM-PANEL-TEMP
2026-07-20T10:00:00+00:00,1384,1876,256.1,5.15,41.29,11.42,DSYA3_L2,46.65,2.143,167,46.65,2.143,0,,0,70,HYP-LOOSE-CONN,ALM-K-WARN;ALM-K-ALM;ALM-TTL-14D;ALM-PANEL-TEMP
2026-07-20T10:15:00+00:00,1385,1888,257.3,5.13,41.51,11.6,DSYA3_L2,47.02,2.137,193,47.02,2.137,0,,0,70,HYP-LOOSE-CONN,ALM-K-WARN;ALM-K-ALM;ALM-TTL-14D;ALM-PANEL-TEMP
2026-07-20T10:30:00+00:00,1386,1908,259.7,5.1,41.72,11.78,DSYA3_L2,47.63,2.133,217,47.63,2.133,0,,0,70,HYP-LOOSE-CONN,ALM-K-WARN;ALM-K-ALM;ALM-TTL-14D;ALM-PANEL-TEMP
2026-07-20T10:45:00+00:00,1387,1926,261.6,5.07,41.93,11.95,DSYA3_L2,48.96,2.138,217,48.96,2.138,0,,0,70,HYP-LOOSE-CONN,ALM-K-WARN;ALM-K-ALM;ALM-TTL-14D;ALM-PANEL-TEMP
2026-07-20T11:00:00+00:00,1388,1934,262.7,5.06,42.13,12.12,DSYA3_L2,50.15,2.141,220,50.15,2.141,0,,0,70,HYP-LOOSE-CONN,ALM-THR-TERM-WARN;ALM-K-WARN;ALM-K-ALM;ALM-TTL-14D;ALM-PANEL-TEMP
2026-07-20T11:15:00+00:00,1389,1939,262.8,5.05,42.33,12.29,DSYA3_L2,51.62,2.15,214,51.62,2.15,0,,0,70,HYP-LOOSE-CONN,ALM-THR-TERM-WARN;ALM-K-WARN;ALM-K-ALM;ALM-TTL-14D;ALM-PANEL-TEMP
2026-07-20T11:30:00+00:00,1390,1927,263.8,5.07,42.51,12.45,DSYA3_L2,51.97,2.145,239,51.97,2.145,0,,0,70,HYP-LOOSE-CONN,ALM-THR-TERM-WARN;ALM-K-WARN;ALM-K-ALM;ALM-TTL-14D;ALM-PANEL-TEMP
2026-07-20T11:45:00+00:00,1391,1919,262.6,5.09,42.69,12.6,DSYA3_L2,52.45,2.145,240,52.45,2.145,0,,0,70,HYP-LOOSE-CONN,ALM-THR-TERM-WARN;ALM-K-WARN;ALM-K-ALM;ALM-TTL-14D;ALM-PANEL-TEMP
2026-07-20T12:00:00+00:00,1392,1908,259.9,5.1,42.86,12.75,DSYA3_L2,52.81,2.145,261,52.81,2.145,0,,0,70,HYP-LOOSE-CONN,ALM-THR-TERM-WARN;ALM-K-WARN;ALM-K-ALM;ALM-TTL-14D;ALM-PANEL-TEMP
2026-07-20T12:15:00+00:00,1393,1886,260.7,5.14,43.01,12.89,DSYA3_L2,52.63,2.14,333,52.63,2.14,0,,0,70,HYP-LOOSE-CONN,ALM-THR-TERM-WARN;ALM-K-WARN;ALM-K-ALM;ALM-TTL-14D;ALM-PANEL-TEMP
2026-07-20T12:30:00+00:00,1394,1860,258.4,5.18,43.16,13.02,DSYA3_L2,52.53,2.138,333,52.53,2.138,0,,0,70,HYP-LOOSE-CONN,ALM-THR-TERM-WARN;ALM-K-WARN;ALM-K-ALM;ALM-TTL-14D;ALM-PANEL-TEMP
2026-07-20T12:45:00+00:00,1395,1845,255.9,5.21,43.29,13.13,DSYA3_L2,52.03,2.134,333,52.03,2.134,0,,0,70,HYP-LOOSE-CONN,ALM-THR-TERM-WARN;ALM-K-WARN;ALM-K-ALM;ALM-TTL-14D;ALM-PANEL-TEMP
2026-07-20T13:00:00+00:00,1396,1822,253.4,5.24,43.41,13.24,DSYA3_L2,51.68,2.132,332,51.68,2.132,0,,0,70,HYP-LOOSE-CONN,ALM-THR-TERM-WARN;ALM-K-WARN;ALM-K-ALM;ALM-TTL-14D;ALM-PANEL-TEMP
2026-07-20T13:15:00+00:00,1397,1836,255.9,5.22,43.52,13.34,DSYA3_L2,51.18,2.13,358,51.18,2.13,0,,0,50,HYP-LOOSE-CONN,ALM-THR-TERM-WARN;ALM-K-WARN;ALM-K-ALM;ALM-PANEL-TEMP
2026-07-20T13:30:00+00:00,1398,1840,258.5,5.22,43.62,13.43,DSYA3_L2,51.56,2.137,333,51.56,2.137,0,,0,70,HYP-LOOSE-CONN,ALM-THR-TERM-WARN;ALM-K-WARN;ALM-K-ALM;ALM-TTL-14D;ALM-PANEL-TEMP
2026-07-20T13:45:00+00:00,1399,1849,256.8,5.2,43.7,13.5,DSYA3_L2,51.72,2.141,332,51.72,2.141,0,,0,70,HYP-LOOSE-CONN,ALM-THR-TERM-WARN;ALM-K-WARN;ALM-K-ALM;ALM-TTL-14D;ALM-PANEL-TEMP
2026-07-20T14:00:00+00:00,1400,1860,256.2,5.18,43.76,13.56,DSYA3_L2,52.51,2.151,265,52.51,2.151,0,,0,70,HYP-LOOSE-CONN,ALM-THR-TERM-WARN;ALM-K-WARN;ALM-K-ALM;ALM-TTL-14D;ALM-PANEL-TEMP
2026-07-20T14:15:00+00:00,1401,1880,258.3,5.15,43.82,13.61,DSYA3_L2,53.19,2.16,259,53.19,2.16,0,,0,70,HYP-LOOSE-CONN,ALM-THR-TERM-WARN;ALM-K-WARN;ALM-K-ALM;ALM-TTL-14D;ALM-PANEL-TEMP
2026-07-20T14:30:00+00:00,1402,1899,260.3,5.12,43.85,13.64,DSYA3_L2,54.57,2.175,213,54.57,2.175,0,,0,70,HYP-LOOSE-CONN,ALM-THR-TERM-WARN;ALM-K-WARN;ALM-K-ALM;ALM-TTL-14D;ALM-PANEL-TEMP
2026-07-20T14:45:00+00:00,1403,1926,263.6,5.08,43.88,13.66,DSYA3_L2,55.31,2.183,212,55.31,2.183,0,,0,70,HYP-LOOSE-CONN,ALM-THR-TERM-WARN;ALM-K-WARN;ALM-K-ALM;ALM-TTL-14D;ALM-PANEL-TEMP
2026-07-20T15:00:00+00:00,1404,1953,266.2,5.03,43.88,13.67,DSYA3_L2,56.71,2.198,186,56.71,2.198,0,,0,70,HYP-LOOSE-CONN,ALM-THR-TERM-WARN;ALM-K-WARN;ALM-K-ALM;ALM-TTL-14D;ALM-PANEL-TEMP
2026-07-20T15:15:00+00:00,1405,1938,263.8,5.06,43.88,13.66,DSYA3_L2,58.05,2.211,164,58.05,2.211,0,,0,70,HYP-LOOSE-CONN,ALM-THR-TERM-WARN;ALM-K-WARN;ALM-K-ALM;ALM-TTL-14D;ALM-PANEL-TEMP
2026-07-20T15:30:00+00:00,1406,1921,261.9,5.08,43.85,13.64,DSYA3_L2,58.09,2.212,168,58.09,2.212,0,,0,70,HYP-LOOSE-CONN,ALM-THR-TERM-WARN;ALM-K-WARN;ALM-K-ALM;ALM-TTL-14D;ALM-PANEL-TEMP
2026-07-20T15:45:00+00:00,1407,1921,261.5,5.08,43.82,13.61,DSYA3_L2,57.49,2.206,188,57.49,2.206,0,,0,70,HYP-LOOSE-CONN,ALM-THR-TERM-WARN;ALM-K-WARN;ALM-K-ALM;ALM-TTL-14D;ALM-PANEL-TEMP
2026-07-20T16:00:00+00:00,1408,1916,263.8,5.09,43.76,13.56,DSYA3_L2,57.77,2.21,187,57.77,2.21,0,,0,70,HYP-LOOSE-CONN,ALM-THR-TERM-WARN;ALM-K-WARN;ALM-K-ALM;ALM-TTL-14D;ALM-PANEL-TEMP
2026-07-20T16:15:00+00:00,1409,1908,262.9,5.11,43.7,13.5,DSYA3_L2,57.91,2.214,187,57.91,2.214,0,,0,70,HYP-LOOSE-CONN,ALM-THR-TERM-WARN;ALM-K-WARN;ALM-K-ALM;ALM-TTL-14D;ALM-PANEL-TEMP
2026-07-20T16:30:00+00:00,1410,1905,263.5,5.11,43.62,13.43,DSYA3_L2,58.05,2.219,185,58.05,2.219,0,,0,70,HYP-LOOSE-CONN,ALM-THR-TERM-WARN;ALM-K-WARN;ALM-K-ALM;ALM-TTL-14D;ALM-PANEL-TEMP
2026-07-20T16:45:00+00:00,1411,1902,264.2,5.12,43.52,13.34,DSYA3_L2,58.14,2.224,185,58.14,2.224,0,,0,70,HYP-LOOSE-CONN,ALM-THR-TERM-WARN;ALM-K-WARN;ALM-K-ALM;ALM-TTL-14D;ALM-PANEL-TEMP
2026-07-20T17:00:00+00:00,1412,1890,264.3,5.14,43.41,13.24,DSYA3_L2,57.69,2.222,184,57.69,2.222,0,,0,70,HYP-LOOSE-CONN,ALM-THR-TERM-WARN;ALM-K-WARN;ALM-K-ALM;ALM-TTL-14D;ALM-PANEL-TEMP
2026-07-20T17:15:00+00:00,1413,1865,262.2,5.18,43.29,13.13,DSYA3_L2,57.93,2.229,166,57.93,2.229,0,,0,70,HYP-LOOSE-CONN,ALM-THR-TERM-WARN;ALM-K-WARN;ALM-K-ALM;ALM-TTL-14D;ALM-PANEL-TEMP
2026-07-20T17:30:00+00:00,1414,1837,258.9,5.23,43.16,13.02,DSYA3_L2,57.03,2.225,184,57.03,2.225,0,,0,70,HYP-LOOSE-CONN,ALM-THR-TERM-WARN;ALM-K-WARN;ALM-K-ALM;ALM-TTL-14D;ALM-PANEL-TEMP
2026-07-20T17:45:00+00:00,1415,1813,258.2,5.27,43.01,12.89,DSYA3_L2,56.44,2.226,184,56.44,2.226,0,,0,70,HYP-LOOSE-CONN,ALM-THR-TERM-WARN;ALM-K-WARN;ALM-K-ALM;ALM-TTL-14D;ALM-PANEL-TEMP
2026-07-20T18:00:00+00:00,1416,1783,255.4,5.32,42.86,12.75,DSYA3_L2,55.42,2.223,183,55.42,2.223,0,,0,70,HYP-LOOSE-CONN,ALM-THR-TERM-WARN;ALM-K-WARN;ALM-K-ALM;ALM-TTL-14D;ALM-PANEL-TEMP
2026-07-20T18:15:00+00:00,1417,1779,256.6,5.33,42.69,12.6,DSYA3_L2,54.64,2.224,183,54.64,2.224,0,,0,70,HYP-LOOSE-CONN,ALM-THR-TERM-WARN;ALM-K-WARN;ALM-K-ALM;ALM-TTL-14D;ALM-PANEL-TEMP
2026-07-20T18:30:00+00:00,1418,1754,255.1,5.37,42.51,12.45,DSYA3_L2,53.78,2.224,183,53.78,2.224,0,,0,70,HYP-LOOSE-CONN,ALM-THR-TERM-WARN;ALM-K-WARN;ALM-K-ALM;ALM-TTL-14D;ALM-PANEL-TEMP
2026-07-20T18:45:00+00:00,1419,1718,250.4,5.42,42.33,12.29,DSYA3_L2,53.32,2.228,160,53.32,2.228,0,,0,70,HYP-LOOSE-CONN,ALM-THR-TERM-WARN;ALM-K-WARN;ALM-K-ALM;ALM-TTL-14D;ALM-PANEL-TEMP
2026-07-20T19:00:00+00:00,1420,1698,247.9,5.46,42.13,12.12,DSYA3_L2,52.57,2.231,158,52.57,2.231,0,,0,70,HYP-LOOSE-CONN,ALM-THR-TERM-WARN;ALM-K-WARN;ALM-K-ALM;ALM-TTL-14D;ALM-PANEL-TEMP
2026-07-20T19:15:00+00:00,1421,1712,251,5.44,41.93,11.95,DSYA3_L2,51.61,2.232,160,51.61,2.232,0,,0,70,HYP-LOOSE-CONN,ALM-THR-TERM-WARN;ALM-K-WARN;ALM-K-ALM;ALM-TTL-14D;ALM-PANEL-TEMP
2026-07-20T19:30:00+00:00,1422,1734,255.4,5.4,41.72,11.78,DSYA3_L2,51.53,2.239,160,51.53,2.239,0,,0,70,HYP-LOOSE-CONN,ALM-THR-TERM-WARN;ALM-K-WARN;ALM-K-ALM;ALM-TTL-14D;ALM-PANEL-TEMP
2026-07-20T19:45:00+00:00,1423,1750,259.1,5.38,41.51,11.6,DSYA3_L2,51.96,2.248,158,51.96,2.248,0,,0,70,HYP-LOOSE-CONN,ALM-THR-TERM-WARN;ALM-K-WARN;ALM-K-ALM;ALM-TTL-14D;ALM-PANEL-TEMP
2026-07-20T20:00:00+00:00,1424,1753,261,5.38,41.29,11.42,DSYA3_L2,52.16,2.256,157,52.16,2.256,0,,0,70,HYP-LOOSE-CONN,ALM-THR-TERM-WARN;ALM-K-WARN;ALM-K-ALM;ALM-TTL-14D;ALM-PANEL-TEMP
2026-07-20T20:15:00+00:00,1425,1730,258.7,5.42,41.06,11.24,DSYA3_L2,52.3,2.262,157,52.3,2.262,0,,0,70,HYP-LOOSE-CONN,ALM-THR-TERM-WARN;ALM-K-WARN;ALM-K-ALM;ALM-TTL-14D;ALM-PANEL-TEMP
2026-07-20T20:30:00+00:00,1426,1703,259.5,5.47,40.84,11.06,DSYA3_L2,51.93,2.266,156,51.93,2.266,0,,0,70,HYP-LOOSE-CONN,ALM-THR-TERM-WARN;ALM-K-WARN;ALM-K-ALM;ALM-TTL-14D;ALM-PANEL-TEMP
2026-07-20T20:45:00+00:00,1427,1667,251.9,5.52,40.61,10.88,DSYA3_L2,50.71,2.263,156,50.71,2.263,0,,0,70,HYP-LOOSE-CONN,ALM-THR-TERM-WARN;ALM-K-WARN;ALM-K-ALM;ALM-TTL-14D;ALM-PANEL-TEMP
2026-07-20T21:00:00+00:00,1428,1644,252.9,5.56,40.38,10.7,DSYA3_L2,49.72,2.263,156,49.72,2.263,0,,0,70,HYP-LOOSE-CONN,ALM-K-WARN;ALM-K-ALM;ALM-TTL-14D;ALM-PANEL-TEMP
2026-07-20T21:15:00+00:00,1429,1585,245.9,5.66,40.15,10.52,DSYA3_L2,48.65,2.263,155,48.65,2.263,0,,0,70,HYP-LOOSE-CONN,ALM-K-WARN;ALM-K-ALM;ALM-TTL-14D;ALM-PANEL-TEMP
2026-07-20T21:30:00+00:00,1430,1522,237.2,5.76,39.92,10.34,DSYA3_L2,47.02,2.26,86,47.02,2.26,0,,0,70,HYP-LOOSE-CONN,ALM-K-WARN;ALM-K-ALM;ALM-TTL-14D
2026-07-20T21:45:00+00:00,1431,1458,228.8,5.86,39.69,10.17,DSYA3_L2,45.09,2.256,84,45.09,2.256,0,,0,70,HYP-LOOSE-CONN,ALM-K-WARN;ALM-K-ALM;ALM-TTL-14D
2026-07-20T22:00:00+00:00,1432,1390,219.6,5.97,39.47,10,DSYA3_L2,42.77,2.251,59,42.77,2.251,0,,0,70,HYP-LOOSE-CONN,ALM-K-WARN;ALM-K-ALM;ALM-TTL-14D
2026-07-20T22:15:00+00:00,1433,1279,204.7,6.14,39.25,9.84,DSYA3_L2,40.87,2.25,13,40.87,2.25,0,,0,70,HYP-LOOSE-CONN,ALM-K-WARN;ALM-K-ALM;ALM-TTL-14D
2026-07-20T22:30:00+00:00,1434,1172,190.2,6.31,39.04,9.68,DSYA3_L2,37.63,2.244,10,37.63,2.244,0,,0,70,HYP-LOOSE-CONN,ALM-K-WARN;ALM-K-ALM;ALM-TTL-14D
2026-07-20T22:45:00+00:00,1435,1071,176.1,6.48,38.83,9.52,DSYA3_L2,34.58,2.24,10,34.58,2.24,0,,0,70,HYP-LOOSE-CONN,ALM-K-WARN;ALM-K-ALM;ALM-TTL-14D
2026-07-20T23:00:00+00:00,1436,974.4,163.2,6.63,38.63,9.37,DSYA3_L2,32.17,2.24,9,32.17,2.24,0,,0,70,HYP-LOOSE-CONN,ALM-K-WARN;ALM-K-ALM;ALM-TTL-14D
2026-07-20T23:15:00+00:00,1437,891.2,149.7,6.76,38.43,9.23,DSYA3_L2,29.76,2.239,9,29.76,2.239,0,,0,70,HYP-LOOSE-CONN,ALM-K-WARN;ALM-K-ALM;ALM-TTL-14D
2026-07-20T23:30:00+00:00,1438,796.6,135.9,6.92,38.24,9.1,DSYA3_L2,27.24,2.239,8,27.24,2.239,0,,0,70,HYP-LOOSE-CONN,ALM-K-WARN;ALM-K-ALM;ALM-TTL-14D
2026-07-20T23:45:00+00:00,1439,706.5,121.5,7.06,38.07,8.97,DSYA3_L2,24.81,2.239,7,24.81,2.239,0,,0,70,HYP-LOOSE-CONN,ALM-K-WARN;ALM-K-ALM;ALM-TTL-14D
2026-07-21T00:00:00+00:00,1440,613.9,107.4,7.21,37.93,8.88,DSYA3_L2,22.7,2.239,7,22.7,2.239,0,,0,70,HYP-LOOSE-CONN,ALM-K-WARN;ALM-K-ALM;ALM-TTL-14D
2026-07-21T00:15:00+00:00,1441,599.4,104.4,7.23,37.78,8.77,DSYA3_L2,21.02,2.24,7,21.02,2.24,0,,0,70,HYP-LOOSE-CONN,ALM-K-WARN;ALM-K-ALM;ALM-TTL-14D
2026-07-21T00:30:00+00:00,1442,589.9,102.8,7.25,37.63,8.67,DSYA3_L2,19.99,2.241,6,19.99,2.241,0,,0,70,HYP-LOOSE-CONN,ALM-K-WARN;ALM-K-ALM;ALM-TTL-14D
2026-07-21T00:45:00+00:00,1443,575.2,99.8,7.27,37.5,8.57,DSYA3_L2,19.1,2.243,6,19.1,2.243,0,,0,70,HYP-LOOSE-CONN,ALM-K-WARN;ALM-K-ALM;ALM-TTL-14D
2026-07-21T01:00:00+00:00,1444,560.4,96.9,7.29,37.38,8.49,DSYA3_L2,18.17,2.244,6,18.17,2.244,0,,0,70,HYP-LOOSE-CONN,ALM-K-WARN;ALM-K-ALM;ALM-TTL-14D
2026-07-21T01:15:00+00:00,1445,551.9,95.4,7.31,37.27,8.42,DSYA3_L2,17.49,2.245,6,17.49,2.245,0,,0,70,HYP-LOOSE-CONN,ALM-K-WARN;ALM-K-ALM;ALM-TTL-14D
2026-07-21T01:30:00+00:00,1446,544.2,93.9,7.32,37.17,8.35,DSYA3_L2,16.82,2.247,5,16.82,2.247,0,,0,70,HYP-LOOSE-CONN,ALM-K-WARN;ALM-K-ALM;ALM-TTL-14D
2026-07-21T01:45:00+00:00,1447,531.9,92,7.34,37.09,8.3,DSYA3_L2,16.25,2.248,5,16.25,2.248,0,,0,70,HYP-LOOSE-CONN,ALM-K-WARN;ALM-K-ALM;ALM-TTL-14D
2026-07-21T02:00:00+00:00,1448,521.9,91,7.36,37.03,8.25,DSYA3_L2,16.15,2.249,5,16.15,2.249,0,,0,70,HYP-LOOSE-CONN,ALM-K-WARN;ALM-K-ALM;ALM-TTL-14D
2026-07-21T02:15:00+00:00,1449,520.6,90.9,7.36,36.97,8.22,DSYA3_L2,15.01,2.25,4,15.01,2.25,0,,0,70,HYP-LOOSE-CONN,ALM-K-WARN;ALM-K-ALM;ALM-TTL-14D
2026-07-21T02:30:00+00:00,1450,516.5,90.4,7.37,36.94,8.19,DSYA3_L2,14.58,2.251,4,14.58,2.251,0,,0,70,HYP-LOOSE-CONN,ALM-K-WARN;ALM-K-ALM;ALM-TTL-14D
2026-07-21T02:45:00+00:00,1451,515.7,89.8,7.37,36.91,8.17,DSYA3_L2,13.44,2.251,4,13.44,2.251,0,,0,70,HYP-LOOSE-CONN,ALM-K-WARN;ALM-K-ALM;ALM-TTL-14D
2026-07-21T03:00:00+00:00,1452,509.8,88.5,7.37,36.91,8.17,DSYA3_L2,13.63,2.252,4,13.63,2.252,0,,0,70,HYP-LOOSE-CONN,ALM-K-WARN;ALM-K-ALM;ALM-TTL-14D
2026-07-21T03:15:00+00:00,1453,510.6,88.6,7.37,36.91,8.17,DSYA3_L2,12.8,2.252,3,12.8,2.252,0,,0,70,HYP-LOOSE-CONN,ALM-K-WARN;ALM-K-ALM;ALM-TTL-14D
2026-07-21T03:30:00+00:00,1454,505.9,88.1,7.38,36.94,8.19,DSYA3_L2,12.51,2.253,3,12.51,2.253,0,,0,70,HYP-LOOSE-CONN,ALM-K-WARN;ALM-K-ALM;ALM-TTL-14D
2026-07-21T03:45:00+00:00,1455,504.5,87.9,7.38,36.97,8.22,DSYA3_L2,12.31,2.254,3,12.31,2.254,0,,0,70,HYP-LOOSE-CONN,ALM-K-WARN;ALM-K-ALM;ALM-TTL-14D
2026-07-21T04:00:00+00:00,1456,506.2,88.7,7.38,37.03,8.25,DSYA3_L2,11.82,2.255,3,11.82,2.255,0,,0,70,HYP-LOOSE-CONN,ALM-K-WARN;ALM-K-ALM;ALM-TTL-14D
2026-07-21T04:15:00+00:00,1457,517.4,90.9,7.36,37.09,8.3,DSYA3_L2,11.38,2.255,2,11.38,2.255,0,,0,70,HYP-LOOSE-CONN,ALM-K-WARN;ALM-K-ALM;ALM-TTL-14D
2026-07-21T04:30:00+00:00,1458,528.9,92.7,7.35,37.17,8.35,DSYA3_L2,11.21,2.256,2,11.21,2.256,0,,0,70,HYP-LOOSE-CONN,ALM-K-WARN;ALM-K-ALM;ALM-TTL-14D
2026-07-21T04:45:00+00:00,1459,540.6,94.9,7.33,37.27,8.42,DSYA3_L2,10.77,2.256,2,10.77,2.256,0,,0,70,HYP-LOOSE-CONN,ALM-K-WARN;ALM-K-ALM;ALM-TTL-14D
2026-07-21T05:00:00+00:00,1460,546.6,95.7,7.32,37.38,8.49,DSYA3_L2,10.84,2.257,2,10.84,2.257,0,,0,70,HYP-LOOSE-CONN,ALM-K-WARN;ALM-K-ALM;ALM-TTL-14D
2026-07-21T05:15:00+00:00,1461,589.6,102.7,7.25,37.5,8.57,DSYA3_L2,10.62,2.258,2,10.62,2.258,0,,0,70,HYP-LOOSE-CONN,ALM-K-WARN;ALM-K-ALM;ALM-TTL-14D
2026-07-21T05:30:00+00:00,1462,632.6,108.9,7.18,37.63,8.67,DSYA3_L2,10.91,2.259,2,10.91,2.259,4194304,ALM-DQ-DRIFT,0,70,HYP-LOOSE-CONN,ALM-K-WARN;ALM-K-ALM;ALM-TTL-14D
2026-07-21T05:45:00+00:00,1463,673.1,115.1,7.11,37.78,8.77,DSYA3_L2,11.1,2.26,1,11.1,2.26,4194304,ALM-DQ-DRIFT,0,70,HYP-LOOSE-CONN,ALM-K-WARN;ALM-K-ALM;ALM-TTL-14D
2026-07-21T06:00:00+00:00,1464,716.4,121.3,7.04,37.93,8.88,DSYA3_L2,11.26,2.261,1,11.26,2.261,4194304,ALM-DQ-DRIFT,0,70,HYP-LOOSE-CONN,ALM-K-WARN;ALM-K-ALM;ALM-TTL-14D
2026-07-21T06:15:00+00:00,1465,837.8,139.1,6.84,38.1,9,DSYA3_L2,11.59,2.262,1,11.59,2.262,4194304,ALM-DQ-DRIFT,0,70,HYP-LOOSE-CONN,ALM-K-WARN;ALM-K-ALM;ALM-TTL-14D
2026-07-21T06:30:00+00:00,1466,957.5,155.5,6.65,38.28,9.12,DSYA3_L2,13.57,2.266,2,13.57,2.266,4194304,ALM-DQ-DRIFT,0,70,HYP-LOOSE-CONN,ALM-K-WARN;ALM-K-ALM;ALM-TTL-14D
2026-07-21T06:45:00+00:00,1467,1081,172.1,6.45,38.46,9.26,DSYA3_L2,15.28,2.271,2,15.28,2.271,4194304,ALM-DQ-DRIFT,0,70,HYP-LOOSE-CONN,ALM-K-WARN;ALM-K-ALM;ALM-TTL-14D
2026-07-21T07:00:00+00:00,1468,1209,189.5,6.24,38.66,9.4,DSYA3_L2,17.64,2.278,2,17.64,2.278,4194304,ALM-DQ-DRIFT,0,70,HYP-LOOSE-CONN,ALM-K-WARN;ALM-K-ALM;ALM-TTL-14D
2026-07-21T07:15:00+00:00,1469,1343,205.1,6.03,38.86,9.55,DSYA3_L2,20.79,2.288,74,20.79,2.288,4194304,ALM-DQ-DRIFT,0,70,HYP-LOOSE-CONN,ALM-K-WARN;ALM-K-ALM;ALM-TTL-14D
2026-07-21T07:30:00+00:00,1470,1466,219.3,5.83,39.07,9.7,DSYA3_L2,24.24,2.3,145,24.24,2.3,4194304,ALM-DQ-DRIFT,0,70,HYP-LOOSE-CONN,ALM-K-WARN;ALM-K-ALM;ALM-TTL-14D
2026-07-21T07:45:00+00:00,1471,1600,235.5,5.61,39.28,9.86,DSYA3_L2,28.03,2.314,146,28.03,2.314,0,,0,70,HYP-LOOSE-CONN,ALM-K-WARN;ALM-K-ALM;ALM-TTL-14D
2026-07-21T08:00:00+00:00,1472,1728,248.3,5.4,39.5,10.02,DSYA3_L2,32.54,2.33,147,32.54,2.33,0,,0,70,HYP-LOOSE-CONN,ALM-K-WARN;ALM-K-ALM;ALM-TTL-14D;ALM-PANEL-TEMP
2026-07-21T08:15:00+00:00,1473,1761,251.6,5.35,39.73,10.19,DSYA3_L2,37.7,2.349,145,37.7,2.349,0,,0,70,HYP-LOOSE-CONN,ALM-K-WARN;ALM-K-ALM;ALM-TTL-14D;ALM-PANEL-TEMP
2026-07-21T08:30:00+00:00,1474,1814,256.3,5.26,39.95,10.37,DSYA3_L2,40.05,2.354,147,40.05,2.354,0,,0,70,HYP-LOOSE-CONN,ALM-K-WARN;ALM-K-ALM;ALM-TTL-14D;ALM-PANEL-TEMP
2026-07-21T08:45:00+00:00,1475,1870,260.5,5.17,40.18,10.54,DSYA3_L2,42.69,2.36,169,42.69,2.36,0,,0,70,HYP-LOOSE-CONN,ALM-K-WARN;ALM-K-ALM;ALM-TTL-14D;ALM-PANEL-TEMP
2026-07-21T09:00:00+00:00,1476,1905,263.6,5.11,40.41,10.72,DSYA3_L2,45.27,2.365,170,45.27,2.365,0,,0,70,HYP-LOOSE-CONN,ALM-K-WARN;ALM-K-ALM;ALM-TTL-14D;ALM-PANEL-TEMP
2026-07-21T09:15:00+00:00,1477,1911,267.7,5.11,40.64,10.9,DSYA3_L2,48.01,2.37,170,48.01,2.37,0,,0,70,HYP-LOOSE-CONN,ALM-K-WARN;ALM-K-ALM;ALM-TTL-14D;ALM-PANEL-TEMP
2026-07-21T09:30:00+00:00,1478,1910,267.7,5.11,40.87,11.08,DSYA3_L2,49.19,2.368,192,49.19,2.368,0,,0,70,HYP-LOOSE-CONN,ALM-K-WARN;ALM-K-ALM;ALM-TTL-14D;ALM-PANEL-TEMP
2026-07-21T09:45:00+00:00,1479,1896,266.3,5.13,41.09,11.27,DSYA3_L2,50.01,2.364,193,50.01,2.364,0,,0,70,HYP-LOOSE-CONN,ALM-THR-TERM-WARN;ALM-K-WARN;ALM-K-ALM;ALM-TTL-14D;ALM-PANEL-TEMP
2026-07-21T10:00:00+00:00,1480,1883,263.2,5.15,41.32,11.45,DSYA3_L2,50.38,2.359,215,50.38,2.359,0,,0,70,HYP-LOOSE-CONN,ALM-THR-TERM-WARN;ALM-K-WARN;ALM-K-ALM;ALM-TTL-14D;ALM-PANEL-TEMP
2026-07-21T10:15:00+00:00,1481,1893,265.5,5.14,41.54,11.63,DSYA3_L2,50.58,2.353,311,50.58,2.353,0,,0,70,HYP-LOOSE-CONN,ALM-THR-TERM-WARN;ALM-K-WARN;ALM-K-ALM;ALM-TTL-14D;ALM-PANEL-TEMP
2026-07-21T10:30:00+00:00,1482,1891,263.6,5.14,41.75,11.8,DSYA3_L2,51.16,2.35,311,51.16,2.35,0,,0,70,HYP-LOOSE-CONN,ALM-THR-TERM-WARN;ALM-K-WARN;ALM-K-ALM;ALM-TTL-14D;ALM-PANEL-TEMP
2026-07-21T10:45:00+00:00,1483,1903,265.1,5.12,41.96,11.98,DSYA3_L2,52.32,2.352,312,52.32,2.352,0,,0,70,HYP-LOOSE-CONN,ALM-THR-TERM-WARN;ALM-K-WARN;ALM-K-ALM;ALM-TTL-14D;ALM-PANEL-TEMP
2026-07-21T11:00:00+00:00,1484,1921,267,5.09,42.16,12.15,DSYA3_L2,53.26,2.353,312,53.26,2.353,0,,0,70,HYP-LOOSE-CONN,ALM-THR-TERM-WARN;ALM-K-WARN;ALM-K-ALM;ALM-TTL-14D;ALM-PANEL-TEMP
2026-07-21T11:15:00+00:00,1485,1931,267.2,5.07,42.36,12.32,DSYA3_L2,54.48,2.355,312,54.48,2.355,0,,0,70,HYP-LOOSE-CONN,ALM-THR-TERM-WARN;ALM-K-WARN;ALM-K-ALM;ALM-TTL-14D;ALM-PANEL-TEMP
2026-07-21T11:30:00+00:00,1486,1925,268.1,5.08,42.54,12.48,DSYA3_L2,55.65,2.358,312,55.65,2.358,0,,0,70,HYP-LOOSE-CONN,ALM-THR-TERM-WARN;ALM-K-WARN;ALM-K-ALM;ALM-TTL-14D;ALM-PANEL-TEMP
2026-07-21T11:45:00+00:00,1487,1916,267.2,5.1,42.72,12.63,DSYA3_L2,55.78,2.354,359,55.78,2.354,0,,0,50,HYP-LOOSE-CONN,ALM-THR-TERM-WARN;ALM-K-WARN;ALM-K-ALM;ALM-PANEL-TEMP
2026-07-21T12:00:00+00:00,1488,1923,269,5.09,42.89,12.78,DSYA3_L2,56.04,2.352,381,56.04,2.352,0,,0,50,HYP-LOOSE-CONN,ALM-THR-TERM-WARN;ALM-K-WARN;ALM-K-ALM;ALM-PANEL-TEMP
2026-07-21T12:15:00+00:00,1489,1899,267.2,5.13,43.05,12.91,DSYA3_L2,56.52,2.352,383,56.52,2.352,0,,0,50,HYP-LOOSE-CONN,ALM-THR-TERM-WARN;ALM-K-WARN;ALM-K-ALM;ALM-PANEL-TEMP
2026-07-21T12:30:00+00:00,1490,1870,264.9,5.18,43.19,13.04,DSYA3_L2,56.28,2.348,477,56.28,2.348,0,,0,50,HYP-LOOSE-CONN,ALM-THR-TERM-WARN;ALM-K-WARN;ALM-K-ALM;ALM-PANEL-TEMP
2026-07-21T12:45:00+00:00,1491,1843,261.6,5.22,43.32,13.16,DSYA3_L2,55.94,2.345,478,55.94,2.345,0,,0,50,HYP-LOOSE-CONN,ALM-THR-TERM-WARN;ALM-K-WARN;ALM-K-ALM;ALM-PANEL-TEMP
2026-07-21T13:00:00+00:00,1492,1810,256.2,5.27,43.45,13.27,DSYA3_L2,55.17,2.341,550,55.17,2.341,0,,0,50,HYP-LOOSE-CONN,ALM-THR-TERM-WARN;ALM-K-WARN;ALM-K-ALM;ALM-PANEL-TEMP
2026-07-21T13:15:00+00:00,1493,1824,256.7,5.25,43.55,13.37,DSYA3_L2,54.13,2.335,838,54.13,2.335,0,,0,50,HYP-LOOSE-CONN,ALM-THR-TERM-WARN;ALM-K-WARN;ALM-K-ALM;ALM-PANEL-TEMP
2026-07-21T13:30:00+00:00,1494,1833,256.9,5.23,43.65,13.45,DSYA3_L2,54.56,2.338,718,54.56,2.338,0,,0,50,HYP-LOOSE-CONN,ALM-THR-TERM-WARN;ALM-K-WARN;ALM-K-ALM;ALM-PANEL-TEMP
2026-07-21T13:45:00+00:00,1495,1850,259,5.2,43.73,13.53,DSYA3_L2,55.41,2.345,554,55.41,2.345,0,,0,50,HYP-LOOSE-CONN,ALM-THR-TERM-WARN;ALM-K-WARN;ALM-K-ALM;ALM-PANEL-TEMP
2026-07-21T14:00:00+00:00,1496,1855,258.7,5.19,43.8,13.59,DSYA3_L2,56.32,2.351,475,56.32,2.351,0,,0,50,HYP-LOOSE-CONN,ALM-THR-TERM-WARN;ALM-K-WARN;ALM-K-ALM;ALM-PANEL-TEMP
2026-07-21T14:15:00+00:00,1497,1873,259.7,5.16,43.85,13.64,DSYA3_L2,56.63,2.354,475,56.63,2.354,0,,0,50,HYP-LOOSE-CONN,ALM-THR-TERM-WARN;ALM-K-WARN;ALM-K-ALM;ALM-PANEL-TEMP
2026-07-21T14:30:00+00:00,1498,1889,263.1,5.14,43.88,13.67,DSYA3_L2,57.9,2.362,381,57.9,2.362,0,,0,50,HYP-LOOSE-CONN,ALM-THR-TERM-WARN;ALM-K-WARN;ALM-K-ALM;ALM-PANEL-TEMP
2026-07-21T14:45:00+00:00,1499,1909,264.3,5.11,43.91,13.69,DSYA3_L2,58.94,2.37,337,58.94,2.37,0,,0,50,HYP-LOOSE-CONN,ALM-THR-TERM-WARN;ALM-K-WARN;ALM-K-ALM;ALM-PANEL-TEMP
2026-07-21T15:00:00+00:00,1500,1922,269.9,5.09,43.91,13.7,DSYA3_L2,60.18,2.378,306,60.18,2.378,0,,0,70,HYP-LOOSE-CONN,ALM-THR-TERM-WARN;ALM-K-WARN;ALM-K-ALM;ALM-TTL-14D;ALM-PANEL-TEMP
2026-07-21T15:15:00+00:00,1501,1915,270,5.11,43.91,13.69,DSYA3_L2,60.7,2.382,306,60.7,2.382,0,,0,70,HYP-LOOSE-CONN,ALM-THR-TERM-WARN;ALM-K-WARN;ALM-K-ALM;ALM-TTL-14D;ALM-PANEL-TEMP
2026-07-21T15:30:00+00:00,1502,1919,271.5,5.1,43.88,13.67,DSYA3_L2,60.76,2.383,307,60.76,2.383,0,,0,70,HYP-LOOSE-CONN,ALM-THR-TERM-WARN;ALM-K-WARN;ALM-K-ALM;ALM-TTL-14D;ALM-PANEL-TEMP
2026-07-21T15:45:00+00:00,1503,1903,269.8,5.13,43.85,13.64,DSYA3_L2,60.9,2.385,307,60.9,2.385,4194304,ALM-DQ-DRIFT,0,70,HYP-LOOSE-CONN,ALM-THR-TERM-WARN;ALM-K-WARN;ALM-K-ALM;ALM-TTL-14D;ALM-PANEL-TEMP
2026-07-21T16:00:00+00:00,1504,1912,273.9,5.12,43.8,13.59,DSYA3_L2,60.98,2.387,305,60.98,2.387,4194304,ALM-DQ-DRIFT,0,70,HYP-LOOSE-CONN,ALM-THR-TERM-WARN;ALM-K-WARN;ALM-K-ALM;ALM-TTL-14D;ALM-PANEL-TEMP
2026-07-21T16:15:00+00:00,1505,1898,271.9,5.14,43.73,13.53,DSYA3_L2,60.82,2.388,307,60.82,2.388,4194304,ALM-DQ-DRIFT,0,70,HYP-LOOSE-CONN,ALM-THR-TERM-WARN;ALM-K-WARN;ALM-K-ALM;ALM-TTL-14D;ALM-PANEL-TEMP
2026-07-21T16:30:00+00:00,1506,1880,271.1,5.17,43.65,13.45,DSYA3_L2,60.84,2.39,306,60.84,2.39,4194304,ALM-DQ-DRIFT,0,70,HYP-LOOSE-CONN,ALM-THR-TERM-WARN;ALM-K-WARN;ALM-K-ALM;ALM-TTL-14D;ALM-PANEL-TEMP
2026-07-21T16:45:00+00:00,1507,1883,272.7,5.17,43.55,13.37,DSYA3_L2,60.29,2.389,330,60.29,2.389,4194304,ALM-DQ-DRIFT,0,70,HYP-LOOSE-CONN,ALM-THR-TERM-WARN;ALM-K-WARN;ALM-K-ALM;ALM-TTL-14D;ALM-PANEL-TEMP
2026-07-21T17:00:00+00:00,1508,1894,275.5,5.15,43.45,13.27,DSYA3_L2,60.54,2.393,304,60.54,2.393,4194304,ALM-DQ-DRIFT,0,70,HYP-LOOSE-CONN,ALM-THR-TERM-WARN;ALM-K-WARN;ALM-K-ALM;ALM-TTL-14D;ALM-PANEL-TEMP
2026-07-21T17:15:00+00:00,1509,1867,272.9,5.2,43.32,13.16,DSYA3_L2,61.21,2.401,304,61.21,2.401,4194304,ALM-DQ-DRIFT,0,70,HYP-LOOSE-CONN,ALM-THR-TERM-WARN;ALM-K-WARN;ALM-K-ALM;ALM-TTL-14D;ALM-PANEL-TEMP
2026-07-21T17:30:00+00:00,1510,1836,268.5,5.24,43.19,13.04,DSYA3_L2,60.36,2.398,304,60.36,2.398,4194304,ALM-DQ-DRIFT,0,70,HYP-LOOSE-CONN,ALM-THR-TERM-WARN;ALM-K-WARN;ALM-K-ALM;ALM-TTL-14D;ALM-PANEL-TEMP
2026-07-21T17:45:00+00:00,1511,1800,264.2,5.3,43.05,12.91,DSYA3_L2,59.83,2.4,303,59.83,2.4,4194304,ALM-DQ-DRIFT,0,70,HYP-LOOSE-CONN,ALM-THR-TERM-WARN;ALM-K-WARN;ALM-K-ALM;ALM-TTL-14D;ALM-PANEL-TEMP
2026-07-21T18:00:00+00:00,1512,1767,262.3,5.36,42.89,12.78,DSYA3_L2,58.32,2.395,303,58.32,2.395,4194304,ALM-DQ-DRIFT,0,70,HYP-LOOSE-CONN,ALM-THR-TERM-WARN;ALM-K-WARN;ALM-K-ALM;ALM-TTL-14D;ALM-PANEL-TEMP
2026-07-21T18:15:00+00:00,1513,1741,257.8,5.4,42.72,12.63,DSYA3_L2,57.24,2.394,303,57.24,2.394,4194304,ALM-DQ-DRIFT,0,70,HYP-LOOSE-CONN,ALM-THR-TERM-WARN;ALM-K-WARN;ALM-K-ALM;ALM-TTL-14D;ALM-PANEL-TEMP
2026-07-21T18:30:00+00:00,1514,1709,254.4,5.45,42.54,12.48,DSYA3_L2,56.53,2.396,303,56.53,2.396,4194304,ALM-DQ-DRIFT,0,70,HYP-LOOSE-CONN,ALM-THR-TERM-WARN;ALM-K-WARN;ALM-K-ALM;ALM-TTL-14D;ALM-PANEL-TEMP
2026-07-21T18:45:00+00:00,1515,1679,249.6,5.49,42.36,12.32,DSYA3_L2,55.02,2.393,303,55.02,2.393,4194304,ALM-DQ-DRIFT,0,70,HYP-LOOSE-CONN,ALM-THR-TERM-WARN;ALM-K-WARN;ALM-K-ALM;ALM-TTL-14D;ALM-PANEL-TEMP
2026-07-21T19:00:00+00:00,1516,1658,249.7,5.53,42.16,12.15,DSYA3_L2,53.88,2.393,302,53.88,2.393,4194304,ALM-DQ-DRIFT,0,70,HYP-LOOSE-CONN,ALM-THR-TERM-WARN;ALM-K-WARN;ALM-K-ALM;ALM-TTL-14D;ALM-PANEL-TEMP
2026-07-21T19:15:00+00:00,1517,1655,246,5.53,41.96,11.98,DSYA3_L2,53.21,2.397,302,53.21,2.397,4194304,ALM-DQ-DRIFT,0,70,HYP-LOOSE-CONN,ALM-THR-TERM-WARN;ALM-K-WARN;ALM-K-ALM;ALM-TTL-14D;ALM-PANEL-TEMP
2026-07-21T19:30:00+00:00,1518,1676,248.5,5.5,41.75,11.8,DSYA3_L2,52.63,2.4,302,52.63,2.4,4194304,ALM-DQ-DRIFT,0,70,HYP-LOOSE-CONN,ALM-THR-TERM-WARN;ALM-K-WARN;ALM-K-ALM;ALM-TTL-14D;ALM-PANEL-TEMP
2026-07-21T19:45:00+00:00,1519,1695,250.5,5.47,41.54,11.63,DSYA3_L2,52.93,2.406,301,52.93,2.406,4194304,ALM-DQ-DRIFT,0,70,HYP-LOOSE-CONN,ALM-THR-TERM-WARN;ALM-K-WARN;ALM-K-ALM;ALM-TTL-14D;ALM-PANEL-TEMP
2026-07-21T20:00:00+00:00,1520,1719,252.8,5.43,41.32,11.45,DSYA3_L2,53.64,2.415,207,53.64,2.415,4194304,ALM-DQ-DRIFT,0,70,HYP-LOOSE-CONN,ALM-THR-TERM-WARN;ALM-K-WARN;ALM-K-ALM;ALM-TTL-14D;ALM-PANEL-TEMP
2026-07-21T20:15:00+00:00,1521,1698,250.6,5.46,41.09,11.27,DSYA3_L2,54.47,2.424,181,54.47,2.424,4194304,ALM-DQ-DRIFT,0,70,HYP-LOOSE-CONN,ALM-THR-TERM-WARN;ALM-K-WARN;ALM-K-ALM;ALM-TTL-14D;ALM-PANEL-TEMP
2026-07-21T20:30:00+00:00,1522,1667,247.2,5.51,40.87,11.08,DSYA3_L2,53.64,2.424,163,53.64,2.424,4194304,ALM-DQ-DRIFT,0,70,HYP-LOOSE-CONN,ALM-THR-TERM-WARN;ALM-K-WARN;ALM-K-ALM;ALM-TTL-14D;ALM-PANEL-TEMP
2026-07-21T20:45:00+00:00,1523,1638,243.5,5.56,40.64,10.9,DSYA3_L2,52.92,2.425,158,52.92,2.425,4194304,ALM-DQ-DRIFT,0,70,HYP-LOOSE-CONN,ALM-THR-TERM-WARN;ALM-K-WARN;ALM-K-ALM;ALM-TTL-14D;ALM-PANEL-TEMP
2026-07-21T21:00:00+00:00,1524,1606,240.2,5.61,40.41,10.72,DSYA3_L2,52.29,2.427,138,52.29,2.427,4194304,ALM-DQ-DRIFT,0,70,HYP-LOOSE-CONN,ALM-THR-TERM-WARN;ALM-K-WARN;ALM-K-ALM;ALM-TTL-14D;ALM-PANEL-TEMP
2026-07-21T21:15:00+00:00,1525,1560,237.6,5.69,40.18,10.54,DSYA3_L2,50.62,2.424,132,50.62,2.424,4194304,ALM-DQ-DRIFT,0,70,HYP-LOOSE-CONN,ALM-THR-TERM-WARN;ALM-K-WARN;ALM-K-ALM;ALM-TTL-14D;ALM-PANEL-TEMP
2026-07-21T21:30:00+00:00,1526,1507,229.6,5.77,39.95,10.37,DSYA3_L2,49.21,2.423,132,49.21,2.423,4194304,ALM-DQ-DRIFT,0,70,HYP-LOOSE-CONN,ALM-K-WARN;ALM-K-ALM;ALM-TTL-14D
2026-07-21T21:45:00+00:00,1527,1455,224.4,5.86,39.73,10.19,DSYA3_L2,47.04,2.419,131,47.04,2.419,4194304,ALM-DQ-DRIFT,0,70,HYP-LOOSE-CONN,ALM-K-WARN;ALM-K-ALM;ALM-TTL-14D
2026-07-21T22:00:00+00:00,1528,1398,218.3,5.95,39.5,10.02,DSYA3_L2,45.59,2.419,59,45.59,2.419,4194304,ALM-DQ-DRIFT,0,70,HYP-LOOSE-CONN,ALM-K-WARN;ALM-K-ALM;ALM-TTL-14D
2026-07-21T22:15:00+00:00,1529,1299,205.6,6.11,39.28,9.86,DSYA3_L2,43.67,2.418,11,43.67,2.418,4194304,ALM-DQ-DRIFT,0,70,HYP-LOOSE-CONN,ALM-K-WARN;ALM-K-ALM;ALM-TTL-14D
2026-07-21T22:30:00+00:00,1530,1200,192.7,6.27,39.07,9.7,DSYA3_L2,40.5,2.413,10,40.5,2.413,4194304,ALM-DQ-DRIFT,0,70,HYP-LOOSE-CONN,ALM-K-WARN;ALM-K-ALM;ALM-TTL-14D
2026-07-21T22:45:00+00:00,1531,1107,180,6.42,38.86,9.55,DSYA3_L2,37.77,2.41,9,37.77,2.41,4194304,ALM-DQ-DRIFT,0,70,HYP-LOOSE-CONN,ALM-K-WARN;ALM-K-ALM;ALM-TTL-14D
2026-07-21T23:00:00+00:00,1532,1002,165.8,6.59,38.66,9.4,DSYA3_L2,34.97,2.409,9,34.97,2.409,4194304,ALM-DQ-DRIFT,0,70,HYP-LOOSE-CONN,ALM-K-WARN;ALM-K-ALM;ALM-TTL-14D
2026-07-21T23:15:00+00:00,1533,902.7,150.6,6.74,38.46,9.26,DSYA3_L2,31.82,2.407,8,31.82,2.407,4194304,ALM-DQ-DRIFT,0,70,HYP-LOOSE-CONN,ALM-K-WARN;ALM-K-ALM;ALM-TTL-14D
2026-07-21T23:30:00+00:00,1534,809.4,137.5,6.9,38.28,9.12,DSYA3_L2,29.57,2.407,8,29.57,2.407,4194304,ALM-DQ-DRIFT,0,70,HYP-LOOSE-CONN,ALM-K-WARN;ALM-K-ALM;ALM-TTL-14D
2026-07-21T23:45:00+00:00,1535,711.5,122.4,7.05,38.1,9,DSYA3_L2,27.19,2.407,7,27.19,2.407,4194304,ALM-DQ-DRIFT,0,70,HYP-LOOSE-CONN,ALM-K-WARN;ALM-K-ALM;ALM-TTL-14D
2026-07-22T00:00:00+00:00,1536,616.7,107.6,7.21,37.96,8.9,DSYA3_L2,24.6,2.407,7,24.6,2.407,4194304,ALM-DQ-DRIFT,0,70,HYP-LOOSE-CONN,ALM-K-WARN;ALM-K-ALM;ALM-TTL-14D
2026-07-22T00:15:00+00:00,1537,599,105.4,7.24,37.8,8.79,DSYA3_L2,22.42,2.407,7,22.42,2.407,4194304,ALM-DQ-DRIFT,0,70,HYP-LOOSE-CONN,ALM-K-WARN;ALM-K-ALM;ALM-TTL-14D
2026-07-22T00:30:00+00:00,1538,584.8,103.2,7.26,37.66,8.69,DSYA3_L2,21.14,2.408,6,21.14,2.408,4194304,ALM-DQ-DRIFT,0,70,HYP-LOOSE-CONN,ALM-K-WARN;ALM-K-ALM;ALM-TTL-14D
2026-07-22T00:45:00+00:00,1539,572.5,101.3,7.28,37.53,8.59,DSYA3_L2,20.54,2.41,6,20.54,2.41,4194304,ALM-DQ-DRIFT,0,70,HYP-LOOSE-CONN,ALM-K-WARN;ALM-K-ALM;ALM-TTL-14D
2026-07-22T01:00:00+00:00,1540,557.6,99,7.3,37.4,8.51,DSYA3_L2,19.43,2.41,6,19.43,2.41,4194304,ALM-DQ-DRIFT,0,70,HYP-LOOSE-CONN,ALM-K-WARN;ALM-K-ALM;ALM-TTL-14D
2026-07-22T01:15:00+00:00,1541,547.7,98,7.32,37.3,8.44,DSYA3_L2,18.71,2.412,5,18.71,2.412,4194304,ALM-DQ-DRIFT,0,70,HYP-LOOSE-CONN,ALM-K-WARN;ALM-K-ALM;ALM-TTL-14D
2026-07-22T01:30:00+00:00,1542,538.4,96.4,7.34,37.2,8.37,DSYA3_L2,17.58,2.412,5,17.58,2.412,4194304,ALM-DQ-DRIFT,0,70,HYP-LOOSE-CONN,ALM-K-WARN;ALM-K-ALM;ALM-TTL-14D
2026-07-22T01:45:00+00:00,1543,527.9,94.6,7.35,37.12,8.32,DSYA3_L2,17.21,2.413,5,17.21,2.413,4194304,ALM-DQ-DRIFT,0,70,HYP-LOOSE-CONN,ALM-K-WARN;ALM-K-ALM;ALM-TTL-14D
2026-07-22T02:00:00+00:00,1544,516.9,92.7,7.37,37.05,8.27,DSYA3_L2,16.27,2.414,5,16.27,2.414,4194304,ALM-DQ-DRIFT,0,70,HYP-LOOSE-CONN,ALM-K-WARN;ALM-K-ALM;ALM-TTL-14D
2026-07-22T02:15:00+00:00,1545,515.3,92.2,7.37,37,8.23,DSYA3_L2,16.01,2.415,4,16.01,2.415,4194304,ALM-DQ-DRIFT,0,70,HYP-LOOSE-CONN,ALM-K-WARN;ALM-K-ALM;ALM-TTL-14D
2026-07-22T02:30:00+00:00,1546,510.6,91.7,7.38,36.97,8.21,DSYA3_L2,15.02,2.415,4,15.02,2.415,0,,0,70,HYP-LOOSE-CONN,ALM-K-WARN;ALM-K-ALM;ALM-TTL-14D
2026-07-22T02:45:00+00:00,1547,507.6,90.8,7.38,36.94,8.19,DSYA3_L2,14.99,2.417,4,14.99,2.417,0,,0,70,HYP-LOOSE-CONN,ALM-K-WARN;ALM-K-ALM;ALM-TTL-14D
2026-07-22T03:00:00+00:00,1548,504.1,90.5,7.39,36.94,8.19,DSYA3_L2,14.03,2.417,4,14.03,2.417,0,,0,70,HYP-LOOSE-CONN,ALM-K-WARN;ALM-K-ALM;ALM-TTL-14D
2026-07-22T03:15:00+00:00,1549,502.2,90,7.39,36.94,8.19,DSYA3_L2,13.76,2.418,3,13.76,2.418,0,,0,70,HYP-LOOSE-CONN,ALM-K-WARN;ALM-K-ALM;ALM-TTL-14D
2026-07-22T03:30:00+00:00,1550,502.2,90.3,7.39,36.97,8.21,DSYA3_L2,13.14,2.418,3,13.14,2.418,0,,0,70,HYP-LOOSE-CONN,ALM-K-WARN;ALM-K-ALM;ALM-TTL-14D
2026-07-22T03:45:00+00:00,1551,505.8,90.8,7.39,37,8.23,DSYA3_L2,12.88,2.419,3,12.88,2.419,0,,0,70,HYP-LOOSE-CONN,ALM-K-WARN;ALM-K-ALM;ALM-TTL-14D
2026-07-22T04:00:00+00:00,1552,506.1,91.5,7.39,37.05,8.27,DSYA3_L2,12.5,2.419,3,12.5,2.419,0,,0,70,HYP-LOOSE-CONN,ALM-K-WARN;ALM-K-ALM;ALM-TTL-14D
2026-07-22T04:15:00+00:00,1553,520.6,94.4,7.37,37.12,8.32,DSYA3_L2,11.91,2.42,2,11.91,2.42,0,,0,70,HYP-LOOSE-CONN,ALM-K-WARN;ALM-K-ALM;ALM-TTL-14D
2026-07-22T04:30:00+00:00,1554,531,96,7.35,37.2,8.37,DSYA3_L2,11.46,2.42,2,11.46,2.42,0,,0,70,HYP-LOOSE-CONN,ALM-K-WARN;ALM-K-ALM;ALM-TTL-14D
2026-07-22T04:45:00+00:00,1555,539.8,96.9,7.33,37.3,8.44,DSYA3_L2,11.25,2.42,2,11.25,2.42,0,,0,70,HYP-LOOSE-CONN,ALM-K-WARN;ALM-K-ALM;ALM-TTL-14D
2026-07-22T05:00:00+00:00,1556,548.9,98.3,7.32,37.4,8.51,DSYA3_L2,11.42,2.421,2,11.42,2.421,0,,0,70,HYP-LOOSE-CONN,ALM-K-WARN;ALM-K-ALM;ALM-TTL-14D
2026-07-22T05:15:00+00:00,1557,589.2,105.9,7.26,37.53,8.59,DSYA3_L2,10.84,2.421,2,10.84,2.421,0,,0,70,HYP-LOOSE-CONN,ALM-K-WARN;ALM-K-ALM;ALM-TTL-14D
2026-07-22T05:30:00+00:00,1558,629.6,112.5,7.19,37.66,8.69,DSYA3_L2,11.44,2.423,1,11.44,2.423,0,,0,70,HYP-LOOSE-CONN,ALM-K-WARN;ALM-K-ALM;ALM-TTL-14D
2026-07-22T05:45:00+00:00,1559,669,118.8,7.13,37.8,8.79,DSYA3_L2,11.64,2.424,1,11.64,2.424,0,,0,70,HYP-LOOSE-CONN,ALM-K-WARN;ALM-K-ALM;ALM-TTL-14D
2026-07-22T06:00:00+00:00,1560,710.5,125.7,7.06,37.96,8.9,DSYA3_L2,11.98,2.425,1,11.98,2.425,0,,0,70,HYP-LOOSE-CONN,ALM-K-WARN;ALM-K-ALM;ALM-TTL-14D
2026-07-22T06:15:00+00:00,1561,837.2,145.6,6.86,38.13,9.02,DSYA3_L2,12.23,2.425,1,12.23,2.425,0,,0,70,HYP-LOOSE-CONN,ALM-K-WARN;ALM-K-ALM;ALM-TTL-14D
2026-07-22T06:30:00+00:00,1562,964.4,164,6.65,38.31,9.14,DSYA3_L2,14.38,2.429,1,14.38,2.429,0,,0,70,HYP-LOOSE-CONN,ALM-K-WARN;ALM-K-ALM;ALM-TTL-14D
2026-07-22T06:45:00+00:00,1563,1092,183.1,6.45,38.49,9.28,DSYA3_L2,16.03,2.433,2,16.03,2.433,0,,0,70,HYP-LOOSE-CONN,ALM-K-WARN;ALM-K-ALM;ALM-TTL-14D
2026-07-22T07:00:00+00:00,1564,1214,201.5,6.26,38.69,9.42,DSYA3_L2,18.32,2.439,2,18.32,2.439,0,,0,70,HYP-LOOSE-CONN,ALM-K-WARN;ALM-K-ALM;ALM-TTL-14D
2026-07-22T07:15:00+00:00,1565,1333,217.4,6.07,38.89,9.57,DSYA3_L2,21.51,2.447,52,21.51,2.447,0,,0,70,HYP-LOOSE-CONN,ALM-K-WARN;ALM-K-ALM;ALM-TTL-14D
2026-07-22T07:30:00+00:00,1566,1462,233.5,5.86,39.1,9.72,DSYA3_L2,24.8,2.457,122,24.8,2.457,0,,0,70,HYP-LOOSE-CONN,ALM-K-WARN;ALM-K-ALM;ALM-TTL-14D
2026-07-22T07:45:00+00:00,1567,1588,247.8,5.65,39.31,9.88,DSYA3_L2,28.91,2.47,147,28.91,2.47,0,,0,70,HYP-LOOSE-CONN,ALM-K-WARN;ALM-K-ALM;ALM-TTL-14D
2026-07-22T08:00:00+00:00,1568,1717,263.5,5.45,39.53,10.04,DSYA3_L2,33.68,2.486,169,33.68,2.486,0,,0,70,HYP-LOOSE-CONN,ALM-K-WARN;ALM-K-ALM;ALM-TTL-14D;ALM-PANEL-TEMP
2026-07-22T08:15:00+00:00,1569,1754,270.1,5.39,39.75,10.21,DSYA3_L2,38.27,2.5,151,38.27,2.5,0,,0,70,HYP-LOOSE-CONN,ALM-K-WARN;ALM-K-ALM;ALM-TTL-14D;ALM-PANEL-TEMP
2026-07-22T08:30:00+00:00,1570,1790,271.9,5.33,39.98,10.39,DSYA3_L2,41,2.506,170,41,2.506,0,,0,70,HYP-LOOSE-CONN,ALM-K-WARN;ALM-K-ALM;ALM-TTL-14D;ALM-PANEL-TEMP
2026-07-22T08:45:00+00:00,1571,1827,275.4,5.27,40.21,10.56,DSYA3_L2,43.82,2.513,171,43.82,2.513,0,,0,70,HYP-LOOSE-CONN,ALM-K-WARN;ALM-K-ALM;ALM-TTL-14D;ALM-PANEL-TEMP
2026-07-22T09:00:00+00:00,1572,1891,281.2,5.17,40.44,10.74,DSYA3_L2,45.53,2.514,194,45.53,2.514,0,,0,70,HYP-LOOSE-CONN,ALM-K-WARN;ALM-K-ALM;ALM-TTL-14D;ALM-PANEL-TEMP
2026-07-22T09:15:00+00:00,1573,1876,279,5.19,40.67,10.92,DSYA3_L2,48.92,2.523,192,48.92,2.523,0,,0,70,HYP-LOOSE-CONN,ALM-K-WARN;ALM-K-ALM;ALM-TTL-14D;ALM-PANEL-TEMP
2026-07-22T09:30:00+00:00,1574,1859,278.3,5.22,40.9,11.1,DSYA3_L2,50.13,2.522,193,50.13,2.522,0,,0,70,HYP-LOOSE-CONN,ALM-THR-TERM-WARN;ALM-K-WARN;ALM-K-ALM;ALM-TTL-14D;ALM-PANEL-TEMP
2026-07-22T09:45:00+00:00,1575,1863,278.9,5.21,41.12,11.29,DSYA3_L2,49.82,2.513,222,49.82,2.513,0,,0,70,HYP-LOOSE-CONN,ALM-K-WARN;ALM-K-ALM;ALM-TTL-14D;ALM-PANEL-TEMP
2026-07-22T10:00:00+00:00,1576,1851,278.4,5.23,41.34,11.47,DSYA3_L2,50.75,2.512,287,50.75,2.512,0,,0,70,HYP-LOOSE-CONN,ALM-THR-TERM-WARN;ALM-K-WARN;ALM-K-ALM;ALM-TTL-14D;ALM-PANEL-TEMP
2026-07-22T10:15:00+00:00,1577,1866,279.4,5.21,41.56,11.65,DSYA3_L2,51.16,2.509,287,51.16,2.509,0,,0,70,HYP-LOOSE-CONN,ALM-THR-TERM-WARN;ALM-K-WARN;ALM-K-ALM;ALM-TTL-14D;ALM-PANEL-TEMP
2026-07-22T10:30:00+00:00,1578,1872,278.8,5.2,41.78,11.83,DSYA3_L2,52.38,2.511,287,52.38,2.511,0,,0,70,HYP-LOOSE-CONN,ALM-THR-TERM-WARN;ALM-K-WARN;ALM-K-ALM;ALM-TTL-14D;ALM-PANEL-TEMP
2026-07-22T10:45:00+00:00,1579,1899,279.7,5.15,41.99,12,DSYA3_L2,53.02,2.509,312,53.02,2.509,0,,0,70,HYP-LOOSE-CONN,ALM-THR-TERM-WARN;ALM-K-WARN;ALM-K-ALM;ALM-TTL-14D;ALM-PANEL-TEMP
2026-07-22T11:00:00+00:00,1580,1913,280,5.13,42.19,12.17,DSYA3_L2,54.57,2.513,310,54.57,2.513,0,,0,70,HYP-LOOSE-CONN,ALM-THR-TERM-WARN;ALM-K-WARN;ALM-K-ALM;ALM-TTL-14D;ALM-PANEL-TEMP
2026-07-22T11:15:00+00:00,1581,1926,282.2,5.11,42.38,12.34,DSYA3_L2,56.25,2.518,288,56.25,2.518,0,,0,70,HYP-LOOSE-CONN,ALM-THR-TERM-WARN;ALM-K-WARN;ALM-K-ALM;ALM-TTL-14D;ALM-PANEL-TEMP
2026-07-22T11:30:00+00:00,1582,1916,281.1,5.12,42.57,12.5,DSYA3_L2,57.2,2.518,292,57.2,2.518,0,,0,70,HYP-LOOSE-CONN,ALM-THR-TERM-WARN;ALM-K-WARN;ALM-K-ALM;ALM-TTL-14D;ALM-PANEL-TEMP
2026-07-22T11:45:00+00:00,1583,1917,280.9,5.12,42.75,12.65,DSYA3_L2,57.73,2.517,312,57.73,2.517,0,,0,70,HYP-LOOSE-CONN,ALM-THR-TERM-WARN;ALM-K-WARN;ALM-K-ALM;ALM-TTL-14D;ALM-PANEL-TEMP
2026-07-22T12:00:00+00:00,1584,1909,280.6,5.13,42.91,12.8,DSYA3_L2,58.09,2.516,335,58.09,2.516,0,,0,70,HYP-LOOSE-CONN,ALM-THR-TERM-WARN;ALM-K-WARN;ALM-K-ALM;ALM-TTL-14D;ALM-PANEL-TEMP
2026-07-22T12:15:00+00:00,1585,1874,276.9,5.19,43.07,12.94,DSYA3_L2,58.36,2.514,357,58.36,2.514,0,,0,50,HYP-LOOSE-CONN,ALM-THR-TERM-WARN;ALM-K-WARN;ALM-K-ALM;ALM-PANEL-TEMP
2026-07-22T12:30:00+00:00,1586,1845,273.5,5.24,43.22,13.07,DSYA3_L2,57.99,2.51,383,57.99,2.51,0,,0,50,HYP-LOOSE-CONN,ALM-THR-TERM-WARN;ALM-K-WARN;ALM-K-ALM;ALM-PANEL-TEMP
2026-07-22T12:45:00+00:00,1587,1818,268.3,5.28,43.35,13.19,DSYA3_L2,57.52,2.507,453,57.52,2.507,0,,0,50,HYP-LOOSE-CONN,ALM-THR-TERM-WARN;ALM-K-WARN;ALM-K-ALM;ALM-PANEL-TEMP
2026-07-22T13:00:00+00:00,1588,1803,267.2,5.3,43.47,13.29,DSYA3_L2,56.54,2.502,506,56.54,2.502,0,,0,50,HYP-LOOSE-CONN,ALM-THR-TERM-WARN;ALM-K-WARN;ALM-K-ALM;ALM-PANEL-TEMP
2026-07-22T13:15:00+00:00,1589,1818,271.9,5.28,43.58,13.39,DSYA3_L2,56.33,2.502,550,56.33,2.502,0,,0,50,HYP-LOOSE-CONN,ALM-THR-TERM-WARN;ALM-K-WARN;ALM-K-ALM;ALM-PANEL-TEMP
2026-07-22T13:30:00+00:00,1590,1825,273.7,5.27,43.67,13.48,DSYA3_L2,56.86,2.506,502,56.86,2.506,0,,0,50,HYP-LOOSE-CONN,ALM-THR-TERM-WARN;ALM-K-WARN;ALM-K-ALM;ALM-PANEL-TEMP
2026-07-22T13:45:00+00:00,1591,1822,272.1,5.27,43.75,13.55,DSYA3_L2,57.24,2.509,477,57.24,2.509,0,,0,50,HYP-LOOSE-CONN,ALM-THR-TERM-WARN;ALM-K-WARN;ALM-K-ALM;ALM-PANEL-TEMP
2026-07-22T14:00:00+00:00,1592,1823,272.2,5.27,43.82,13.61,DSYA3_L2,57.32,2.511,453,57.32,2.511,0,,0,50,HYP-LOOSE-CONN,ALM-THR-TERM-WARN;ALM-K-WARN;ALM-K-ALM;ALM-PANEL-TEMP
2026-07-22T14:15:00+00:00,1593,1854,275.2,5.22,43.87,13.66,DSYA3_L2,57.83,2.515,451,57.83,2.515,0,,0,50,HYP-LOOSE-CONN,ALM-THR-TERM-WARN;ALM-K-WARN;ALM-K-ALM;ALM-PANEL-TEMP
2026-07-22T14:30:00+00:00,1594,1885,277.2,5.17,43.91,13.69,DSYA3_L2,59.39,2.525,357,59.39,2.525,0,,0,50,HYP-LOOSE-CONN,ALM-THR-TERM-WARN;ALM-K-WARN;ALM-K-ALM;ALM-PANEL-TEMP
2026-07-22T14:45:00+00:00,1595,1908,280.7,5.14,43.93,13.72,DSYA3_L2,60.73,2.534,309,60.73,2.534,0,,0,70,HYP-LOOSE-CONN,ALM-THR-TERM-WARN;ALM-K-WARN;ALM-K-ALM;ALM-TTL-14D;ALM-PANEL-TEMP
2026-07-22T15:00:00+00:00,1596,1930,280.7,5.1,43.94,13.72,DSYA3_L2,61.99,2.541,284,61.99,2.541,0,,0,70,HYP-LOOSE-CONN,ALM-THR-TERM-WARN;ALM-K-WARN;ALM-K-ALM;ALM-TTL-14D;ALM-PANEL-TEMP
2026-07-22T15:15:00+00:00,1597,1929,281.4,5.1,43.93,13.72,DSYA3_L2,63.19,2.548,282,63.19,2.548,0,,0,70,HYP-LOOSE-CONN,ALM-THR-TERM-WARN;ALM-K-WARN;ALM-K-ALM;ALM-TTL-14D;ALM-PANEL-TEMP
2026-07-22T15:30:00+00:00,1598,1925,282.9,5.11,43.91,13.69,DSYA3_L2,63.55,2.55,282,63.55,2.55,0,,0,70,HYP-LOOSE-CONN,ALM-THR-TERM-WARN;ALM-K-WARN;ALM-K-ALM;ALM-TTL-14D;ALM-PANEL-TEMP
2026-07-22T15:45:00+00:00,1599,1926,284.4,5.11,43.87,13.66,DSYA3_L2,64.4,2.556,281,64.4,2.556,0,,0,70,HYP-LOOSE-CONN,ALM-THR-TERM-WARN;ALM-K-WARN;ALM-K-ALM;ALM-TTL-14D;ALM-PANEL-TEMP
2026-07-22T16:00:00+00:00,1600,1914,282.8,5.13,43.82,13.61,DSYA3_L2,64.58,2.558,281,64.58,2.558,0,,0,70,HYP-LOOSE-CONN,ALM-THR-TERM-WARN;ALM-K-WARN;ALM-K-ALM;ALM-TTL-14D;ALM-PANEL-TEMP
2026-07-22T16:15:00+00:00,1601,1900,280.6,5.15,43.75,13.55,DSYA3_L2,64.22,2.556,281,64.22,2.556,0,,0,70,HYP-LOOSE-CONN,ALM-THR-TERM-WARN;ALM-K-WARN;ALM-K-ALM;ALM-TTL-14D;ALM-PANEL-TEMP
2026-07-22T16:30:00+00:00,1602,1899,280.5,5.15,43.67,13.48,DSYA3_L2,64.08,2.557,281,64.08,2.557,0,,0,70,HYP-LOOSE-CONN,ALM-THR-TERM-WARN;ALM-K-WARN;ALM-K-ALM;ALM-TTL-14D;ALM-PANEL-TEMP
2026-07-22T16:45:00+00:00,1603,1897,279.4,5.15,43.58,13.39,DSYA3_L2,64.02,2.559,281,64.02,2.559,0,,0,70,HYP-LOOSE-CONN,ALM-THR-TERM-WARN;ALM-K-WARN;ALM-K-ALM;ALM-TTL-14D;ALM-PANEL-TEMP
2026-07-22T17:00:00+00:00,1604,1876,275.6,5.18,43.47,13.29,DSYA3_L2,64.35,2.563,280,64.35,2.563,0,,0,70,HYP-LOOSE-CONN,ALM-THR-TERM-WARN;ALM-K-WARN;ALM-K-ALM;ALM-TTL-14D;ALM-PANEL-TEMP
2026-07-22T17:15:00+00:00,1605,1847,273.1,5.23,43.35,13.19,DSYA3_L2,63.72,2.561,280,63.72,2.561,0,,0,70,HYP-LOOSE-CONN,ALM-THR-TERM-WARN;ALM-K-WARN;ALM-K-ALM;ALM-TTL-14D;ALM-PANEL-TEMP
2026-07-22T17:30:00+00:00,1606,1813,269.2,5.29,43.22,13.07,DSYA3_L2,62.82,2.559,280,62.82,2.559,0,,0,70,HYP-LOOSE-CONN,ALM-THR-TERM-WARN;ALM-K-WARN;ALM-K-ALM;ALM-TTL-14D;ALM-PANEL-TEMP
2026-07-22T17:45:00+00:00,1607,1793,267.3,5.32,43.07,12.94,DSYA3_L2,62,2.559,280,62,2.559,0,,0,70,HYP-LOOSE-CONN,ALM-THR-TERM-WARN;ALM-K-WARN;ALM-K-ALM;ALM-TTL-14D;ALM-PANEL-TEMP
2026-07-22T18:00:00+00:00,1608,1766,266.1,5.37,42.91,12.8,DSYA3_L2,61.28,2.559,279,61.28,2.559,0,,0,70,HYP-LOOSE-CONN,ALM-THR-TERM-WARN;ALM-K-WARN;ALM-K-ALM;ALM-TTL-14D;ALM-PANEL-TEMP
2026-07-22T18:15:00+00:00,1609,1761,268,5.38,42.75,12.65,DSYA3_L2,60.03,2.557,279,60.03,2.557,0,,0,70,HYP-LOOSE-CONN,ALM-THR-TERM-WARN;ALM-K-WARN;ALM-K-ALM;ALM-TTL-14D;ALM-PANEL-TEMP
2026-07-22T18:30:00+00:00,1610,1731,264.1,5.43,42.57,12.5,DSYA3_L2,59.75,2.561,279,59.75,2.561,0,,0,70,HYP-LOOSE-CONN,ALM-THR-TERM-WARN;ALM-K-WARN;ALM-K-ALM;ALM-TTL-14D;ALM-PANEL-TEMP
2026-07-22T18:45:00+00:00,1611,1707,263.4,5.47,42.38,12.34,DSYA3_L2,58.55,2.56,278,58.55,2.56,0,,0,70,HYP-LOOSE-CONN,ALM-THR-TERM-WARN;ALM-K-WARN;ALM-K-ALM;ALM-TTL-14D;ALM-PANEL-TEMP
2026-07-22T19:00:00+00:00,1612,1688,260.3,5.5,42.19,12.17,DSYA3_L2,57.24,2.559,278,57.24,2.559,0,,0,70,HYP-LOOSE-CONN,ALM-THR-TERM-WARN;ALM-K-WARN;ALM-K-ALM;ALM-TTL-14D;ALM-PANEL-TEMP
2026-07-22T19:15:00+00:00,1613,1701,263.6,5.48,41.99,12,DSYA3_L2,56.93,2.563,278,56.93,2.563,0,,0,70,HYP-LOOSE-CONN,ALM-THR-TERM-WARN;ALM-K-WARN;ALM-K-ALM;ALM-TTL-14D;ALM-PANEL-TEMP
2026-07-22T19:30:00+00:00,1614,1713,263.7,5.46,41.78,11.83,DSYA3_L2,56.62,2.567,278,56.62,2.567,0,,0,70,HYP-LOOSE-CONN,ALM-THR-TERM-WARN;ALM-K-WARN;ALM-K-ALM;ALM-TTL-14D;ALM-PANEL-TEMP
2026-07-22T19:45:00+00:00,1615,1721,264.1,5.44,41.56,11.65,DSYA3_L2,56.82,2.573,208,56.82,2.573,0,,0,70,HYP-LOOSE-CONN,ALM-THR-TERM-WARN;ALM-K-WARN;ALM-K-ALM;ALM-TTL-14D;ALM-PANEL-TEMP
2026-07-22T20:00:00+00:00,1616,1728,267.8,5.44,41.34,11.47,DSYA3_L2,57.47,2.581,183,57.47,2.581,0,,0,70,HYP-LOOSE-CONN,ALM-THR-TERM-WARN;ALM-K-WARN;ALM-K-ALM;ALM-TTL-14D;ALM-PANEL-TEMP
2026-07-22T20:15:00+00:00,1617,1701,265.1,5.48,41.12,11.29,DSYA3_L2,57.49,2.585,159,57.49,2.585,0,,0,70,HYP-LOOSE-CONN,ALM-THR-TERM-WARN;ALM-K-WARN;ALM-K-ALM;ALM-TTL-14D;ALM-PANEL-TEMP
2026-07-22T20:30:00+00:00,1618,1683,263.6,5.51,40.9,11.1,DSYA3_L2,56.72,2.586,159,56.72,2.586,0,,0,70,HYP-LOOSE-CONN,ALM-THR-TERM-WARN;ALM-K-WARN;ALM-K-ALM;ALM-TTL-14D;ALM-PANEL-TEMP
2026-07-22T20:45:00+00:00,1619,1660,260.7,5.55,40.67,10.92,DSYA3_L2,55.53,2.585,158,55.53,2.585,0,,0,70,HYP-LOOSE-CONN,ALM-THR-TERM-WARN;ALM-K-WARN;ALM-K-ALM;ALM-TTL-14D;ALM-PANEL-TEMP
2026-07-22T21:00:00+00:00,1620,1628,256,5.6,40.44,10.74,DSYA3_L2,54.94,2.587,134,54.94,2.587,0,,0,70,HYP-LOOSE-CONN,ALM-THR-TERM-WARN;ALM-K-WARN;ALM-K-ALM;ALM-TTL-14D;ALM-PANEL-TEMP
2026-07-22T21:15:00+00:00,1621,1585,251.4,5.67,40.21,10.56,DSYA3_L2,53.76,2.587,110,53.76,2.587,0,,0,70,HYP-LOOSE-CONN,ALM-THR-TERM-WARN;ALM-K-WARN;ALM-K-ALM;ALM-TTL-14D;ALM-PANEL-TEMP
2026-07-22T21:30:00+00:00,1622,1522,244.7,5.77,39.98,10.39,DSYA3_L2,52.32,2.586,108,52.32,2.586,0,,0,70,HYP-LOOSE-CONN,ALM-THR-TERM-WARN;ALM-K-WARN;ALM-K-ALM;ALM-TTL-14D
2026-07-22T21:45:00+00:00,1623,1465,239,5.86,39.75,10.21,DSYA3_L2,50.61,2.585,107,50.61,2.585,0,,0,70,HYP-LOOSE-CONN,ALM-THR-TERM-WARN;ALM-K-WARN;ALM-K-ALM;ALM-TTL-14D
2026-07-22T22:00:00+00:00,1624,1404,231.7,5.96,39.53,10.04,DSYA3_L2,47.85,2.58,35,47.85,2.58,0,,0,70,HYP-LOOSE-CONN,ALM-K-WARN;ALM-K-ALM;ALM-TTL-14D
2026-07-22T22:15:00+00:00,1625,1302,216.7,6.12,39.31,9.88,DSYA3_L2,45.77,2.578,11,45.77,2.578,0,,0,70,HYP-LOOSE-CONN,ALM-K-WARN;ALM-K-ALM;ALM-TTL-14D
2026-07-22T22:30:00+00:00,1626,1202,202,6.28,39.1,9.72,DSYA3_L2,42.65,2.574,10,42.65,2.574,0,,0,70,HYP-LOOSE-CONN,ALM-K-WARN;ALM-K-ALM;ALM-TTL-14D
2026-07-22T22:45:00+00:00,1627,1093,185.8,6.45,38.89,9.57,DSYA3_L2,39.62,2.571,9,39.62,2.571,0,,0,70,HYP-LOOSE-CONN,ALM-K-WARN;ALM-K-ALM;ALM-TTL-14D
2026-07-22T23:00:00+00:00,1628,988.4,169.8,6.62,38.69,9.42,DSYA3_L2,36.24,2.569,9,36.24,2.569,0,,0,70,HYP-LOOSE-CONN,ALM-K-WARN;ALM-K-ALM;ALM-TTL-14D
2026-07-22T23:15:00+00:00,1629,903.3,157.2,6.76,38.49,9.28,DSYA3_L2,33.12,2.567,8,33.12,2.567,0,,0,70,HYP-LOOSE-CONN,ALM-K-WARN;ALM-K-ALM;ALM-TTL-14D
2026-07-22T23:30:00+00:00,1630,809.1,141.8,6.91,38.31,9.14,DSYA3_L2,30.6,2.567,8,30.6,2.567,0,,0,70,HYP-LOOSE-CONN,ALM-K-WARN;ALM-K-ALM;ALM-TTL-14D
2026-07-22T23:45:00+00:00,1631,724.2,128.1,7.04,38.13,9.02,DSYA3_L2,27.86,2.567,7,27.86,2.567,0,,0,70,HYP-LOOSE-CONN,ALM-K-WARN;ALM-K-ALM;ALM-TTL-14D
2026-07-23T00:00:00+00:00,1632,638.1,115,7.18,37.98,8.91,DSYA3_L2,26.21,2.568,7,26.21,2.568,0,,0,70,HYP-LOOSE-CONN,ALM-K-WARN;ALM-K-ALM;ALM-TTL-14D
2026-07-23T00:15:00+00:00,1633,622,111.8,7.2,37.83,8.8,DSYA3_L2,23.4,2.568,7,23.4,2.568,0,,0,70,HYP-LOOSE-CONN,ALM-K-WARN;ALM-K-ALM;ALM-TTL-14D
2026-07-23T00:30:00+00:00,1634,607.1,109.4,7.23,37.68,8.7,DSYA3_L2,22.89,2.57,6,22.89,2.57,0,,0,70,HYP-LOOSE-CONN,ALM-K-WARN;ALM-K-ALM;ALM-TTL-14D
2026-07-23T00:45:00+00:00,1635,594,107.4,7.25,37.55,8.61,DSYA3_L2,21.48,2.57,6,21.48,2.57,0,,0,70,HYP-LOOSE-CONN,ALM-K-WARN;ALM-K-ALM;ALM-TTL-14D
2026-07-23T01:00:00+00:00,1636,579.5,104.7,7.27,37.43,8.53,DSYA3_L2,20.46,2.571,6,20.46,2.571,0,,0,70,HYP-LOOSE-CONN,ALM-K-WARN;ALM-K-ALM;ALM-TTL-14D
2026-07-23T01:15:00+00:00,1637,567.4,102.7,7.29,37.32,8.45,DSYA3_L2,19.94,2.573,5,19.94,2.573,0,,0,70,HYP-LOOSE-CONN,ALM-K-WARN;ALM-K-ALM;ALM-TTL-14D
2026-07-23T01:30:00+00:00,1638,557.9,100.8,7.31,37.23,8.39,DSYA3_L2,19.02,2.574,5,19.02,2.574,0,,0,70,HYP-LOOSE-CONN,ALM-K-WARN;ALM-K-ALM;ALM-TTL-14D
2026-07-23T01:45:00+00:00,1639,548.9,99.2,7.32,37.14,8.33,DSYA3_L2,18.27,2.574,5,18.27,2.574,0,,0,70,HYP-LOOSE-CONN,ALM-K-WARN;ALM-K-ALM;ALM-TTL-14D
2026-07-23T02:00:00+00:00,1640,537.1,97.1,7.34,37.08,8.29,DSYA3_L2,17.6,2.575,5,17.6,2.575,0,,0,70,HYP-LOOSE-CONN,ALM-K-WARN;ALM-K-ALM;ALM-TTL-14D
2026-07-23T02:15:00+00:00,1641,533.6,96.4,7.34,37.03,8.25,DSYA3_L2,17.07,2.576,4,17.07,2.576,0,,0,70,HYP-LOOSE-CONN,ALM-K-WARN;ALM-K-ALM;ALM-TTL-14D
2026-07-23T02:30:00+00:00,1642,533,96.5,7.35,36.99,8.22,DSYA3_L2,15.97,2.576,4,15.97,2.576,0,,0,70,HYP-LOOSE-CONN,ALM-K-WARN;ALM-K-ALM;ALM-TTL-14D
2026-07-23T02:45:00+00:00,1643,532.2,96.2,7.35,36.97,8.21,DSYA3_L2,15.67,2.577,4,15.67,2.577,0,,0,70,HYP-LOOSE-CONN,ALM-K-WARN;ALM-K-ALM;ALM-TTL-14D
2026-07-23T03:00:00+00:00,1644,525.4,95.2,7.36,36.96,8.2,DSYA3_L2,15.13,2.578,4,15.13,2.578,0,,0,70,HYP-LOOSE-CONN,ALM-K-WARN;ALM-K-ALM;ALM-TTL-14D
2026-07-23T03:15:00+00:00,1645,520.9,94,7.36,36.97,8.21,DSYA3_L2,14.55,2.579,3,14.55,2.579,0,,0,70,HYP-LOOSE-CONN,ALM-K-WARN;ALM-K-ALM;ALM-TTL-14D
2026-07-23T03:30:00+00:00,1646,524,94.6,7.36,36.99,8.22,DSYA3_L2,14.05,2.579,3,14.05,2.579,0,,0,70,HYP-LOOSE-CONN,ALM-K-WARN;ALM-K-ALM;ALM-TTL-14D
2026-07-23T03:45:00+00:00,1647,524.5,95.1,7.36,37.03,8.25,DSYA3_L2,13.83,2.58,3,13.83,2.58,0,,0,70,HYP-LOOSE-CONN,ALM-K-WARN;ALM-K-ALM;ALM-TTL-14D
2026-07-23T04:00:00+00:00,1648,523.4,95.2,7.36,37.08,8.29,DSYA3_L2,13.44,2.58,3,13.44,2.58,0,,0,70,HYP-LOOSE-CONN,ALM-K-WARN;ALM-K-ALM;ALM-TTL-14D
2026-07-23T04:15:00+00:00,1649,536.3,97.8,7.34,37.14,8.33,DSYA3_L2,12.88,2.581,2,12.88,2.581,0,,0,70,HYP-LOOSE-CONN,ALM-K-WARN;ALM-K-ALM;ALM-TTL-14D
2026-07-23T04:30:00+00:00,1650,549,99.7,7.32,37.23,8.39,DSYA3_L2,12.54,2.581,2,12.54,2.581,0,,0,70,HYP-LOOSE-CONN,ALM-K-WARN;ALM-K-ALM;ALM-TTL-14D
2026-07-23T04:45:00+00:00,1651,565.4,102.9,7.3,37.32,8.45,DSYA3_L2,12.59,2.582,2,12.59,2.582,0,,0,70,HYP-LOOSE-CONN,ALM-K-WARN;ALM-K-ALM;ALM-TTL-14D
2026-07-23T05:00:00+00:00,1652,573.9,104.3,7.28,37.43,8.53,DSYA3_L2,12.33,2.583,2,12.33,2.583,0,,0,70,HYP-LOOSE-CONN,ALM-K-WARN;ALM-K-ALM;ALM-TTL-14D
2026-07-23T05:15:00+00:00,1653,615.2,111.4,7.22,37.55,8.61,DSYA3_L2,12.56,2.584,2,12.56,2.584,0,,0,70,HYP-LOOSE-CONN,ALM-K-WARN;ALM-K-ALM;ALM-TTL-14D
2026-07-23T05:30:00+00:00,1654,658.8,119.4,7.15,37.68,8.7,DSYA3_L2,12.64,2.584,1,12.64,2.584,0,,0,70,HYP-LOOSE-CONN,ALM-K-WARN;ALM-K-ALM;ALM-TTL-14D
2026-07-23T05:45:00+00:00,1655,698.5,125.2,7.08,37.83,8.8,DSYA3_L2,12.53,2.585,1,12.53,2.585,0,,0,70,HYP-LOOSE-CONN,ALM-K-WARN;ALM-K-ALM;ALM-TTL-14D
2026-07-23T06:00:00+00:00,1656,740.4,132.6,7.02,37.98,8.91,DSYA3_L2,13.12,2.586,1,13.12,2.586,0,,0,70,HYP-LOOSE-CONN,ALM-K-WARN;ALM-K-ALM;ALM-TTL-14D
2026-07-23T06:15:00+00:00,1657,871.5,154,6.81,38.15,9.03,DSYA3_L2,13.22,2.587,1,13.22,2.587,0,,0,70,HYP-LOOSE-CONN,ALM-K-WARN;ALM-K-ALM;ALM-TTL-14D
2026-07-23T06:30:00+00:00,1658,1006,174.9,6.6,38.33,9.16,DSYA3_L2,15.24,2.591,1,15.24,2.591,0,,0,70,HYP-LOOSE-CONN,ALM-K-WARN;ALM-K-ALM;ALM-TTL-14D
2026-07-23T06:45:00+00:00,1659,1140,195.8,6.39,38.51,9.29,DSYA3_L2,17.99,2.597,2,17.99,2.597,0,,0,70,HYP-LOOSE-CONN,ALM-K-WARN;ALM-K-ALM;ALM-TTL-14D
2026-07-23T07:00:00+00:00,1660,1268,214.7,6.18,38.71,9.44,DSYA3_L2,20.92,2.604,2,20.92,2.604,0,,0,70,HYP-LOOSE-CONN,ALM-K-WARN;ALM-K-ALM;ALM-TTL-14D
2026-07-23T07:15:00+00:00,1661,1390,228.8,5.98,38.91,9.58,DSYA3_L2,24.48,2.614,28,24.48,2.614,0,,0,70,HYP-LOOSE-CONN,ALM-K-WARN;ALM-K-ALM;ALM-TTL-14D
2026-07-23T07:30:00+00:00,1662,1521,247.7,5.78,39.12,9.74,DSYA3_L2,28.29,2.625,98,28.29,2.625,0,,0,70,HYP-LOOSE-CONN,ALM-K-WARN;ALM-K-ALM;ALM-TTL-14D
2026-07-23T07:45:00+00:00,1663,1654,264.1,5.56,39.33,9.9,DSYA3_L2,33.05,2.641,123,33.05,2.641,0,,0,70,HYP-LOOSE-CONN,ALM-K-WARN;ALM-K-ALM;ALM-TTL-14D
2026-07-23T08:00:00+00:00,1664,1782,278,5.36,39.55,10.06,DSYA3_L2,38.13,2.657,145,38.13,2.657,0,,0,70,HYP-LOOSE-CONN,ALM-K-WARN;ALM-K-ALM;ALM-TTL-14D;ALM-PANEL-TEMP
2026-07-23T08:15:00+00:00,1665,1822,284,5.29,39.78,10.23,DSYA3_L2,43.28,2.672,145,43.28,2.672,0,,0,70,HYP-LOOSE-CONN,ALM-K-WARN;ALM-K-ALM;ALM-TTL-14D;ALM-PANEL-TEMP
2026-07-23T08:30:00+00:00,1666,1863,289.7,5.23,40,10.4,DSYA3_L2,46.53,2.68,146,46.53,2.68,0,,0,70,HYP-LOOSE-CONN,ALM-K-WARN;ALM-K-ALM;ALM-TTL-14D;ALM-PANEL-TEMP
2026-07-23T08:45:00+00:00,1667,1920,296.6,5.14,40.23,10.58,DSYA3_L2,49.2,2.684,169,49.2,2.684,0,,0,70,HYP-LOOSE-CONN,ALM-K-WARN;ALM-K-ALM;ALM-TTL-14D;ALM-PANEL-TEMP
2026-07-23T09:00:00+00:00,1668,1976,301.5,5.05,40.46,10.76,DSYA3_L2,52.26,2.69,168,52.26,2.69,0,,0,70,HYP-LOOSE-CONN,ALM-THR-TERM-WARN;ALM-K-WARN;ALM-K-ALM;ALM-TTL-14D;ALM-PANEL-TEMP
2026-07-23T09:15:00+00:00,1669,1969,299.7,5.06,40.69,10.94,DSYA3_L2,56.28,2.7,150,56.28,2.7,0,,0,70,HYP-LOOSE-CONN,ALM-THR-TERM-WARN;ALM-K-WARN;ALM-K-ALM;ALM-TTL-14D;ALM-PANEL-TEMP
2026-07-23T09:30:00+00:00,1670,1958,298.7,5.08,40.92,11.12,DSYA3_L2,57.29,2.696,169,57.29,2.696,0,,0,70,HYP-LOOSE-CONN,ALM-THR-TERM-WARN;ALM-K-WARN;ALM-K-ALM;ALM-TTL-14D;ALM-PANEL-TEMP
2026-07-23T09:45:00+00:00,1671,1949,297.5,5.09,41.14,11.3,DSYA3_L2,57.37,2.687,193,57.37,2.687,0,,0,70,HYP-LOOSE-CONN,ALM-THR-TERM-WARN;ALM-K-WARN;ALM-K-ALM;ALM-TTL-14D;ALM-PANEL-TEMP
2026-07-23T10:00:00+00:00,1672,1944,295.5,5.09,41.37,11.49,DSYA3_L2,58.32,2.685,197,58.32,2.685,0,,0,70,HYP-LOOSE-CONN,ALM-THR-TERM-WARN;ALM-K-WARN;ALM-K-ALM;ALM-TTL-14D;ALM-PANEL-TEMP
2026-07-23T10:15:00+00:00,1673,1950,292.3,5.08,41.59,11.67,DSYA3_L2,58.32,2.677,263,58.32,2.677,0,,0,70,HYP-LOOSE-CONN,ALM-THR-TERM-WARN;ALM-K-WARN;ALM-K-ALM;ALM-TTL-14D;ALM-PANEL-TEMP
2026-07-23T10:30:00+00:00,1674,1946,287.2,5.08,41.8,11.84,DSYA3_L2,60.04,2.68,263,60.04,2.68,0,,0,70,HYP-LOOSE-CONN,ALM-THR-TERM-WARN;ALM-K-WARN;ALM-K-ALM;ALM-TTL-14D;ALM-PANEL-TEMP
2026-07-23T10:45:00+00:00,1675,1954,286.4,5.06,42.01,12.02,DSYA3_L2,60.84,2.679,288,60.84,2.679,0,,0,70,HYP-LOOSE-CONN,ALM-THR-TERM-WARN;ALM-K-WARN;ALM-K-ALM;ALM-TTL-14D;ALM-PANEL-TEMP
2026-07-23T11:00:00+00:00,1676,1968,288.4,5.04,42.21,12.19,DSYA3_L2,61.95,2.679,292,61.95,2.679,0,,0,70,HYP-LOOSE-CONN,ALM-THR-TERM-WARN;ALM-K-WARN;ALM-K-ALM;ALM-TTL-14D;ALM-PANEL-TEMP
2026-07-23T11:15:00+00:00,1677,1961,288.6,5.05,42.41,12.36,DSYA3_L2,63.31,2.682,292,63.31,2.682,0,,0,70,HYP-LOOSE-CONN,ALM-THR-TERM-WARN;ALM-K-WARN;ALM-K-ALM;ALM-TTL-14D;ALM-PANEL-TEMP
2026-07-23T11:30:00+00:00,1678,1956,287.6,5.06,42.59,12.52,DSYA3_L2,63.77,2.679,335,63.77,2.679,0,,0,70,HYP-LOOSE-CONN,ALM-THR-TERM-WARN;ALM-K-WARN;ALM-K-ALM;ALM-TTL-14D;ALM-PANEL-TEMP
2026-07-23T11:45:00+00:00,1679,1966,289.1,5.05,42.77,12.67,DSYA3_L2,64.2,2.678,359,64.2,2.678,0,,0,50,HYP-LOOSE-CONN,ALM-THR-TERM-WARN;ALM-K-WARN;ALM-K-ALM;ALM-PANEL-TEMP
2026-07-23T12:00:00+00:00,1680,1964,287.9,5.05,42.94,12.82,DSYA3_L2,65.03,2.679,357,65.03,2.679,0,,0,50,HYP-LOOSE-CONN,ALM-THR-TERM-WARN;ALM-K-WARN;ALM-K-ALM;ALM-PANEL-TEMP
2026-07-23T12:15:00+00:00,1681,1936,284.8,5.09,43.09,12.96,DSYA3_L2,65.78,2.68,335,65.78,2.68,0,,0,70,HYP-LOOSE-CONN,ALM-THR-TERM-WARN;ALM-K-WARN;ALM-K-ALM;ALM-TTL-14D;ALM-PANEL-TEMP
2026-07-23T12:30:00+00:00,1682,1911,282.3,5.13,43.24,13.09,DSYA3_L2,65.2,2.674,429,65.2,2.674,0,,0,50,HYP-LOOSE-CONN,ALM-THR-TERM-WARN;ALM-K-WARN;ALM-K-ALM;ALM-PANEL-TEMP
2026-07-23T12:45:00+00:00,1683,1885,280.1,5.18,43.37,13.2,DSYA3_L2,65.06,2.673,430,65.06,2.673,0,,0,50,HYP-LOOSE-CONN,ALM-THR-TERM-WARN;ALM-K-WARN;ALM-K-ALM;ALM-PANEL-TEMP
2026-07-23T13:00:00+00:00,1684,1840,272.2,5.24,43.49,13.31,DSYA3_L2,64.39,2.669,454,64.39,2.669,0,,0,50,HYP-LOOSE-CONN,ALM-THR-TERM-WARN;ALM-K-WARN;ALM-K-ALM;ALM-PANEL-TEMP
2026-07-23T13:15:00+00:00,1685,1864,275.7,5.21,43.6,13.41,DSYA3_L2,63.19,2.664,646,63.19,2.664,0,,0,50,HYP-LOOSE-CONN,ALM-THR-TERM-WARN;ALM-K-WARN;ALM-K-ALM;ALM-PANEL-TEMP
2026-07-23T13:30:00+00:00,1686,1882,275.6,5.17,43.7,13.5,DSYA3_L2,63.77,2.668,596,63.77,2.668,0,,0,50,HYP-LOOSE-CONN,ALM-THR-TERM-WARN;ALM-K-WARN;ALM-K-ALM;ALM-PANEL-TEMP
2026-07-23T13:45:00+00:00,1687,1887,277.1,5.17,43.78,13.57,DSYA3_L2,64.7,2.674,453,64.7,2.674,0,,0,50,HYP-LOOSE-CONN,ALM-THR-TERM-WARN;ALM-K-WARN;ALM-K-ALM;ALM-PANEL-TEMP
2026-07-23T14:00:00+00:00,1688,1884,278.6,5.17,43.84,13.63,DSYA3_L2,65.74,2.682,361,65.74,2.682,0,,0,50,HYP-LOOSE-CONN,ALM-THR-TERM-WARN;ALM-K-WARN;ALM-K-ALM;ALM-PANEL-TEMP
2026-07-23T14:15:00+00:00,1689,1904,279.9,5.14,43.89,13.68,DSYA3_L2,65.46,2.681,427,65.46,2.681,0,,0,50,HYP-LOOSE-CONN,ALM-THR-TERM-WARN;ALM-K-WARN;ALM-K-ALM;ALM-PANEL-TEMP
2026-07-23T14:30:00+00:00,1690,1929,279.6,5.1,43.93,13.71,DSYA3_L2,66.53,2.688,357,66.53,2.688,0,,0,50,HYP-LOOSE-CONN,ALM-THR-TERM-WARN;ALM-K-WARN;ALM-K-ALM;ALM-PANEL-TEMP
2026-07-23T14:45:00+00:00,1691,1953,281.1,5.06,43.95,13.74,DSYA3_L2,68.61,2.701,285,68.61,2.701,0,,0,70,HYP-LOOSE-CONN,ALM-THR-TERM-WARN;ALM-K-WARN;ALM-K-ALM;ALM-TTL-14D;ALM-PANEL-TEMP
2026-07-23T15:00:00+00:00,1692,1976,284.3,5.02,43.96,13.74,DSYA3_L2,69.64,2.707,282,69.64,2.707,0,,0,70,HYP-LOOSE-CONN,ALM-THR-TERM-WARN;ALM-K-WARN;ALM-K-ALM;ALM-TTL-14D;ALM-PANEL-TEMP
2026-07-23T15:15:00+00:00,1693,1968,284.6,5.04,43.95,13.74,DSYA3_L2,71.25,2.716,258,71.25,2.716,0,,0,90,HYP-LOOSE-CONN,ALM-THR-TERM-WARN;ALM-THR-TERM-ALM;ALM-K-WARN;ALM-K-ALM;ALM-TTL-14D;ALM-PANEL-TEMP
2026-07-23T15:30:00+00:00,1694,1972,284.7,5.03,43.93,13.71,DSYA3_L2,71.41,2.717,258,71.41,2.717,0,,0,90,HYP-LOOSE-CONN,ALM-THR-TERM-WARN;ALM-THR-TERM-ALM;ALM-K-WARN;ALM-K-ALM;ALM-TTL-14D;ALM-PANEL-TEMP
2026-07-23T15:45:00+00:00,1695,1956,285.4,5.06,43.89,13.68,DSYA3_L2,71.97,2.721,257,71.97,2.721,0,,0,90,HYP-LOOSE-CONN,ALM-THR-TERM-WARN;ALM-THR-TERM-ALM;ALM-K-WARN;ALM-K-ALM;ALM-TTL-14D;ALM-PANEL-TEMP
2026-07-23T16:00:00+00:00,1696,1956,288.5,5.06,43.84,13.63,DSYA3_L2,71.47,2.719,257,71.47,2.719,0,,0,90,HYP-LOOSE-CONN,ALM-THR-TERM-WARN;ALM-THR-TERM-ALM;ALM-K-WARN;ALM-K-ALM;ALM-TTL-14D;ALM-PANEL-TEMP
2026-07-23T16:15:00+00:00,1697,1948,286.6,5.07,43.78,13.57,DSYA3_L2,71.75,2.723,257,71.75,2.723,0,,0,90,HYP-LOOSE-CONN,ALM-THR-TERM-WARN;ALM-THR-TERM-ALM;ALM-K-WARN;ALM-K-ALM;ALM-TTL-14D;ALM-PANEL-TEMP
2026-07-23T16:30:00+00:00,1698,1946,286.3,5.08,43.7,13.5,DSYA3_L2,71.4,2.722,259,71.4,2.722,0,,0,90,HYP-LOOSE-CONN,ALM-THR-TERM-WARN;ALM-THR-TERM-ALM;ALM-K-WARN;ALM-K-ALM;ALM-TTL-14D;ALM-PANEL-TEMP
2026-07-23T16:45:00+00:00,1699,1939,285.4,5.09,43.6,13.41,DSYA3_L2,72.33,2.731,256,72.33,2.731,0,,0,90,HYP-LOOSE-CONN,ALM-THR-TERM-WARN;ALM-THR-TERM-ALM;ALM-K-WARN;ALM-K-ALM;ALM-TTL-14D;ALM-PANEL-TEMP
2026-07-23T17:00:00+00:00,1700,1935,286.7,5.1,43.49,13.31,DSYA3_L2,72.01,2.732,256,72.01,2.732,0,,0,90,HYP-LOOSE-CONN,ALM-THR-TERM-WARN;ALM-THR-TERM-ALM;ALM-K-WARN;ALM-K-ALM;ALM-TTL-14D;ALM-PANEL-TEMP
2026-07-23T17:15:00+00:00,1701,1897,282.8,5.16,43.37,13.2,DSYA3_L2,71.61,2.732,256,71.61,2.732,0,,0,90,HYP-LOOSE-CONN,ALM-THR-TERM-WARN;ALM-THR-TERM-ALM;ALM-K-WARN;ALM-K-ALM;ALM-TTL-14D;ALM-PANEL-TEMP
2026-07-23T17:30:00+00:00,1702,1860,280.2,5.22,43.24,13.09,DSYA3_L2,70.48,2.729,256,70.48,2.729,0,,0,90,HYP-LOOSE-CONN,ALM-THR-TERM-WARN;ALM-THR-TERM-ALM;ALM-K-WARN;ALM-K-ALM;ALM-TTL-14D;ALM-PANEL-TEMP
2026-07-23T17:45:00+00:00,1703,1847,279.1,5.24,43.09,12.96,DSYA3_L2,68.89,2.724,257,68.89,2.724,0,,0,70,HYP-LOOSE-CONN,ALM-THR-TERM-WARN;ALM-K-WARN;ALM-K-ALM;ALM-TTL-14D;ALM-PANEL-TEMP
2026-07-23T18:00:00+00:00,1704,1802,273.3,5.31,42.94,12.82,DSYA3_L2,68.17,2.725,255,68.17,2.725,0,,0,70,HYP-LOOSE-CONN,ALM-THR-TERM-WARN;ALM-K-WARN;ALM-K-ALM;ALM-TTL-14D;ALM-PANEL-TEMP
2026-07-23T18:15:00+00:00,1705,1771,268.9,5.36,42.77,12.67,DSYA3_L2,66.7,2.723,255,66.7,2.723,0,,0,70,HYP-LOOSE-CONN,ALM-THR-TERM-WARN;ALM-K-WARN;ALM-K-ALM;ALM-TTL-14D;ALM-PANEL-TEMP
2026-07-23T18:30:00+00:00,1706,1750,264.2,5.39,42.59,12.52,DSYA3_L2,64.74,2.719,281,64.74,2.719,0,,0,70,HYP-LOOSE-CONN,ALM-THR-TERM-WARN;ALM-K-WARN;ALM-K-ALM;ALM-TTL-14D;ALM-PANEL-TEMP
2026-07-23T18:45:00+00:00,1707,1734,263.1,5.42,42.41,12.36,DSYA3_L2,64.78,2.726,254,64.78,2.726,0,,0,70,HYP-LOOSE-CONN,ALM-THR-TERM-WARN;ALM-K-WARN;ALM-K-ALM;ALM-TTL-14D;ALM-PANEL-TEMP
2026-07-23T19:00:00+00:00,1708,1724,264.1,5.44,42.21,12.19,DSYA3_L2,63.88,2.728,254,63.88,2.728,0,,0,70,HYP-LOOSE-CONN,ALM-THR-TERM-WARN;ALM-K-WARN;ALM-K-ALM;ALM-TTL-14D;ALM-PANEL-TEMP
2026-07-23T19:15:00+00:00,1709,1741,265.9,5.41,42.01,12.02,DSYA3_L2,63.32,2.731,254,63.32,2.731,0,,0,70,HYP-LOOSE-CONN,ALM-THR-TERM-WARN;ALM-K-WARN;ALM-K-ALM;ALM-TTL-14D;ALM-PANEL-TEMP
2026-07-23T19:30:00+00:00,1710,1760,269.6,5.38,41.8,11.84,DSYA3_L2,63.39,2.737,184,63.39,2.737,0,,0,70,HYP-LOOSE-CONN,ALM-THR-TERM-WARN;ALM-K-WARN;ALM-K-ALM;ALM-TTL-14D;ALM-PANEL-TEMP
2026-07-23T19:45:00+00:00,1711,1780,271.4,5.35,41.59,11.67,DSYA3_L2,64.24,2.747,159,64.24,2.747,0,,0,70,HYP-LOOSE-CONN,ALM-THR-TERM-WARN;ALM-K-WARN;ALM-K-ALM;ALM-TTL-14D;ALM-PANEL-TEMP
2026-07-23T20:00:00+00:00,1712,1789,272.4,5.33,41.37,11.49,DSYA3_L2,65.21,2.757,139,65.21,2.757,0,,0,70,HYP-LOOSE-CONN,ALM-THR-TERM-WARN;ALM-K-WARN;ALM-K-ALM;ALM-TTL-14D;ALM-PANEL-TEMP
2026-07-23T20:15:00+00:00,1713,1755,269,5.39,41.14,11.3,DSYA3_L2,64.95,2.76,133,64.95,2.76,0,,0,70,HYP-LOOSE-CONN,ALM-THR-TERM-WARN;ALM-K-WARN;ALM-K-ALM;ALM-TTL-14D;ALM-PANEL-TEMP
2026-07-23T20:30:00+00:00,1714,1726,267.8,5.44,40.92,11.12,DSYA3_L2,64.47,2.763,115,64.47,2.763,0,,0,70,HYP-LOOSE-CONN,ALM-THR-TERM-WARN;ALM-K-WARN;ALM-K-ALM;ALM-TTL-14D;ALM-PANEL-TEMP
2026-07-23T20:45:00+00:00,1715,1696,263,5.49,40.69,10.94,DSYA3_L2,62.77,2.76,133,62.77,2.76,0,,0,70,HYP-LOOSE-CONN,ALM-THR-TERM-WARN;ALM-K-WARN;ALM-K-ALM;ALM-TTL-14D;ALM-PANEL-TEMP
2026-07-23T21:00:00+00:00,1716,1662,259.9,5.54,40.46,10.76,DSYA3_L2,61.57,2.76,110,61.57,2.76,0,,0,70,HYP-LOOSE-CONN,ALM-THR-TERM-WARN;ALM-K-WARN;ALM-K-ALM;ALM-TTL-14D;ALM-PANEL-TEMP
2026-07-23T21:15:00+00:00,1717,1599,252.2,5.64,40.23,10.58,DSYA3_L2,60.11,2.759,86,60.11,2.759,0,,0,70,HYP-LOOSE-CONN,ALM-THR-TERM-WARN;ALM-K-WARN;ALM-K-ALM;ALM-TTL-14D;ALM-PANEL-TEMP
2026-07-23T21:30:00+00:00,1718,1536,245.5,5.75,40,10.4,DSYA3_L2,57.47,2.754,84,57.47,2.754,0,,0,70,HYP-LOOSE-CONN,ALM-THR-TERM-WARN;ALM-K-WARN;ALM-K-ALM;ALM-TTL-14D
2026-07-23T21:45:00+00:00,1719,1473,235.3,5.84,39.78,10.23,DSYA3_L2,55.1,2.751,83,55.1,2.751,0,,0,70,HYP-LOOSE-CONN,ALM-THR-TERM-WARN;ALM-K-WARN;ALM-K-ALM;ALM-TTL-14D
2026-07-23T22:00:00+00:00,1720,1420,228.9,5.93,39.55,10.06,DSYA3_L2,52.99,2.75,11,52.99,2.75,0,,0,70,HYP-LOOSE-CONN,ALM-THR-TERM-WARN;ALM-K-WARN;ALM-K-ALM;ALM-TTL-14D
2026-07-23T22:15:00+00:00,1721,1322,215.9,6.09,39.33,9.9,DSYA3_L2,50.7,2.749,10,50.7,2.749,0,,0,70,HYP-LOOSE-CONN,ALM-THR-TERM-WARN;ALM-K-WARN;ALM-K-ALM;ALM-TTL-14D
2026-07-23T22:30:00+00:00,1722,1214,201.2,6.26,39.12,9.74,DSYA3_L2,47.22,2.744,10,47.22,2.744,0,,0,70,HYP-LOOSE-CONN,ALM-K-WARN;ALM-K-ALM;ALM-TTL-14D
2026-07-23T22:45:00+00:00,1723,1116,187.5,6.41,38.91,9.58,DSYA3_L2,43.86,2.742,9,43.86,2.742,0,,0,70,HYP-LOOSE-CONN,ALM-K-WARN;ALM-K-ALM;ALM-TTL-14D
2026-07-23T23:00:00+00:00,1724,1020,174.3,6.57,38.71,9.44,DSYA3_L2,40.64,2.74,9,40.64,2.74,0,,0,70,HYP-LOOSE-CONN,ALM-K-WARN;ALM-K-ALM;ALM-TTL-14D
2026-07-23T23:15:00+00:00,1725,924.2,160.6,6.72,38.51,9.29,DSYA3_L2,36.9,2.738,8,36.9,2.738,0,,0,70,HYP-LOOSE-CONN,ALM-K-WARN;ALM-K-ALM;ALM-TTL-14D
2026-07-23T23:30:00+00:00,1726,826.5,145.5,6.88,38.33,9.16,DSYA3_L2,34.09,2.738,8,34.09,2.738,0,,0,70,HYP-LOOSE-CONN,ALM-K-WARN;ALM-K-ALM;ALM-TTL-14D
2026-07-23T23:45:00+00:00,1727,730.5,130.2,7.03,38.15,9.03,DSYA3_L2,31.36,2.739,7,31.36,2.739,0,,0,70,HYP-LOOSE-CONN,ALM-K-WARN;ALM-K-ALM;ALM-TTL-14D
2026-07-24T00:00:00+00:00,1728,637,114.9,7.18,38,8.93,DSYA3_L2,28.51,2.739,7,28.51,2.739,0,,0,70,HYP-LOOSE-CONN,ALM-K-WARN;ALM-K-ALM;ALM-TTL-14D
2026-07-24T00:15:00+00:00,1729,624.1,113.6,7.2,37.85,8.82,DSYA3_L2,26.41,2.739,7,26.41,2.739,0,,0,70,HYP-LOOSE-CONN,ALM-K-WARN;ALM-K-ALM;ALM-TTL-14D
2026-07-24T00:30:00+00:00,1730,610.1,111.3,7.23,37.7,8.72,DSYA3_L2,24.55,2.74,6,24.55,2.74,0,,0,70,HYP-LOOSE-CONN,ALM-K-WARN;ALM-K-ALM;ALM-TTL-14D
2026-07-24T00:45:00+00:00,1731,595,108.4,7.25,37.57,8.62,DSYA3_L2,23.92,2.742,6,23.92,2.742,0,,0,70,HYP-LOOSE-CONN,ALM-K-WARN;ALM-K-ALM;ALM-TTL-14D
2026-07-24T01:00:00+00:00,1732,578.5,106,7.28,37.45,8.54,DSYA3_L2,22.44,2.743,6,22.44,2.743,0,,0,70,HYP-LOOSE-CONN,ALM-K-WARN;ALM-K-ALM;ALM-TTL-14D
2026-07-24T01:15:00+00:00,1733,568.9,104.1,7.29,37.34,8.46,DSYA3_L2,21.67,2.744,5,21.67,2.744,0,,0,70,HYP-LOOSE-CONN,ALM-K-WARN;ALM-K-ALM;ALM-TTL-14D
2026-07-24T01:30:00+00:00,1734,559.9,102.9,7.31,37.24,8.4,DSYA3_L2,21.24,2.745,5,21.24,2.745,0,,0,70,HYP-LOOSE-CONN,ALM-K-WARN;ALM-K-ALM;ALM-TTL-14D
2026-07-24T01:45:00+00:00,1735,548.7,100.7,7.32,37.16,8.34,DSYA3_L2,20.34,2.746,5,20.34,2.746,0,,0,70,HYP-LOOSE-CONN,ALM-K-WARN;ALM-K-ALM;ALM-TTL-14D
2026-07-24T02:00:00+00:00,1736,541.8,99.8,7.34,37.1,8.3,DSYA3_L2,19.38,2.747,5,19.38,2.747,0,,0,70,HYP-LOOSE-CONN,ALM-K-WARN;ALM-K-ALM;ALM-TTL-14D
2026-07-24T02:15:00+00:00,1737,540.1,99.5,7.34,37.04,8.26,DSYA3_L2,18.86,2.748,4,18.86,2.748,0,,0,70,HYP-LOOSE-CONN,ALM-K-WARN;ALM-K-ALM;ALM-TTL-14D
2026-07-24T02:30:00+00:00,1738,540.5,100,7.34,37.01,8.24,DSYA3_L2,17.76,2.748,4,17.76,2.748,0,,0,70,HYP-LOOSE-CONN,ALM-K-WARN;ALM-K-ALM;ALM-TTL-14D
2026-07-24T02:45:00+00:00,1739,537.8,99.4,7.34,36.98,8.22,DSYA3_L2,16.95,2.749,4,16.95,2.749,0,,0,70,HYP-LOOSE-CONN,ALM-K-WARN;ALM-K-ALM;ALM-TTL-14D
2026-07-24T03:00:00+00:00,1740,532.4,98,7.35,36.98,8.22,DSYA3_L2,16.78,2.75,4,16.78,2.75,0,,0,70,HYP-LOOSE-CONN,ALM-K-WARN;ALM-K-ALM;ALM-TTL-14D
2026-07-24T03:15:00+00:00,1741,532.2,98.1,7.35,36.98,8.22,DSYA3_L2,16.06,2.751,3,16.06,2.751,0,,0,70,HYP-LOOSE-CONN,ALM-K-WARN;ALM-K-ALM;ALM-TTL-14D
2026-07-24T03:30:00+00:00,1742,534.7,99.4,7.35,37.01,8.24,DSYA3_L2,15.57,2.751,3,15.57,2.751,0,,0,70,HYP-LOOSE-CONN,ALM-K-WARN;ALM-K-ALM;ALM-TTL-14D
2026-07-24T03:45:00+00:00,1743,533,98.9,7.35,37.04,8.26,DSYA3_L2,15.37,2.752,3,15.37,2.752,0,,0,70,HYP-LOOSE-CONN,ALM-K-WARN;ALM-K-ALM;ALM-TTL-14D
2026-07-24T04:00:00+00:00,1744,533,98.9,7.35,37.1,8.3,DSYA3_L2,14.75,2.752,3,14.75,2.752,0,,0,70,HYP-LOOSE-CONN,ALM-K-WARN;ALM-K-ALM;ALM-TTL-14D
2026-07-24T04:15:00+00:00,1745,541.2,100.6,7.34,37.16,8.34,DSYA3_L2,14.37,2.753,2,14.37,2.753,0,,0,70,HYP-LOOSE-CONN,ALM-K-WARN;ALM-K-ALM;ALM-TTL-14D
2026-07-24T04:30:00+00:00,1746,555.3,102.9,7.32,37.24,8.4,DSYA3_L2,13.84,2.753,2,13.84,2.753,0,,0,70,HYP-LOOSE-CONN,ALM-K-WARN;ALM-K-ALM;ALM-TTL-14D
2026-07-24T04:45:00+00:00,1747,565.4,104.9,7.3,37.34,8.46,DSYA3_L2,14.09,2.754,2,14.09,2.754,0,,0,70,HYP-LOOSE-CONN,ALM-K-WARN;ALM-K-ALM;ALM-TTL-14D
2026-07-24T05:00:00+00:00,1748,576.1,107.4,7.28,37.45,8.54,DSYA3_L2,13.23,2.755,2,13.23,2.755,0,,0,70,HYP-LOOSE-CONN,ALM-K-WARN;ALM-K-ALM;ALM-TTL-14D
2026-07-24T05:15:00+00:00,1749,619.3,114.3,7.22,37.57,8.62,DSYA3_L2,13.46,2.755,1,13.46,2.755,0,,0,70,HYP-LOOSE-CONN,ALM-K-WARN;ALM-K-ALM;ALM-TTL-14D
2026-07-24T05:30:00+00:00,1750,657.6,120.3,7.15,37.7,8.72,DSYA3_L2,13.54,2.756,1,13.54,2.756,0,,0,70,HYP-LOOSE-CONN,ALM-K-WARN;ALM-K-ALM;ALM-TTL-14D
2026-07-24T05:45:00+00:00,1751,696.6,127.1,7.09,37.85,8.82,DSYA3_L2,13.6,2.757,1,13.6,2.757,0,,0,70,HYP-LOOSE-CONN,ALM-K-WARN;ALM-K-ALM;ALM-TTL-14D
2026-07-24T06:00:00+00:00,1752,735.8,134.4,7.03,38,8.93,DSYA3_L2,14.35,2.759,1,14.35,2.759,0,,0,70,HYP-LOOSE-CONN,ALM-K-WARN;ALM-K-ALM;ALM-TTL-14D
2026-07-24T06:15:00+00:00,1753,867.8,155.2,6.82,38.17,9.05,DSYA3_L2,14.23,2.759,1,14.23,2.759,0,,0,70,HYP-LOOSE-CONN,ALM-K-WARN;ALM-K-ALM;ALM-TTL-14D
2026-07-24T06:30:00+00:00,1754,997.4,175.1,6.61,38.35,9.17,DSYA3_L2,16.11,2.762,1,16.11,2.762,0,,0,70,HYP-LOOSE-CONN,ALM-K-WARN;ALM-K-ALM;ALM-TTL-14D
2026-07-24T06:45:00+00:00,1755,1127,195.3,6.41,38.53,9.31,DSYA3_L2,18.51,2.767,1,18.51,2.767,0,,0,70,HYP-LOOSE-CONN,ALM-K-WARN;ALM-K-ALM;ALM-TTL-14D
2026-07-24T07:00:00+00:00,1756,1258,214.1,6.2,38.73,9.45,DSYA3_L2,22.12,2.775,2,22.12,2.775,0,,0,70,HYP-LOOSE-CONN,ALM-K-WARN;ALM-K-ALM;ALM-TTL-14D
2026-07-24T07:15:00+00:00,1757,1378,231.1,6.01,38.93,9.6,DSYA3_L2,25.5,2.784,4,25.5,2.784,0,,0,70,HYP-LOOSE-CONN,ALM-K-WARN;ALM-K-ALM;ALM-TTL-14D
2026-07-24T07:30:00+00:00,1758,1507,246.2,5.8,39.14,9.75,DSYA3_L2,29.4,2.794,74,29.4,2.794,0,,0,70,HYP-LOOSE-CONN,ALM-K-WARN;ALM-K-ALM;ALM-TTL-14D
2026-07-24T07:45:00+00:00,1759,1635,263.3,5.6,39.35,9.91,DSYA3_L2,34.42,2.809,100,34.42,2.809,0,,0,70,HYP-LOOSE-CONN,ALM-K-WARN;ALM-K-ALM;ALM-TTL-14D
2026-07-24T08:00:00+00:00,1760,1764,278.7,5.39,39.57,10.08,DSYA3_L2,39.51,2.824,127,39.51,2.824,0,,0,70,HYP-LOOSE-CONN,ALM-K-WARN;ALM-K-ALM;ALM-TTL-14D;ALM-PANEL-TEMP
2026-07-24T08:15:00+00:00,1761,1800,283.9,5.33,39.79,10.24,DSYA3_L2,44.78,2.839,123,44.78,2.839,0,,0,70,HYP-LOOSE-CONN,ALM-K-WARN;ALM-K-ALM;ALM-TTL-14D;ALM-PANEL-TEMP
2026-07-24T08:30:00+00:00,1762,1853,291.2,5.25,40.02,10.42,DSYA3_L2,48.5,2.848,145,48.5,2.848,0,,0,70,HYP-LOOSE-CONN,ALM-K-WARN;ALM-K-ALM;ALM-TTL-14D;ALM-PANEL-TEMP
2026-07-24T08:45:00+00:00,1763,1896,295.7,5.18,40.25,10.59,DSYA3_L2,51.37,2.853,146,51.37,2.853,0,,0,70,HYP-LOOSE-CONN,ALM-THR-TERM-WARN;ALM-K-WARN;ALM-K-ALM;ALM-TTL-14D;ALM-PANEL-TEMP
2026-07-24T09:00:00+00:00,1764,1933,300.1,5.12,40.48,10.77,DSYA3_L2,54.36,2.858,168,54.36,2.858,0,,0,70,HYP-LOOSE-CONN,ALM-THR-TERM-WARN;ALM-K-WARN;ALM-K-ALM;ALM-TTL-14D;ALM-PANEL-TEMP
2026-07-24T09:15:00+00:00,1765,1926,300.3,5.14,40.71,10.95,DSYA3_L2,56.93,2.861,168,56.93,2.861,0,,0,70,HYP-LOOSE-CONN,ALM-THR-TERM-WARN;ALM-K-WARN;ALM-K-ALM;ALM-TTL-14D;ALM-PANEL-TEMP
2026-07-24T09:30:00+00:00,1766,1919,302.5,5.15,40.93,11.14,DSYA3_L2,58.08,2.858,170,58.08,2.858,0,,0,70,HYP-LOOSE-CONN,ALM-THR-TERM-WARN;ALM-K-WARN;ALM-K-ALM;ALM-TTL-14D;ALM-PANEL-TEMP
2026-07-24T09:45:00+00:00,1767,1909,300,5.16,41.16,11.32,DSYA3_L2,58.68,2.854,239,58.68,2.854,0,,0,70,HYP-LOOSE-CONN,ALM-THR-TERM-WARN;ALM-K-WARN;ALM-K-ALM;ALM-TTL-14D;ALM-PANEL-TEMP
2026-07-24T10:00:00+00:00,1768,1902,300.7,5.18,41.38,11.5,DSYA3_L2,58.77,2.847,239,58.77,2.847,0,,0,70,HYP-LOOSE-CONN,ALM-THR-TERM-WARN;ALM-K-WARN;ALM-K-ALM;ALM-TTL-14D;ALM-PANEL-TEMP
2026-07-24T10:15:00+00:00,1769,1917,305.8,5.16,41.6,11.68,DSYA3_L2,59.59,2.846,239,59.59,2.846,0,,0,70,HYP-LOOSE-CONN,ALM-THR-TERM-WARN;ALM-K-WARN;ALM-K-ALM;ALM-TTL-14D;ALM-PANEL-TEMP
2026-07-24T10:30:00+00:00,1770,1934,307.8,5.13,41.82,11.86,DSYA3_L2,60.49,2.845,264,60.49,2.845,0,,0,70,HYP-LOOSE-CONN,ALM-THR-TERM-WARN;ALM-K-WARN;ALM-K-ALM;ALM-TTL-14D;ALM-PANEL-TEMP
2026-07-24T10:45:00+00:00,1771,1952,312.2,5.11,42.03,12.03,DSYA3_L2,61.99,2.847,264,61.99,2.847,0,,0,70,HYP-LOOSE-CONN,ALM-THR-TERM-WARN;ALM-K-WARN;ALM-K-ALM;ALM-TTL-14D;ALM-PANEL-TEMP
2026-07-24T11:00:00+00:00,1772,1959,311,5.09,42.23,12.21,DSYA3_L2,63.01,2.847,286,63.01,2.847,0,,0,70,HYP-LOOSE-CONN,ALM-THR-TERM-WARN;ALM-K-WARN;ALM-K-ALM;ALM-TTL-14D;ALM-PANEL-TEMP
2026-07-24T11:15:00+00:00,1773,1946,304.4,5.11,42.42,12.37,DSYA3_L2,64.71,2.851,264,64.71,2.851,0,,0,70,HYP-LOOSE-CONN,ALM-THR-TERM-WARN;ALM-K-WARN;ALM-K-ALM;ALM-TTL-14D;ALM-PANEL-TEMP
2026-07-24T11:30:00+00:00,1774,1935,300.1,5.12,42.61,12.53,DSYA3_L2,65.33,2.851,288,65.33,2.851,0,,0,70,HYP-LOOSE-CONN,ALM-THR-TERM-WARN;ALM-K-WARN;ALM-K-ALM;ALM-TTL-14D;ALM-PANEL-TEMP
2026-07-24T11:45:00+00:00,1775,1931,298.9,5.12,42.79,12.69,DSYA3_L2,65.67,2.849,311,65.67,2.849,0,,0,70,HYP-LOOSE-CONN,ALM-THR-TERM-WARN;ALM-K-WARN;ALM-K-ALM;ALM-TTL-14D;ALM-PANEL-TEMP
2026-07-24T12:00:00+00:00,1776,1919,298.7,5.14,42.95,12.83,DSYA3_L2,65.92,2.847,333,65.92,2.847,0,,0,70,HYP-LOOSE-CONN,ALM-THR-TERM-WARN;ALM-K-WARN;ALM-K-ALM;ALM-TTL-14D;ALM-PANEL-TEMP
2026-07-24T12:15:00+00:00,1777,1884,292.9,5.2,43.11,12.97,DSYA3_L2,65.72,2.843,405,65.72,2.843,0,,0,50,HYP-LOOSE-CONN,ALM-THR-TERM-WARN;ALM-K-WARN;ALM-K-ALM;ALM-PANEL-TEMP
2026-07-24T12:30:00+00:00,1778,1856,289.7,5.24,43.26,13.1,DSYA3_L2,64.87,2.837,435,64.87,2.837,0,,0,50,HYP-LOOSE-CONN,ALM-THR-TERM-WARN;ALM-K-WARN;ALM-K-ALM;ALM-PANEL-TEMP
2026-07-24T12:45:00+00:00,1779,1822,284.7,5.3,43.39,13.22,DSYA3_L2,64.35,2.835,483,64.35,2.835,0,,0,50,HYP-LOOSE-CONN,ALM-THR-TERM-WARN;ALM-K-WARN;ALM-K-ALM;ALM-PANEL-TEMP
2026-07-24T13:00:00+00:00,1780,1792,281.4,5.34,43.51,13.33,DSYA3_L2,63.55,2.832,572,63.55,2.832,0,,0,50,HYP-LOOSE-CONN,ALM-THR-TERM-WARN;ALM-K-WARN;ALM-K-ALM;ALM-PANEL-TEMP
2026-07-24T13:15:00+00:00,1781,1805,283.1,5.32,43.62,13.43,DSYA3_L2,62.4,2.827,790,62.4,2.827,0,,0,50,HYP-LOOSE-CONN,ALM-THR-TERM-WARN;ALM-K-WARN;ALM-K-ALM;ALM-PANEL-TEMP
2026-07-24T13:30:00+00:00,1782,1807,284.6,5.32,43.71,13.51,DSYA3_L2,62.72,2.831,670,62.72,2.831,0,,0,50,HYP-LOOSE-CONN,ALM-THR-TERM-WARN;ALM-K-WARN;ALM-K-ALM;ALM-PANEL-TEMP
2026-07-24T13:45:00+00:00,1783,1820,286.7,5.3,43.79,13.59,DSYA3_L2,63.15,2.835,573,63.15,2.835,0,,0,50,HYP-LOOSE-CONN,ALM-THR-TERM-WARN;ALM-K-WARN;ALM-K-ALM;ALM-PANEL-TEMP
2026-07-24T14:00:00+00:00,1784,1825,288.9,5.3,43.86,13.65,DSYA3_L2,63.83,2.84,453,63.83,2.84,0,,0,50,HYP-LOOSE-CONN,ALM-THR-TERM-WARN;ALM-K-WARN;ALM-K-ALM;ALM-PANEL-TEMP
2026-07-24T14:15:00+00:00,1785,1842,292.5,5.27,43.91,13.7,DSYA3_L2,64.31,2.845,429,64.31,2.845,0,,0,50,HYP-LOOSE-CONN,ALM-THR-TERM-WARN;ALM-K-WARN;ALM-K-ALM;ALM-PANEL-TEMP
2026-07-24T14:30:00+00:00,1786,1858,292.8,5.24,43.95,13.73,DSYA3_L2,65.02,2.85,403,65.02,2.85,0,,0,50,HYP-LOOSE-CONN,ALM-THR-TERM-WARN;ALM-K-WARN;ALM-K-ALM;ALM-PANEL-TEMP
2026-07-24T14:45:00+00:00,1787,1876,293,5.21,43.97,13.75,DSYA3_L2,65.79,2.855,402,65.79,2.855,0,,0,50,HYP-LOOSE-CONN,ALM-THR-TERM-WARN;ALM-K-WARN;ALM-K-ALM;ALM-PANEL-TEMP
2026-07-24T15:00:00+00:00,1788,1908,294.3,5.16,43.98,13.76,DSYA3_L2,66.85,2.862,330,66.85,2.862,0,,0,70,HYP-LOOSE-CONN,ALM-THR-TERM-WARN;ALM-K-WARN;ALM-K-ALM;ALM-TTL-14D;ALM-PANEL-TEMP
2026-07-24T15:15:00+00:00,1789,1895,293.4,5.18,43.97,13.75,DSYA3_L2,68.4,2.87,282,68.4,2.87,0,,0,70,HYP-LOOSE-CONN,ALM-THR-TERM-WARN;ALM-K-WARN;ALM-K-ALM;ALM-TTL-14D;ALM-PANEL-TEMP
2026-07-24T15:30:00+00:00,1790,1903,298.7,5.17,43.95,13.73,DSYA3_L2,68.89,2.873,260,68.89,2.873,0,,0,70,HYP-LOOSE-CONN,ALM-THR-TERM-WARN;ALM-K-WARN;ALM-K-ALM;ALM-TTL-14D;ALM-PANEL-TEMP
2026-07-24T15:45:00+00:00,1791,1908,300.4,5.17,43.91,13.7,DSYA3_L2,69.29,2.877,259,69.29,2.877,0,,0,70,HYP-LOOSE-CONN,ALM-THR-TERM-WARN;ALM-K-WARN;ALM-K-ALM;ALM-TTL-14D;ALM-PANEL-TEMP
2026-07-24T16:00:00+00:00,1792,1912,300.3,5.16,43.86,13.65,DSYA3_L2,69.57,2.879,257,69.57,2.879,0,,0,70,HYP-LOOSE-CONN,ALM-THR-TERM-WARN;ALM-K-WARN;ALM-K-ALM;ALM-TTL-14D;ALM-PANEL-TEMP
2026-07-24T16:15:00+00:00,1793,1899,300.5,5.18,43.79,13.59,DSYA3_L2,70.09,2.883,235,70.09,2.883,0,,0,90,HYP-LOOSE-CONN,ALM-THR-TERM-WARN;ALM-THR-TERM-ALM;ALM-K-WARN;ALM-K-ALM;ALM-TTL-14D;ALM-PANEL-TEMP
2026-07-24T16:30:00+00:00,1794,1906,300.2,5.17,43.71,13.51,DSYA3_L2,69.64,2.882,258,69.64,2.882,0,,0,70,HYP-LOOSE-CONN,ALM-THR-TERM-WARN;ALM-K-WARN;ALM-K-ALM;ALM-TTL-14D;ALM-PANEL-TEMP
2026-07-24T16:45:00+00:00,1795,1894,299,5.19,43.62,13.43,DSYA3_L2,70.14,2.886,234,70.14,2.886,0,,0,90,HYP-LOOSE-CONN,ALM-THR-TERM-WARN;ALM-THR-TERM-ALM;ALM-K-WARN;ALM-K-ALM;ALM-TTL-14D;ALM-PANEL-TEMP
2026-07-24T17:00:00+00:00,1796,1887,302.4,5.21,43.51,13.33,DSYA3_L2,69.91,2.887,234,69.91,2.887,0,,0,70,HYP-LOOSE-CONN,ALM-THR-TERM-WARN;ALM-K-WARN;ALM-K-ALM;ALM-TTL-14D;ALM-PANEL-TEMP
2026-07-24T17:15:00+00:00,1797,1857,297.5,5.25,43.39,13.22,DSYA3_L2,69.49,2.887,234,69.49,2.887,0,,0,70,HYP-LOOSE-CONN,ALM-THR-TERM-WARN;ALM-K-WARN;ALM-K-ALM;ALM-TTL-14D;ALM-PANEL-TEMP
2026-07-24T17:30:00+00:00,1798,1830,296.8,5.3,43.26,13.1,DSYA3_L2,68.68,2.886,234,68.68,2.886,0,,0,70,HYP-LOOSE-CONN,ALM-THR-TERM-WARN;ALM-K-WARN;ALM-K-ALM;ALM-TTL-14D;ALM-PANEL-TEMP
2026-07-24T17:45:00+00:00,1799,1794,291.4,5.36,43.11,12.97,DSYA3_L2,67.4,2.883,257,67.4,2.883,0,,0,70,HYP-LOOSE-CONN,ALM-THR-TERM-WARN;ALM-K-WARN;ALM-K-ALM;ALM-TTL-14D;ALM-PANEL-TEMP
2026-07-24T18:00:00+00:00,1800,1777,293.3,5.39,42.95,12.83,DSYA3_L2,65.75,2.878,279,65.75,2.878,0,,0,70,HYP-LOOSE-CONN,ALM-THR-TERM-WARN;ALM-K-WARN;ALM-K-ALM;ALM-TTL-14D;ALM-PANEL-TEMP
2026-07-24T18:15:00+00:00,1801,1759,291.5,5.42,42.79,12.69,DSYA3_L2,65.44,2.882,233,65.44,2.882,0,,0,70,HYP-LOOSE-CONN,ALM-THR-TERM-WARN;ALM-K-WARN;ALM-K-ALM;ALM-TTL-14D;ALM-PANEL-TEMP
2026-07-24T18:30:00+00:00,1802,1746,288.3,5.44,42.61,12.53,DSYA3_L2,64.4,2.882,233,64.4,2.882,0,,0,70,HYP-LOOSE-CONN,ALM-THR-TERM-WARN;ALM-K-WARN;ALM-K-ALM;ALM-TTL-14D;ALM-PANEL-TEMP
2026-07-24T18:45:00+00:00,1803,1719,283.6,5.48,42.42,12.37,DSYA3_L2,63.78,2.884,231,63.78,2.884,0,,0,70,HYP-LOOSE-CONN,ALM-THR-TERM-WARN;ALM-K-WARN;ALM-K-ALM;ALM-TTL-14D;ALM-PANEL-TEMP
2026-07-24T19:00:00+00:00,1804,1692,278.3,5.52,42.23,12.21,DSYA3_L2,62.73,2.884,230,62.73,2.884,0,,0,70,HYP-LOOSE-CONN,ALM-THR-TERM-WARN;ALM-K-WARN;ALM-K-ALM;ALM-TTL-14D;ALM-PANEL-TEMP
2026-07-24T19:15:00+00:00,1805,1711,283.1,5.49,42.03,12.03,DSYA3_L2,61.56,2.884,230,61.56,2.884,0,,0,70,HYP-LOOSE-CONN,ALM-THR-TERM-WARN;ALM-K-WARN;ALM-K-ALM;ALM-TTL-14D;ALM-PANEL-TEMP
2026-07-24T19:30:00+00:00,1806,1734,285.6,5.45,41.82,11.86,DSYA3_L2,61.9,2.891,230,61.9,2.891,0,,0,70,HYP-LOOSE-CONN,ALM-THR-TERM-WARN;ALM-K-WARN;ALM-K-ALM;ALM-TTL-14D;ALM-PANEL-TEMP
2026-07-24T19:45:00+00:00,1807,1744,285.6,5.44,41.6,11.68,DSYA3_L2,62.54,2.898,229,62.54,2.898,0,,0,70,HYP-LOOSE-CONN,ALM-THR-TERM-WARN;ALM-K-WARN;ALM-K-ALM;ALM-TTL-14D;ALM-PANEL-TEMP
2026-07-24T20:00:00+00:00,1808,1764,285.7,5.4,41.38,11.5,DSYA3_L2,63.06,2.905,159,63.06,2.905,0,,0,70,HYP-LOOSE-CONN,ALM-THR-TERM-WARN;ALM-K-WARN;ALM-K-ALM;ALM-TTL-14D;ALM-PANEL-TEMP
2026-07-24T20:15:00+00:00,1809,1747,284.8,5.43,41.16,11.32,DSYA3_L2,63.54,2.91,135,63.54,2.91,0,,0,70,HYP-LOOSE-CONN,ALM-THR-TERM-WARN;ALM-K-WARN;ALM-K-ALM;ALM-TTL-14D;ALM-PANEL-TEMP
2026-07-24T20:30:00+00:00,1810,1712,281.6,5.49,40.93,11.14,DSYA3_L2,63.43,2.914,115,63.43,2.914,0,,0,70,HYP-LOOSE-CONN,ALM-THR-TERM-WARN;ALM-K-WARN;ALM-K-ALM;ALM-TTL-14D;ALM-PANEL-TEMP
2026-07-24T20:45:00+00:00,1811,1678,278,5.54,40.71,10.95,DSYA3_L2,61.86,2.91,134,61.86,2.91,0,,0,70,HYP-LOOSE-CONN,ALM-THR-TERM-WARN;ALM-K-WARN;ALM-K-ALM;ALM-TTL-14D;ALM-PANEL-TEMP
2026-07-24T21:00:00+00:00,1812,1644,276.2,5.6,40.48,10.77,DSYA3_L2,60.62,2.91,110,60.62,2.91,0,,0,70,HYP-LOOSE-CONN,ALM-THR-TERM-WARN;ALM-K-WARN;ALM-K-ALM;ALM-TTL-14D;ALM-PANEL-TEMP
2026-07-24T21:15:00+00:00,1813,1590,267.8,5.69,40.25,10.59,DSYA3_L2,59.25,2.909,86,59.25,2.909,0,,0,70,HYP-LOOSE-CONN,ALM-THR-TERM-WARN;ALM-K-WARN;ALM-K-ALM;ALM-TTL-14D;ALM-PANEL-TEMP
2026-07-24T21:30:00+00:00,1814,1533,260.8,5.78,40.02,10.42,DSYA3_L2,57.3,2.907,61,57.3,2.907,0,,0,70,HYP-LOOSE-CONN,ALM-THR-TERM-WARN;ALM-K-WARN;ALM-K-ALM;ALM-TTL-14D
2026-07-24T21:45:00+00:00,1815,1468,252.3,5.88,39.79,10.24,DSYA3_L2,54.42,2.901,59,54.42,2.901,0,,0,70,HYP-LOOSE-CONN,ALM-THR-TERM-WARN;ALM-K-WARN;ALM-K-ALM;ALM-TTL-14D
2026-07-24T22:00:00+00:00,1816,1404,241.9,5.98,39.57,10.08,DSYA3_L2,51.93,2.898,59,51.93,2.898,0,,0,70,HYP-LOOSE-CONN,ALM-THR-TERM-WARN;ALM-K-WARN;ALM-K-ALM;ALM-TTL-14D
2026-07-24T22:15:00+00:00,1817,1307,228,6.13,39.35,9.91,DSYA3_L2,49.71,2.897,58,49.71,2.897,0,,0,70,HYP-LOOSE-CONN,ALM-K-WARN;ALM-K-ALM;ALM-TTL-14D
2026-07-24T22:30:00+00:00,1818,1202,211.9,6.3,39.14,9.75,DSYA3_L2,46.46,2.893,45,46.46,2.893,0,,0,70,HYP-LOOSE-CONN,ALM-K-WARN;ALM-K-ALM;ALM-TTL-14D
2026-07-24T22:45:00+00:00,1819,1102,195.8,6.45,38.93,9.6,DSYA3_L2,43.16,2.891,20,43.16,2.891,0,,0,70,HYP-LOOSE-CONN,ALM-K-WARN;ALM-K-ALM;ALM-TTL-14D
2026-07-24T23:00:00+00:00,1820,1000,180.1,6.62,38.73,9.45,DSYA3_L2,39.44,2.888,11,39.44,2.888,0,,0,70,HYP-LOOSE-CONN,ALM-K-WARN;ALM-K-ALM;ALM-TTL-14D
2026-07-24T23:15:00+00:00,1821,920.2,167.6,6.74,38.53,9.31,DSYA3_L2,36.37,2.887,10,36.37,2.887,0,,0,70,HYP-LOOSE-CONN,ALM-K-WARN;ALM-K-ALM;ALM-TTL-14D
2026-07-24T23:30:00+00:00,1822,848,155.3,6.86,38.35,9.17,DSYA3_L2,33.74,2.888,9,33.74,2.888,0,,0,70,HYP-LOOSE-CONN,ALM-K-WARN;ALM-K-ALM;ALM-TTL-14D
2026-07-24T23:45:00+00:00,1823,770.4,143.6,6.98,38.17,9.05,DSYA3_L2,31.53,2.888,9,31.53,2.888,0,,0,70,HYP-LOOSE-CONN,ALM-K-WARN;ALM-K-ALM;ALM-TTL-14D
2026-07-25T00:00:00+00:00,1824,692.8,130.3,7.1,38.01,8.94,DSYA3_L2,28.94,2.888,8,28.94,2.888,0,,0,70,HYP-LOOSE-CONN,ALM-K-WARN;ALM-K-ALM;ALM-TTL-14D
2026-07-25T00:15:00+00:00,1825,675.5,127.6,7.13,37.86,8.83,DSYA3_L2,26.8,2.889,8,26.8,2.889,0,,0,70,HYP-LOOSE-CONN,ALM-K-WARN;ALM-K-ALM;ALM-TTL-14D
2026-07-25T00:30:00+00:00,1826,660.4,125,7.16,37.71,8.72,DSYA3_L2,25.37,2.89,7,25.37,2.89,0,,0,70,HYP-LOOSE-CONN,ALM-K-WARN;ALM-K-ALM;ALM-TTL-14D
2026-07-25T00:45:00+00:00,1827,645,122.1,7.18,37.58,8.63,DSYA3_L2,24.32,2.891,7,24.32,2.891,0,,0,70,HYP-LOOSE-CONN,ALM-K-WARN;ALM-K-ALM;ALM-TTL-14D
2026-07-25T01:00:00+00:00,1828,628,119.2,7.21,37.46,8.55,DSYA3_L2,23.57,2.893,7,23.57,2.893,0,,0,70,HYP-LOOSE-CONN,ALM-K-WARN;ALM-K-ALM;ALM-TTL-14D
2026-07-25T01:15:00+00:00,1829,607.8,115.5,7.24,37.35,8.47,DSYA3_L2,22.27,2.894,6,22.27,2.894,0,,0,70,HYP-LOOSE-CONN,ALM-K-WARN;ALM-K-ALM;ALM-TTL-14D
2026-07-25T01:30:00+00:00,1830,593.2,113.1,7.26,37.26,8.41,DSYA3_L2,21.64,2.895,6,21.64,2.895,0,,0,70,HYP-LOOSE-CONN,ALM-K-WARN;ALM-K-ALM;ALM-TTL-14D
2026-07-25T01:45:00+00:00,1831,579.8,111.1,7.28,37.18,8.35,DSYA3_L2,20.26,2.895,6,20.26,2.895,0,,0,70,HYP-LOOSE-CONN,ALM-K-WARN;ALM-K-ALM;ALM-TTL-14D
2026-07-25T02:00:00+00:00,1832,561.9,108.2,7.31,37.11,8.31,DSYA3_L2,19.43,2.896,5,19.43,2.896,0,,0,70,HYP-LOOSE-CONN,ALM-K-WARN;ALM-K-ALM;ALM-TTL-14D
2026-07-25T02:15:00+00:00,1833,555.2,107.3,7.32,37.06,8.27,DSYA3_L2,18.64,2.897,5,18.64,2.897,0,,0,70,HYP-LOOSE-CONN,ALM-K-WARN;ALM-K-ALM;ALM-TTL-14D
2026-07-25T02:30:00+00:00,1834,550,106.3,7.33,37.02,8.25,DSYA3_L2,18.13,2.898,5,18.13,2.898,0,,0,70,HYP-LOOSE-CONN,ALM-K-WARN;ALM-K-ALM;ALM-TTL-14D
2026-07-25T02:45:00+00:00,1835,543.8,105.1,7.34,37,8.23,DSYA3_L2,17.61,2.899,5,17.61,2.899,0,,0,70,HYP-LOOSE-CONN,ALM-K-WARN;ALM-K-ALM;ALM-TTL-14D
2026-07-25T03:00:00+00:00,1836,539.2,105.3,7.35,36.99,8.23,DSYA3_L2,16.98,2.899,4,16.98,2.899,0,,0,70,HYP-LOOSE-CONN,ALM-K-WARN;ALM-K-ALM;ALM-TTL-14D
2026-07-25T03:15:00+00:00,1837,539.3,104.9,7.35,37,8.23,DSYA3_L2,15.62,2.899,4,15.62,2.899,0,,0,70,HYP-LOOSE-CONN,ALM-K-WARN;ALM-K-ALM;ALM-TTL-14D
2026-07-25T03:30:00+00:00,1838,538.7,104.4,7.35,37.02,8.25,DSYA3_L2,15.71,2.9,4,15.71,2.9,0,,0,70,HYP-LOOSE-CONN,ALM-K-WARN;ALM-K-ALM;ALM-TTL-14D
2026-07-25T03:45:00+00:00,1839,534.9,103.7,7.36,37.06,8.27,DSYA3_L2,15.22,2.901,3,15.22,2.901,0,,0,70,HYP-LOOSE-CONN,ALM-K-WARN;ALM-K-ALM;ALM-TTL-14D
2026-07-25T04:00:00+00:00,1840,529,102.3,7.37,37.11,8.31,DSYA3_L2,14.76,2.901,3,14.76,2.901,0,,0,70,HYP-LOOSE-CONN,ALM-K-WARN;ALM-K-ALM;ALM-TTL-14D
2026-07-25T04:15:00+00:00,1841,534.8,103.5,7.36,37.18,8.35,DSYA3_L2,14.3,2.902,3,14.3,2.902,0,,0,70,HYP-LOOSE-CONN,ALM-K-WARN;ALM-K-ALM;ALM-TTL-14D
2026-07-25T04:30:00+00:00,1842,534.6,103.9,7.36,37.26,8.41,DSYA3_L2,14.17,2.903,3,14.17,2.903,0,,0,70,HYP-LOOSE-CONN,ALM-K-WARN;ALM-K-ALM;ALM-TTL-14D
2026-07-25T04:45:00+00:00,1843,535.1,104,7.36,37.35,8.47,DSYA3_L2,13.42,2.903,2,13.42,2.903,0,,0,70,HYP-LOOSE-CONN,ALM-K-WARN;ALM-K-ALM;ALM-TTL-14D
2026-07-25T05:00:00+00:00,1844,536.8,104,7.35,37.46,8.55,DSYA3_L2,12.93,2.903,2,12.93,2.903,0,,0,70,HYP-LOOSE-CONN,ALM-K-WARN;ALM-K-ALM;ALM-TTL-14D
2026-07-25T05:15:00+00:00,1845,555.4,107.8,7.33,37.58,8.63,DSYA3_L2,12.22,2.903,2,12.22,2.903,0,,0,70,HYP-LOOSE-CONN,ALM-K-WARN;ALM-K-ALM;ALM-TTL-14D
2026-07-25T05:30:00+00:00,1846,574.5,111.7,7.3,37.71,8.72,DSYA3_L2,12.72,2.904,2,12.72,2.904,0,,0,70,HYP-LOOSE-CONN,ALM-K-WARN;ALM-K-ALM;ALM-TTL-14D
2026-07-25T05:45:00+00:00,1847,594.2,115.5,7.27,37.86,8.83,DSYA3_L2,12.39,2.905,2,12.39,2.905,0,,0,70,HYP-LOOSE-CONN,ALM-K-WARN;ALM-K-ALM;ALM-TTL-14D
2026-07-25T06:00:00+00:00,1848,609.2,117.9,7.24,38.01,8.94,DSYA3_L2,12.38,2.905,2,12.38,2.905,0,,0,70,HYP-LOOSE-CONN,ALM-K-WARN;ALM-K-ALM;ALM-TTL-14D
2026-07-25T06:15:00+00:00,1849,648.3,124.9,7.18,38.18,9.06,DSYA3_L2,12.21,2.906,2,12.21,2.906,0,,0,70,HYP-LOOSE-CONN,ALM-K-WARN;ALM-K-ALM;ALM-TTL-14D
2026-07-25T06:30:00+00:00,1850,689.6,132.5,7.11,38.36,9.18,DSYA3_L2,12.37,2.906,2,12.37,2.906,0,,0,70,HYP-LOOSE-CONN,ALM-K-WARN;ALM-K-ALM;ALM-TTL-14D
2026-07-25T06:45:00+00:00,1851,730.9,140.1,7.05,38.55,9.32,DSYA3_L2,12.91,2.908,2,12.91,2.908,0,,0,70,HYP-LOOSE-CONN,ALM-K-WARN;ALM-K-ALM;ALM-TTL-14D
2026-07-25T07:00:00+00:00,1852,776.6,148.2,6.98,38.74,9.46,DSYA3_L2,13.47,2.909,2,13.47,2.909,0,,0,70,HYP-LOOSE-CONN,ALM-K-WARN;ALM-K-ALM;ALM-TTL-14D
2026-07-25T07:15:00+00:00,1853,844,160.9,6.87,38.94,9.61,DSYA3_L2,14.08,2.91,2,14.08,2.91,0,,0,70,HYP-LOOSE-CONN,ALM-K-WARN;ALM-K-ALM;ALM-TTL-14D
2026-07-25T07:30:00+00:00,1854,904.9,171.3,6.78,39.15,9.76,DSYA3_L2,15.11,2.912,2,15.11,2.912,0,,0,70,HYP-LOOSE-CONN,ALM-K-WARN;ALM-K-ALM;ALM-TTL-14D
2026-07-25T07:45:00+00:00,1855,974.4,183.6,6.67,39.36,9.92,DSYA3_L2,16.39,2.914,2,16.39,2.914,0,,0,70,HYP-LOOSE-CONN,ALM-K-WARN;ALM-K-ALM;ALM-TTL-14D
2026-07-25T08:00:00+00:00,1856,1045,196.5,6.56,39.58,10.08,DSYA3_L2,17.56,2.917,11,17.56,2.917,0,,0,70,HYP-LOOSE-CONN,ALM-K-WARN;ALM-K-ALM;ALM-TTL-14D
2026-07-25T08:15:00+00:00,1857,1107,206.3,6.46,39.81,10.25,DSYA3_L2,19.21,2.92,11,19.21,2.92,0,,0,70,HYP-LOOSE-CONN,ALM-K-WARN;ALM-K-ALM;ALM-TTL-14D
2026-07-25T08:30:00+00:00,1858,1166,215.1,6.37,40.03,10.43,DSYA3_L2,20.56,2.923,11,20.56,2.923,0,,0,70,HYP-LOOSE-CONN,ALM-K-WARN;ALM-K-ALM;ALM-TTL-14D
2026-07-25T08:45:00+00:00,1859,1222,222.7,6.28,40.26,10.6,DSYA3_L2,22.51,2.927,47,22.51,2.927,0,,0,70,HYP-LOOSE-CONN,ALM-K-WARN;ALM-K-ALM;ALM-TTL-14D
2026-07-25T09:00:00+00:00,1860,1279,231.3,6.19,40.49,10.78,DSYA3_L2,24.34,2.932,47,24.34,2.932,0,,0,70,HYP-LOOSE-CONN,ALM-K-WARN;ALM-K-ALM;ALM-TTL-14D
2026-07-25T09:15:00+00:00,1861,1309,235.7,6.14,40.72,10.96,DSYA3_L2,25.84,2.935,47,25.84,2.935,0,,0,70,HYP-LOOSE-CONN,ALM-K-WARN;ALM-K-ALM;ALM-TTL-14D
2026-07-25T09:30:00+00:00,1862,1335,239.4,6.1,40.95,11.15,DSYA3_L2,27.34,2.938,47,27.34,2.938,0,,0,70,HYP-LOOSE-CONN,ALM-K-WARN;ALM-K-ALM;ALM-TTL-14D
2026-07-25T09:45:00+00:00,1863,1366,245.6,6.05,41.17,11.33,DSYA3_L2,28.67,2.941,47,28.67,2.941,0,,0,70,HYP-LOOSE-CONN,ALM-K-WARN;ALM-K-ALM;ALM-TTL-14D
2026-07-25T10:00:00+00:00,1864,1378,245.9,6.03,41.4,11.51,DSYA3_L2,29.76,2.942,47,29.76,2.942,0,,0,70,HYP-LOOSE-CONN,ALM-K-WARN;ALM-K-ALM;ALM-TTL-14D;ALM-PANEL-TEMP
2026-07-25T10:15:00+00:00,1865,1381,245.7,6.03,41.62,11.69,DSYA3_L2,30.95,2.945,47,30.95,2.945,0,,0,70,HYP-LOOSE-CONN,ALM-K-WARN;ALM-K-ALM;ALM-TTL-14D;ALM-PANEL-TEMP
2026-07-25T10:30:00+00:00,1866,1379,245.7,6.03,41.83,11.87,DSYA3_L2,31.31,2.944,46,31.31,2.944,0,,0,70,HYP-LOOSE-CONN,ALM-K-WARN;ALM-K-ALM;ALM-TTL-14D;ALM-PANEL-TEMP
2026-07-25T10:45:00+00:00,1867,1375,246.1,6.04,42.04,12.04,DSYA3_L2,31.61,2.943,46,31.61,2.943,0,,0,70,HYP-LOOSE-CONN,ALM-K-WARN;ALM-K-ALM;ALM-TTL-14D;ALM-PANEL-TEMP
2026-07-25T11:00:00+00:00,1868,1372,245.3,6.04,42.24,12.22,DSYA3_L2,31.46,2.941,46,31.46,2.941,0,,0,70,HYP-LOOSE-CONN,ALM-K-WARN;ALM-K-ALM;ALM-TTL-14D;ALM-PANEL-TEMP
2026-07-25T11:15:00+00:00,1869,1362,244.6,6.06,42.43,12.38,DSYA3_L2,32.22,2.942,46,32.22,2.942,0,,0,70,HYP-LOOSE-CONN,ALM-K-WARN;ALM-K-ALM;ALM-TTL-14D;ALM-PANEL-TEMP
2026-07-25T11:30:00+00:00,1870,1351,241.8,6.08,42.62,12.54,DSYA3_L2,31.74,2.939,45,31.74,2.939,0,,0,70,HYP-LOOSE-CONN,ALM-K-WARN;ALM-K-ALM;ALM-TTL-14D;ALM-PANEL-TEMP
2026-07-25T11:45:00+00:00,1871,1351,242.2,6.08,42.8,12.7,DSYA3_L2,31.3,2.936,45,31.3,2.936,0,,0,70,HYP-LOOSE-CONN,ALM-K-WARN;ALM-K-ALM;ALM-TTL-14D;ALM-PANEL-TEMP
2026-07-25T12:00:00+00:00,1872,1345,241.4,6.09,42.97,12.84,DSYA3_L2,32.18,2.939,45,32.18,2.939,0,,0,70,HYP-LOOSE-CONN,ALM-K-WARN;ALM-K-ALM;ALM-TTL-14D;ALM-PANEL-TEMP
2026-07-25T12:15:00+00:00,1873,1329,238.5,6.11,43.12,12.98,DSYA3_L2,32.68,2.94,44,32.68,2.94,0,,0,70,HYP-LOOSE-CONN,ALM-K-WARN;ALM-K-ALM;ALM-TTL-14D;ALM-PANEL-TEMP
2026-07-25T12:30:00+00:00,1874,1303,234.3,6.15,43.27,13.11,DSYA3_L2,31.76,2.936,44,31.76,2.936,0,,0,70,HYP-LOOSE-CONN,ALM-K-WARN;ALM-K-ALM;ALM-TTL-14D;ALM-PANEL-TEMP
2026-07-25T12:45:00+00:00,1875,1292,233.1,6.17,43.4,13.23,DSYA3_L2,31.19,2.934,44,31.19,2.934,0,,0,70,HYP-LOOSE-CONN,ALM-K-WARN;ALM-K-ALM;ALM-TTL-14D;ALM-PANEL-TEMP
2026-07-25T13:00:00+00:00,1876,1272,229.2,6.2,43.52,13.34,DSYA3_L2,31.46,2.935,43,31.46,2.935,0,,0,70,HYP-LOOSE-CONN,ALM-K-WARN;ALM-K-ALM;ALM-TTL-14D;ALM-PANEL-TEMP
2026-07-25T13:15:00+00:00,1877,1263,226.6,6.21,43.63,13.44,DSYA3_L2,30.61,2.932,43,30.61,2.932,0,,0,70,HYP-LOOSE-CONN,ALM-K-WARN;ALM-K-ALM;ALM-TTL-14D;ALM-PANEL-TEMP
2026-07-25T13:30:00+00:00,1878,1238,221.6,6.25,43.72,13.52,DSYA3_L2,30.52,2.932,43,30.52,2.932,0,,0,70,HYP-LOOSE-CONN,ALM-K-WARN;ALM-K-ALM;ALM-TTL-14D;ALM-PANEL-TEMP
2026-07-25T13:45:00+00:00,1879,1219,219,6.28,43.8,13.6,DSYA3_L2,30.01,2.931,43,30.01,2.931,0,,0,70,HYP-LOOSE-CONN,ALM-K-WARN;ALM-K-ALM;ALM-TTL-14D;ALM-PANEL-TEMP
2026-07-25T14:00:00+00:00,1880,1202,216.2,6.3,43.87,13.66,DSYA3_L2,29.56,2.93,42,29.56,2.93,0,,0,70,HYP-LOOSE-CONN,ALM-K-WARN;ALM-K-ALM;ALM-TTL-14D;ALM-PANEL-TEMP
2026-07-25T14:15:00+00:00,1881,1199,215.8,6.31,43.92,13.71,DSYA3_L2,29.4,2.931,42,29.4,2.931,0,,0,70,HYP-LOOSE-CONN,ALM-K-WARN;ALM-K-ALM;ALM-TTL-14D;ALM-PANEL-TEMP
2026-07-25T14:30:00+00:00,1882,1186,213,6.33,43.96,13.74,DSYA3_L2,29,2.93,42,29,2.93,0,,0,70,HYP-LOOSE-CONN,ALM-K-WARN;ALM-K-ALM;ALM-TTL-14D;ALM-PANEL-TEMP
2026-07-25T14:45:00+00:00,1883,1167,209.5,6.36,43.98,13.76,DSYA3_L2,28.54,2.93,41,28.54,2.93,0,,0,70,HYP-LOOSE-CONN,ALM-K-WARN;ALM-K-ALM;ALM-TTL-14D;ALM-PANEL-TEMP
2026-07-25T15:00:00+00:00,1884,1153,206.8,6.38,43.99,13.77,DSYA3_L2,27.97,2.929,5,27.97,2.929,0,,0,70,HYP-LOOSE-CONN,ALM-K-WARN;ALM-K-ALM;ALM-TTL-14D;ALM-PANEL-TEMP
2026-07-25T15:15:00+00:00,1885,1150,207.2,6.39,43.98,13.76,DSYA3_L2,27.69,2.929,29,27.69,2.929,0,,0,70,HYP-LOOSE-CONN,ALM-K-WARN;ALM-K-ALM;ALM-TTL-14D;ALM-PANEL-TEMP
2026-07-25T15:30:00+00:00,1886,1148,205.4,6.39,43.96,13.74,DSYA3_L2,27.38,2.929,41,27.38,2.929,0,,0,70,HYP-LOOSE-CONN,ALM-K-WARN;ALM-K-ALM;ALM-TTL-14D;ALM-PANEL-TEMP
2026-07-25T15:45:00+00:00,1887,1152,206.3,6.38,43.92,13.71,DSYA3_L2,27.28,2.93,40,27.28,2.93,0,,0,70,HYP-LOOSE-CONN,ALM-K-WARN;ALM-K-ALM;ALM-TTL-14D;ALM-PANEL-TEMP
2026-07-25T16:00:00+00:00,1888,1157,207.5,6.37,43.87,13.66,DSYA3_L2,27.66,2.933,4,27.66,2.933,0,,0,70,HYP-LOOSE-CONN,ALM-K-WARN;ALM-K-ALM;ALM-TTL-14D;ALM-PANEL-TEMP
2026-07-25T16:15:00+00:00,1889,1166,209.3,6.36,43.8,13.6,DSYA3_L2,27.45,2.933,40,27.45,2.933,0,,0,70,HYP-LOOSE-CONN,ALM-K-WARN;ALM-K-ALM;ALM-TTL-14D;ALM-PANEL-TEMP
2026-07-25T16:30:00+00:00,1890,1176,210.9,6.34,43.72,13.52,DSYA3_L2,27.59,2.935,40,27.59,2.935,0,,0,70,HYP-LOOSE-CONN,ALM-K-WARN;ALM-K-ALM;ALM-TTL-14D;ALM-PANEL-TEMP
2026-07-25T16:45:00+00:00,1891,1195,213.8,6.31,43.63,13.44,DSYA3_L2,27.87,2.937,40,27.87,2.937,0,,0,70,HYP-LOOSE-CONN,ALM-K-WARN;ALM-K-ALM;ALM-TTL-14D;ALM-PANEL-TEMP
2026-07-25T17:00:00+00:00,1892,1207,216.2,6.3,43.52,13.34,DSYA3_L2,28.46,2.939,39,28.46,2.939,0,,0,70,HYP-LOOSE-CONN,ALM-K-WARN;ALM-K-ALM;ALM-TTL-14D;ALM-PANEL-TEMP
2026-07-25T17:15:00+00:00,1893,1245,221.4,6.23,43.4,13.23,DSYA3_L2,28.83,2.942,39,28.83,2.942,0,,0,70,HYP-LOOSE-CONN,ALM-K-WARN;ALM-K-ALM;ALM-TTL-14D;ALM-PANEL-TEMP
2026-07-25T17:30:00+00:00,1894,1292,227.3,6.16,43.27,13.11,DSYA3_L2,29.5,2.945,39,29.5,2.945,0,,0,70,HYP-LOOSE-CONN,ALM-K-WARN;ALM-K-ALM;ALM-TTL-14D;ALM-PANEL-TEMP
2026-07-25T17:45:00+00:00,1895,1335,233.3,6.09,43.12,12.98,DSYA3_L2,31.12,2.951,39,31.12,2.951,0,,0,70,HYP-LOOSE-CONN,ALM-K-WARN;ALM-K-ALM;ALM-TTL-14D;ALM-PANEL-TEMP
2026-07-25T18:00:00+00:00,1896,1374,239.8,6.03,42.97,12.84,DSYA3_L2,31.98,2.954,39,31.98,2.954,0,,0,70,HYP-LOOSE-CONN,ALM-K-WARN;ALM-K-ALM;ALM-TTL-14D;ALM-PANEL-TEMP
2026-07-25T18:15:00+00:00,1897,1412,247.6,5.97,42.8,12.7,DSYA3_L2,33.92,2.962,39,33.92,2.962,0,,0,70,HYP-LOOSE-CONN,ALM-K-WARN;ALM-K-ALM;ALM-TTL-14D;ALM-PANEL-TEMP
2026-07-25T18:30:00+00:00,1898,1452,252.7,5.91,42.62,12.54,DSYA3_L2,35.01,2.965,41,35.01,2.965,0,,0,70,HYP-LOOSE-CONN,ALM-K-WARN;ALM-K-ALM;ALM-TTL-14D;ALM-PANEL-TEMP
2026-07-25T18:45:00+00:00,1899,1484,258.6,5.86,42.43,12.38,DSYA3_L2,36.5,2.971,64,36.5,2.971,0,,0,70,HYP-LOOSE-CONN,ALM-K-WARN;ALM-K-ALM;ALM-TTL-14D;ALM-PANEL-TEMP
2026-07-25T19:00:00+00:00,1900,1516,263,5.81,42.24,12.22,DSYA3_L2,38.18,2.977,62,38.18,2.977,0,,0,70,HYP-LOOSE-CONN,ALM-K-WARN;ALM-K-ALM;ALM-TTL-14D;ALM-PANEL-TEMP
2026-07-25T19:15:00+00:00,1901,1527,263.3,5.79,42.04,12.04,DSYA3_L2,39.34,2.98,68,39.34,2.98,0,,0,70,HYP-LOOSE-CONN,ALM-K-WARN;ALM-K-ALM;ALM-TTL-14D;ALM-PANEL-TEMP
2026-07-25T19:30:00+00:00,1902,1550,267.2,5.76,41.83,11.87,DSYA3_L2,40.09,2.981,88,40.09,2.981,0,,0,70,HYP-LOOSE-CONN,ALM-K-WARN;ALM-K-ALM;ALM-TTL-14D;ALM-PANEL-TEMP
2026-07-25T19:45:00+00:00,1903,1579,269,5.71,41.62,11.69,DSYA3_L2,41.49,2.986,88,41.49,2.986,0,,0,70,HYP-LOOSE-CONN,ALM-K-WARN;ALM-K-ALM;ALM-TTL-14D;ALM-PANEL-TEMP
2026-07-25T20:00:00+00:00,1904,1603,271.6,5.67,41.4,11.51,DSYA3_L2,42.81,2.99,91,42.81,2.99,0,,0,70,HYP-LOOSE-CONN,ALM-K-WARN;ALM-K-ALM;ALM-TTL-14D;ALM-PANEL-TEMP
2026-07-25T20:15:00+00:00,1905,1596,271.4,5.68,41.17,11.33,DSYA3_L2,44.26,2.994,85,44.26,2.994,0,,0,70,HYP-LOOSE-CONN,ALM-K-WARN;ALM-K-ALM;ALM-TTL-14D;ALM-PANEL-TEMP
2026-07-25T20:30:00+00:00,1906,1575,267.4,5.71,40.95,11.15,DSYA3_L2,44.52,2.993,85,44.52,2.993,0,,0,70,HYP-LOOSE-CONN,ALM-K-WARN;ALM-K-ALM;ALM-TTL-14D;ALM-PANEL-TEMP
2026-07-25T20:45:00+00:00,1907,1551,263.7,5.75,40.72,10.96,DSYA3_L2,44.1,2.987,86,44.1,2.987,0,,0,70,HYP-LOOSE-CONN,ALM-K-WARN;ALM-K-ALM;ALM-TTL-14D;ALM-PANEL-TEMP
2026-07-25T21:00:00+00:00,1908,1525,261.6,5.79,40.49,10.78,DSYA3_L2,44.09,2.986,66,44.09,2.986,0,,0,70,HYP-LOOSE-CONN,ALM-K-WARN;ALM-K-ALM;ALM-TTL-14D;ALM-PANEL-TEMP
2026-07-25T21:15:00+00:00,1909,1489,254.8,5.85,40.26,10.6,DSYA3_L2,43.34,2.98,62,43.34,2.98,0,,0,70,HYP-LOOSE-CONN,ALM-K-WARN;ALM-K-ALM;ALM-TTL-14D
2026-07-25T21:30:00+00:00,1910,1455,249.7,5.9,40.03,10.43,DSYA3_L2,42.19,2.974,38,42.19,2.974,0,,0,70,HYP-LOOSE-CONN,ALM-K-WARN;ALM-K-ALM;ALM-TTL-14D
2026-07-25T21:45:00+00:00,1911,1404,240.5,5.98,39.81,10.25,DSYA3_L2,40.75,2.966,36,40.75,2.966,0,,0,70,HYP-LOOSE-CONN,ALM-K-WARN;ALM-K-ALM;ALM-TTL-14D
2026-07-25T22:00:00+00:00,1912,1374,235,6.02,39.58,10.08,DSYA3_L2,40.17,2.965,35,40.17,2.965,0,,0,70,HYP-LOOSE-CONN,ALM-K-WARN;ALM-K-ALM;ALM-TTL-14D
2026-07-25T22:15:00+00:00,1913,1295,223.9,6.15,39.36,9.92,DSYA3_L2,38.27,2.956,,38.27,2.956,0,,0,40,HYP-LOOSE-CONN,ALM-K-WARN;ALM-K-ALM
2026-07-25T22:30:00+00:00,1914,1216,212.5,6.27,39.15,9.76,DSYA3_L2,36.45,2.95,,36.45,2.95,0,,0,50,HYP-LOOSE-CONN,ALM-K-WARN;ALM-K-ALM
2026-07-25T22:45:00+00:00,1915,1142,202.1,6.39,38.94,9.61,DSYA3_L2,34.13,2.944,,34.13,2.944,0,,0,50,HYP-LOOSE-CONN,ALM-K-WARN;ALM-K-ALM
2026-07-25T23:00:00+00:00,1916,1066,190,6.51,38.74,9.46,DSYA3_L2,32.17,2.94,,32.17,2.94,0,,0,40,HYP-LOOSE-CONN,ALM-K-WARN;ALM-K-ALM
2026-07-25T23:15:00+00:00,1917,969.7,173.6,6.66,38.55,9.32,DSYA3_L2,29.75,2.936,,29.75,2.936,0,,0,40,HYP-LOOSE-CONN,ALM-K-WARN;ALM-K-ALM
2026-07-25T23:30:00+00:00,1918,875.4,158.2,6.81,38.36,9.18,DSYA3_L2,26.91,2.932,,26.91,2.932,0,,0,40,HYP-LOOSE-CONN,ALM-K-WARN;ALM-K-ALM
2026-07-25T23:45:00+00:00,1919,786.9,144.1,6.95,38.18,9.06,DSYA3_L2,24.75,2.93,,24.75,2.93,0,,0,40,HYP-LOOSE-CONN,ALM-K-WARN;ALM-K-ALM
2026-07-26T00:00:00+00:00,1920,695.5,128.7,7.1,38.02,8.94,DSYA3_L2,22.93,2.93,,22.93,2.93,0,,0,40,HYP-LOOSE-CONN,ALM-K-WARN;ALM-K-ALM
2026-07-26T00:15:00+00:00,1921,681.4,126.4,7.12,37.87,8.83,DSYA3_L2,20.44,2.928,,20.44,2.928,0,,0,40,HYP-LOOSE-CONN,ALM-K-WARN;ALM-K-ALM
2026-07-26T00:30:00+00:00,1922,657.9,121.5,7.15,37.72,8.73,DSYA3_L2,19.87,2.93,,19.87,2.93,0,,0,40,HYP-LOOSE-CONN,ALM-K-WARN;ALM-K-ALM
2026-07-26T00:45:00+00:00,1923,632.3,116.9,7.2,37.59,8.64,DSYA3_L2,18.47,2.93,,18.47,2.93,0,,0,50,HYP-LOOSE-CONN,ALM-K-WARN;ALM-K-ALM
2026-07-26T01:00:00+00:00,1924,610.9,112.9,7.23,37.47,8.55,DSYA3_L2,17.78,2.931,,17.78,2.931,0,,0,50,HYP-LOOSE-CONN,ALM-K-WARN;ALM-K-ALM
2026-07-26T01:15:00+00:00,1925,597.4,111,7.25,37.36,8.48,DSYA3_L2,17.14,2.932,,17.14,2.932,0,,0,50,HYP-LOOSE-CONN,ALM-K-WARN;ALM-K-ALM
2026-07-26T01:30:00+00:00,1926,582.8,107.9,7.27,37.26,8.41,DSYA3_L2,16.31,2.933,,16.31,2.933,0,,0,50,HYP-LOOSE-CONN,ALM-K-WARN;ALM-K-ALM
2026-07-26T01:45:00+00:00,1927,569.3,105.8,7.29,37.18,8.36,DSYA3_L2,15.84,2.934,,15.84,2.934,0,,0,50,HYP-LOOSE-CONN,ALM-K-WARN;ALM-K-ALM
2026-07-26T02:00:00+00:00,1928,556.8,104.2,7.32,37.12,8.31,DSYA3_L2,14.86,2.934,,14.86,2.934,0,,0,50,HYP-LOOSE-CONN,ALM-K-WARN;ALM-K-ALM
2026-07-26T02:15:00+00:00,1929,549.8,103.2,7.33,37.06,8.28,DSYA3_L2,14.55,2.935,,14.55,2.935,0,,0,50,HYP-LOOSE-CONN,ALM-K-WARN;ALM-K-ALM
2026-07-26T02:30:00+00:00,1930,540.6,101.4,7.34,37.03,8.25,DSYA3_L2,14.09,2.936,,14.09,2.936,0,,0,50,HYP-LOOSE-CONN,ALM-K-WARN;ALM-K-ALM
2026-07-26T02:45:00+00:00,1931,530.9,99.2,7.36,37,8.24,DSYA3_L2,13.72,2.937,,13.72,2.937,0,,0,50,HYP-LOOSE-CONN,ALM-K-WARN;ALM-K-ALM
2026-07-26T03:00:00+00:00,1932,528.5,98.7,7.36,37,8.23,DSYA3_L2,13.19,2.938,,13.19,2.938,0,,0,50,HYP-LOOSE-CONN,ALM-K-WARN;ALM-K-ALM
2026-07-26T03:15:00+00:00,1933,522.5,97.5,7.37,37,8.24,DSYA3_L2,12.33,2.938,,12.33,2.938,0,,0,50,HYP-LOOSE-CONN,ALM-K-WARN;ALM-K-ALM
2026-07-26T03:30:00+00:00,1934,519.5,97.3,7.37,37.03,8.25,DSYA3_L2,12.35,2.939,,12.35,2.939,0,,0,50,HYP-LOOSE-CONN,ALM-K-WARN;ALM-K-ALM
2026-07-26T03:45:00+00:00,1935,510.1,95.9,7.39,37.06,8.28,DSYA3_L2,12.02,2.939,,12.02,2.939,0,,0,50,HYP-LOOSE-CONN,ALM-K-WARN;ALM-K-ALM
2026-07-26T04:00:00+00:00,1936,508.7,95.5,7.39,37.12,8.31,DSYA3_L2,11.37,2.94,,11.37,2.94,0,,0,50,HYP-LOOSE-CONN,ALM-K-WARN;ALM-K-ALM
2026-07-26T04:15:00+00:00,1937,509.2,95.7,7.39,37.18,8.36,DSYA3_L2,11.14,2.94,,11.14,2.94,0,,0,50,HYP-LOOSE-CONN,ALM-K-WARN;ALM-K-ALM
2026-07-26T04:30:00+00:00,1938,514.3,96,7.38,37.26,8.41,DSYA3_L2,10.74,2.941,4,10.74,2.941,0,,0,70,HYP-LOOSE-CONN,ALM-K-WARN;ALM-K-ALM;ALM-TTL-14D
2026-07-26T04:45:00+00:00,1939,518.5,97.7,7.38,37.36,8.48,DSYA3_L2,10.49,2.941,4,10.49,2.941,0,,0,70,HYP-LOOSE-CONN,ALM-K-WARN;ALM-K-ALM;ALM-TTL-14D
2026-07-26T05:00:00+00:00,1940,520.3,98.2,7.37,37.47,8.55,DSYA3_L2,10.42,2.942,4,10.42,2.942,0,,0,70,HYP-LOOSE-CONN,ALM-K-WARN;ALM-K-ALM;ALM-TTL-14D
2026-07-26T05:15:00+00:00,1941,535.9,101.2,7.35,37.59,8.64,DSYA3_L2,10.08,2.942,4,10.08,2.942,0,,0,70,HYP-LOOSE-CONN,ALM-K-WARN;ALM-K-ALM;ALM-TTL-14D
2026-07-26T05:30:00+00:00,1942,551.4,103.9,7.33,37.72,8.73,DSYA3_L2,9.97,2.943,2,9.97,2.943,0,,0,70,HYP-LOOSE-CONN,ALM-K-WARN;ALM-K-ALM;ALM-TTL-14D
2026-07-26T05:45:00+00:00,1943,568.8,106.7,7.3,37.87,8.83,DSYA3_L2,10.27,2.944,2,10.27,2.944,0,,0,70,HYP-LOOSE-CONN,ALM-K-WARN;ALM-K-ALM;ALM-TTL-14D
2026-07-26T06:00:00+00:00,1944,585.2,109.8,7.27,38.02,8.94,DSYA3_L2,10.09,2.944,2,10.09,2.944,0,,0,70,HYP-LOOSE-CONN,ALM-K-WARN;ALM-K-ALM;ALM-TTL-14D
2026-07-26T06:15:00+00:00,1945,629,118.4,7.2,38.19,9.06,DSYA3_L2,10.19,2.945,2,10.19,2.945,0,,0,70,HYP-LOOSE-CONN,ALM-K-WARN;ALM-K-ALM;ALM-TTL-14D
2026-07-26T06:30:00+00:00,1946,662.3,123.9,7.15,38.37,9.19,DSYA3_L2,10.68,2.946,2,10.68,2.946,0,,0,70,HYP-LOOSE-CONN,ALM-K-WARN;ALM-K-ALM;ALM-TTL-14D
2026-07-26T06:45:00+00:00,1947,700.5,130.3,7.09,38.55,9.32,DSYA3_L2,10.52,2.946,2,10.52,2.946,0,,0,70,HYP-LOOSE-CONN,ALM-K-WARN;ALM-K-ALM;ALM-TTL-14D
2026-07-26T07:00:00+00:00,1948,744,137.7,7.02,38.75,9.46,DSYA3_L2,11.46,2.949,2,11.46,2.949,0,,0,70,HYP-LOOSE-CONN,ALM-K-WARN;ALM-K-ALM;ALM-TTL-14D
2026-07-26T07:15:00+00:00,1949,809.6,148.9,6.92,38.95,9.61,DSYA3_L2,12.19,2.95,2,12.19,2.95,0,,0,70,HYP-LOOSE-CONN,ALM-K-WARN;ALM-K-ALM;ALM-TTL-14D
2026-07-26T07:30:00+00:00,1950,872.6,158.8,6.82,39.16,9.77,DSYA3_L2,12.99,2.952,2,12.99,2.952,0,,0,70,HYP-LOOSE-CONN,ALM-K-WARN;ALM-K-ALM;ALM-TTL-14D
2026-07-26T07:45:00+00:00,1951,941.6,171.3,6.71,39.37,9.93,DSYA3_L2,13.74,2.954,2,13.74,2.954,0,,0,70,HYP-LOOSE-CONN,ALM-K-WARN;ALM-K-ALM;ALM-TTL-14D
2026-07-26T08:00:00+00:00,1952,999.3,178.9,6.62,39.59,10.09,DSYA3_L2,15.56,2.959,11,15.56,2.959,0,,0,70,HYP-LOOSE-CONN,ALM-K-WARN;ALM-K-ALM;ALM-TTL-14D
2026-07-26T08:15:00+00:00,1953,1058,188.4,6.52,39.81,10.26,DSYA3_L2,17.04,2.963,11,17.04,2.963,0,,0,70,HYP-LOOSE-CONN,ALM-K-WARN;ALM-K-ALM;ALM-TTL-14D
2026-07-26T08:30:00+00:00,1954,1111,198.6,6.44,40.04,10.43,DSYA3_L2,18.34,2.966,11,18.34,2.966,0,,0,70,HYP-LOOSE-CONN,ALM-K-WARN;ALM-K-ALM;ALM-TTL-14D
2026-07-26T08:45:00+00:00,1955,1177,210.5,6.34,40.27,10.61,DSYA3_L2,20.11,2.971,23,20.11,2.971,0,,0,70,HYP-LOOSE-CONN,ALM-K-WARN;ALM-K-ALM;ALM-TTL-14D
2026-07-26T09:00:00+00:00,1956,1232,217.8,6.25,40.5,10.79,DSYA3_L2,21.56,2.975,23,21.56,2.975,0,,0,70,HYP-LOOSE-CONN,ALM-K-WARN;ALM-K-ALM;ALM-TTL-14D
2026-07-26T09:15:00+00:00,1957,1261,221.9,6.21,40.73,10.97,DSYA3_L2,23.85,2.983,23,23.85,2.983,0,,0,70,HYP-LOOSE-CONN,ALM-K-WARN;ALM-K-ALM;ALM-TTL-14D
2026-07-26T09:30:00+00:00,1958,1289,226,6.16,40.95,11.15,DSYA3_L2,25.07,2.985,23,25.07,2.985,0,,0,70,HYP-LOOSE-CONN,ALM-K-WARN;ALM-K-ALM;ALM-TTL-14D
2026-07-26T09:45:00+00:00,1959,1316,229,6.12,41.18,11.33,DSYA3_L2,26.55,2.989,23,26.55,2.989,0,,0,70,HYP-LOOSE-CONN,ALM-K-WARN;ALM-K-ALM;ALM-TTL-14D
2026-07-26T10:00:00+00:00,1960,1344,234.8,6.08,41.4,11.52,DSYA3_L2,27.95,2.992,23,27.95,2.992,0,,0,70,HYP-LOOSE-CONN,ALM-K-WARN;ALM-K-ALM;ALM-TTL-14D
2026-07-26T10:15:00+00:00,1961,1338,234.6,6.09,41.62,11.7,DSYA3_L2,28.55,2.991,23,28.55,2.991,0,,0,70,HYP-LOOSE-CONN,ALM-K-WARN;ALM-K-ALM;ALM-TTL-14D;ALM-PANEL-TEMP
2026-07-26T10:30:00+00:00,1962,1352,237.2,6.07,41.84,11.88,DSYA3_L2,28.9,2.989,22,28.9,2.989,0,,0,70,HYP-LOOSE-CONN,ALM-K-WARN;ALM-K-ALM;ALM-TTL-14D;ALM-PANEL-TEMP
2026-07-26T10:45:00+00:00,1963,1343,236.6,6.08,42.05,12.05,DSYA3_L2,29.5,2.988,22,29.5,2.988,0,,0,70,HYP-LOOSE-CONN,ALM-K-WARN;ALM-K-ALM;ALM-TTL-14D;ALM-PANEL-TEMP
2026-07-26T11:00:00+00:00,1964,1339,236.9,6.09,42.25,12.22,DSYA3_L2,30.09,2.988,22,30.09,2.988,0,,0,70,HYP-LOOSE-CONN,ALM-K-WARN;ALM-K-ALM;ALM-TTL-14D;ALM-PANEL-TEMP
2026-07-26T11:15:00+00:00,1965,1333,235.7,6.1,42.44,12.39,DSYA3_L2,30.06,2.985,22,30.06,2.985,0,,0,70,HYP-LOOSE-CONN,ALM-K-WARN;ALM-K-ALM;ALM-TTL-14D;ALM-PANEL-TEMP
2026-07-26T11:30:00+00:00,1966,1328,236.6,6.11,42.63,12.55,DSYA3_L2,30.16,2.982,21,30.16,2.982,0,,0,70,HYP-LOOSE-CONN,ALM-K-WARN;ALM-K-ALM;ALM-TTL-14D;ALM-PANEL-TEMP
2026-07-26T11:45:00+00:00,1967,1314,234.1,6.13,42.81,12.7,DSYA3_L2,30.5,2.982,21,30.5,2.982,0,,0,70,HYP-LOOSE-CONN,ALM-K-WARN;ALM-K-ALM;ALM-TTL-14D;ALM-PANEL-TEMP
2026-07-26T12:00:00+00:00,1968,1321,236.5,6.12,42.97,12.85,DSYA3_L2,30.29,2.979,21,30.29,2.979,0,,0,70,HYP-LOOSE-CONN,ALM-K-WARN;ALM-K-ALM;ALM-TTL-14D;ALM-PANEL-TEMP
2026-07-26T12:15:00+00:00,1969,1297,235.8,6.16,43.13,12.99,DSYA3_L2,30.43,2.978,21,30.43,2.978,0,,0,70,HYP-LOOSE-CONN,ALM-K-WARN;ALM-K-ALM;ALM-TTL-14D;ALM-PANEL-TEMP
2026-07-26T12:30:00+00:00,1970,1276,232.6,6.2,43.27,13.12,DSYA3_L2,30.06,2.974,20,30.06,2.974,0,,0,70,HYP-LOOSE-CONN,ALM-K-WARN;ALM-K-ALM;ALM-TTL-14D;ALM-PANEL-TEMP
2026-07-26T12:45:00+00:00,1971,1261,231,6.22,43.41,13.24,DSYA3_L2,29.72,2.972,20,29.72,2.972,0,,0,70,HYP-LOOSE-CONN,ALM-K-WARN;ALM-K-ALM;ALM-TTL-14D;ALM-PANEL-TEMP
2026-07-26T13:00:00+00:00,1972,1249,229.2,6.24,43.53,13.35,DSYA3_L2,28.81,2.966,,28.81,2.966,0,,0,40,HYP-LOOSE-CONN,ALM-K-WARN;ALM-K-ALM;ALM-PANEL-TEMP
2026-07-26T13:15:00+00:00,1973,1228,226.9,6.28,43.64,13.44,DSYA3_L2,28.41,2.963,,28.41,2.963,0,,0,50,HYP-LOOSE-CONN,ALM-K-WARN;ALM-K-ALM;ALM-PANEL-TEMP
2026-07-26T13:30:00+00:00,1974,1208,222.2,6.3,43.73,13.53,DSYA3_L2,28.44,2.964,,28.44,2.964,0,,0,40,HYP-LOOSE-CONN,ALM-K-WARN;ALM-K-ALM;ALM-PANEL-TEMP
2026-07-26T13:45:00+00:00,1975,1192,218.3,6.33,43.81,13.6,DSYA3_L2,28.21,2.964,,28.21,2.964,0,,0,50,HYP-LOOSE-CONN,ALM-K-WARN;ALM-K-ALM;ALM-PANEL-TEMP
2026-07-26T14:00:00+00:00,1976,1180,214.6,6.34,43.88,13.66,DSYA3_L2,27.36,2.96,,27.36,2.96,0,,0,40,HYP-LOOSE-CONN,ALM-K-WARN;ALM-K-ALM;ALM-PANEL-TEMP
2026-07-26T14:15:00+00:00,1977,1166,212.5,6.37,43.93,13.71,DSYA3_L2,27.52,2.962,,27.52,2.962,0,,0,50,HYP-LOOSE-CONN,ALM-K-WARN;ALM-K-ALM;ALM-PANEL-TEMP
2026-07-26T14:30:00+00:00,1978,1157,209.8,6.38,43.97,13.75,DSYA3_L2,26.82,2.959,,26.82,2.959,0,,0,50,HYP-LOOSE-CONN,ALM-K-WARN;ALM-K-ALM;ALM-PANEL-TEMP
2026-07-26T14:45:00+00:00,1979,1147,206.3,6.39,43.99,13.77,DSYA3_L2,26.94,2.961,,26.94,2.961,0,,0,50,HYP-LOOSE-CONN,ALM-K-WARN;ALM-K-ALM;ALM-PANEL-TEMP
2026-07-26T15:00:00+00:00,1980,1134,202.7,6.41,44,13.77,DSYA3_L2,26.53,2.96,,26.53,2.96,0,,0,50,HYP-LOOSE-CONN,ALM-K-WARN;ALM-K-ALM;ALM-PANEL-TEMP
2026-07-26T15:15:00+00:00,1981,1132,202.6,6.41,43.99,13.77,DSYA3_L2,26.3,2.96,,26.3,2.96,0,,0,50,HYP-LOOSE-CONN,ALM-K-WARN;ALM-K-ALM;ALM-PANEL-TEMP
2026-07-26T15:30:00+00:00,1982,1134,203.9,6.41,43.97,13.75,DSYA3_L2,26.04,2.96,,26.04,2.96,0,,0,50,HYP-LOOSE-CONN,ALM-K-WARN;ALM-K-ALM;ALM-PANEL-TEMP
2026-07-26T15:45:00+00:00,1983,1128,201.9,6.42,43.93,13.71,DSYA3_L2,26.05,2.961,,26.05,2.961,0,,0,40,HYP-LOOSE-CONN,ALM-K-WARN;ALM-K-ALM;ALM-PANEL-TEMP
2026-07-26T16:00:00+00:00,1984,1137,202.5,6.4,43.88,13.66,DSYA3_L2,26.11,2.963,,26.11,2.963,0,,0,50,HYP-LOOSE-CONN,ALM-K-WARN;ALM-K-ALM;ALM-PANEL-TEMP
2026-07-26T16:15:00+00:00,1985,1159,203.6,6.36,43.81,13.6,DSYA3_L2,26.22,2.965,16,26.22,2.965,0,,0,70,HYP-LOOSE-CONN,ALM-K-WARN;ALM-K-ALM;ALM-TTL-14D;ALM-PANEL-TEMP
2026-07-26T16:30:00+00:00,1986,1180,207.5,6.33,43.73,13.53,DSYA3_L2,26.65,2.968,16,26.65,2.968,0,,0,70,HYP-LOOSE-CONN,ALM-K-WARN;ALM-K-ALM;ALM-TTL-14D;ALM-PANEL-TEMP
2026-07-26T16:45:00+00:00,1987,1196,211,6.31,43.64,13.44,DSYA3_L2,27.74,2.974,16,27.74,2.974,0,,0,70,HYP-LOOSE-CONN,ALM-K-WARN;ALM-K-ALM;ALM-TTL-14D;ALM-PANEL-TEMP
2026-07-26T17:00:00+00:00,1988,1215,215.4,6.28,43.53,13.35,DSYA3_L2,27.7,2.974,15,27.7,2.974,0,,0,70,HYP-LOOSE-CONN,ALM-K-WARN;ALM-K-ALM;ALM-TTL-14D;ALM-PANEL-TEMP
2026-07-26T17:15:00+00:00,1989,1256,220.9,6.21,43.41,13.24,DSYA3_L2,28.57,2.979,15,28.57,2.979,0,,0,70,HYP-LOOSE-CONN,ALM-K-WARN;ALM-K-ALM;ALM-TTL-14D;ALM-PANEL-TEMP
2026-07-26T17:30:00+00:00,1990,1300,227,6.14,43.27,13.12,DSYA3_L2,29.6,2.985,15,29.6,2.985,0,,0,70,HYP-LOOSE-CONN,ALM-K-WARN;ALM-K-ALM;ALM-TTL-14D;ALM-PANEL-TEMP
2026-07-26T17:45:00+00:00,1991,1343,232.8,6.08,43.13,12.99,DSYA3_L2,31.04,2.993,15,31.04,2.993,0,,0,70,HYP-LOOSE-CONN,ALM-K-WARN;ALM-K-ALM;ALM-TTL-14D;ALM-PANEL-TEMP
2026-07-26T18:00:00+00:00,1992,1376,237.4,6.02,42.97,12.85,DSYA3_L2,32.29,2.998,15,32.29,2.998,0,,0,70,HYP-LOOSE-CONN,ALM-K-WARN;ALM-K-ALM;ALM-TTL-14D;ALM-PANEL-TEMP
2026-07-26T18:15:00+00:00,1993,1412,242.8,5.97,42.81,12.7,DSYA3_L2,33.63,3.005,15,33.63,3.005,0,,0,70,HYP-LOOSE-CONN,ALM-K-WARN;ALM-K-ALM;ALM-TTL-14D;ALM-PANEL-TEMP
2026-07-26T18:30:00+00:00,1994,1443,247.9,5.92,42.63,12.55,DSYA3_L2,34.7,3.008,21,34.7,3.008,0,,0,70,HYP-LOOSE-CONN,ALM-K-WARN;ALM-K-ALM;ALM-TTL-14D;ALM-PANEL-TEMP
2026-07-26T18:45:00+00:00,1995,1468,250.6,5.88,42.44,12.39,DSYA3_L2,36.29,3.015,40,36.29,3.015,0,,0,70,HYP-LOOSE-CONN,ALM-K-WARN;ALM-K-ALM;ALM-TTL-14D;ALM-PANEL-TEMP
2026-07-26T19:00:00+00:00,1996,1502,255.7,5.82,42.25,12.22,DSYA3_L2,37.33,3.018,62,37.33,3.018,0,,0,70,HYP-LOOSE-CONN,ALM-K-WARN;ALM-K-ALM;ALM-TTL-14D;ALM-PANEL-TEMP
2026-07-26T19:15:00+00:00,1997,1514,257.1,5.8,42.05,12.05,DSYA3_L2,39.01,3.025,62,39.01,3.025,0,,0,70,HYP-LOOSE-CONN,ALM-K-WARN;ALM-K-ALM;ALM-TTL-14D;ALM-PANEL-TEMP
2026-07-26T19:30:00+00:00,1998,1538,259.4,5.76,41.84,11.88,DSYA3_L2,39.49,3.023,68,39.49,3.023,0,,0,70,HYP-LOOSE-CONN,ALM-K-WARN;ALM-K-ALM;ALM-TTL-14D;ALM-PANEL-TEMP
2026-07-26T19:45:00+00:00,1999,1566,264.8,5.72,41.62,11.7,DSYA3_L2,41.11,3.03,87,41.11,3.03,0,,0,70,HYP-LOOSE-CONN,ALM-K-WARN;ALM-K-ALM;ALM-TTL-14D;ALM-PANEL-TEMP
2026-07-26T20:00:00+00:00,2000,1584,267.1,5.69,41.4,11.52,DSYA3_L2,42.16,3.032,85,42.16,3.032,0,,0,70,HYP-LOOSE-CONN,ALM-K-WARN;ALM-K-ALM;ALM-TTL-14D;ALM-PANEL-TEMP
2026-07-26T20:15:00+00:00,2001,1563,263.9,5.73,41.18,11.33,DSYA3_L2,43.38,3.035,85,43.38,3.035,0,,0,70,HYP-LOOSE-CONN,ALM-K-WARN;ALM-K-ALM;ALM-TTL-14D;ALM-PANEL-TEMP
2026-07-26T20:30:00+00:00,2002,1545,261.9,5.76,40.95,11.15,DSYA3_L2,43.05,3.027,86,43.05,3.027,0,,0,70,HYP-LOOSE-CONN,ALM-K-WARN;ALM-K-ALM;ALM-TTL-14D;ALM-PANEL-TEMP
2026-07-26T20:45:00+00:00,2003,1526,259.3,5.79,40.73,10.97,DSYA3_L2,42.96,3.023,86,42.96,3.023,0,,0,70,HYP-LOOSE-CONN,ALM-K-WARN;ALM-K-ALM;ALM-TTL-14D;ALM-PANEL-TEMP
2026-07-26T21:00:00+00:00,2004,1514,257.7,5.81,40.5,10.79,DSYA3_L2,42.5,3.016,86,42.5,3.016,0,,0,70,HYP-LOOSE-CONN,ALM-K-WARN;ALM-K-ALM;ALM-TTL-14D
2026-07-26T21:15:00+00:00,2005,1476,251.9,5.86,40.27,10.61,DSYA3_L2,42.18,3.011,62,42.18,3.011,0,,0,70,HYP-LOOSE-CONN,ALM-K-WARN;ALM-K-ALM;ALM-TTL-14D
2026-07-26T21:30:00+00:00,2006,1444,249.2,5.92,40.04,10.43,DSYA3_L2,41.37,3.003,38,41.37,3.003,0,,0,70,HYP-LOOSE-CONN,ALM-K-WARN;ALM-K-ALM;ALM-TTL-14D
2026-07-26T21:45:00+00:00,2007,1400,242,5.99,39.81,10.26,DSYA3_L2,40.54,2.998,12,40.54,2.998,0,,0,70,HYP-LOOSE-CONN,ALM-K-WARN;ALM-K-ALM;ALM-TTL-14D
2026-07-26T22:00:00+00:00,2008,1360,236.3,6.05,39.59,10.09,DSYA3_L2,39.03,2.988,,39.03,2.988,0,,0,40,HYP-LOOSE-CONN,ALM-K-WARN;ALM-K-ALM
2026-07-26T22:15:00+00:00,2009,1286,224.6,6.17,39.37,9.93,DSYA3_L2,37.93,2.983,,37.93,2.983,0,,0,40,HYP-LOOSE-CONN,ALM-K-WARN;ALM-K-ALM
2026-07-26T22:30:00+00:00,2010,1217,215.3,6.28,39.16,9.77,DSYA3_L2,35.96,2.974,,35.96,2.974,0,,0,40,HYP-LOOSE-CONN,ALM-K-WARN;ALM-K-ALM
2026-07-26T22:45:00+00:00,2011,1142,203.7,6.39,38.95,9.61,DSYA3_L2,33.72,2.966,,33.72,2.966,0,,0,40,HYP-LOOSE-CONN,ALM-K-WARN;ALM-K-ALM
2026-07-26T23:00:00+00:00,2012,1062,191.4,6.52,38.75,9.46,DSYA3_L2,31.32,2.958,,31.32,2.958,0,,0,40,HYP-LOOSE-CONN,ALM-K-WARN;ALM-K-ALM
2026-07-26T23:15:00+00:00,2013,951,173.9,6.7,38.55,9.32,DSYA3_L2,29.17,2.954,,29.17,2.954,0,,0,40,HYP-LOOSE-CONN,ALM-K-WARN;ALM-K-ALM
2026-07-26T23:30:00+00:00,2014,841,156.2,6.87,38.37,9.19,DSYA3_L2,26.74,2.95,,26.74,2.95,0,,0,40,HYP-LOOSE-CONN,ALM-K-WARN;ALM-K-ALM
2026-07-26T23:45:00+00:00,2015,733.6,139.1,7.04,38.19,9.06,DSYA3_L2,23.88,2.947,,23.88,2.947,0,,0,40,HYP-LOOSE-CONN,ALM-K-WARN;ALM-K-ALM
2026-07-27T00:00:00+00:00,2016,625.5,120.2,7.21,38.03,8.94,DSYA3_L2,21.29,2.945,,21.29,2.945,0,,0,40,HYP-LOOSE-CONN,ALM-K-WARN;ALM-K-ALM
2026-07-27T00:15:00+00:00,2017,611.7,118.4,7.24,37.87,8.83,DSYA3_L2,18.9,2.944,,18.9,2.944,0,,0,40,HYP-LOOSE-CONN,ALM-K-WARN;ALM-K-ALM
2026-07-27T00:30:00+00:00,2018,596.1,115.6,7.26,37.72,8.73,DSYA3_L2,17.86,2.946,,17.86,2.946,0,,0,40,HYP-LOOSE-CONN,ALM-K-WARN;ALM-K-ALM
2026-07-27T00:45:00+00:00,2019,585.9,113.3,7.28,37.59,8.64,DSYA3_L2,17.57,2.948,,17.57,2.948,0,,0,40,HYP-LOOSE-CONN,ALM-K-WARN;ALM-K-ALM
2026-07-27T01:00:00+00:00,2020,573.5,111.6,7.3,37.47,8.55,DSYA3_L2,16.55,2.949,,16.55,2.949,0,,0,40,HYP-LOOSE-CONN,ALM-K-WARN;ALM-K-ALM
2026-07-27T01:15:00+00:00,2021,566.4,110.6,7.31,37.36,8.48,DSYA3_L2,15.69,2.95,,15.69,2.95,0,,0,40,HYP-LOOSE-CONN,ALM-K-WARN;ALM-K-ALM
2026-07-27T01:30:00+00:00,2022,557.1,108.9,7.32,37.27,8.41,DSYA3_L2,15.22,2.952,,15.22,2.952,0,,0,40,HYP-LOOSE-CONN,ALM-K-WARN;ALM-K-ALM
2026-07-27T01:45:00+00:00,2023,544.3,106.8,7.34,37.19,8.36,DSYA3_L2,14.58,2.953,,14.58,2.953,0,,0,40,HYP-LOOSE-CONN,ALM-K-WARN;ALM-K-ALM
2026-07-27T02:00:00+00:00,2024,538,106.3,7.36,37.12,8.31,DSYA3_L2,14.54,2.955,,14.54,2.955,0,,0,40,HYP-LOOSE-CONN,ALM-K-WARN;ALM-K-ALM
2026-07-27T02:15:00+00:00,2025,534.4,105.7,7.36,37.07,8.28,DSYA3_L2,13.83,2.956,,13.83,2.956,0,,0,40,HYP-LOOSE-CONN,ALM-K-WARN;ALM-K-ALM
2026-07-27T02:30:00+00:00,2026,532,105.4,7.37,37.03,8.25,DSYA3_L2,13.4,2.957,,13.4,2.957,0,,0,40,HYP-LOOSE-CONN,ALM-K-WARN;ALM-K-ALM
2026-07-27T02:45:00+00:00,2027,529.2,104.7,7.37,37.01,8.24,DSYA3_L2,12.98,2.958,,12.98,2.958,0,,0,40,HYP-LOOSE-CONN,ALM-K-WARN;ALM-K-ALM
2026-07-27T03:00:00+00:00,2028,526.4,104,7.37,37,8.23,DSYA3_L2,12.57,2.959,,12.57,2.959,0,,0,40,HYP-LOOSE-CONN,ALM-K-WARN;ALM-K-ALM
2026-07-27T03:15:00+00:00,2029,527.4,104,7.37,37.01,8.24,DSYA3_L2,12.07,2.96,,12.07,2.96,0,,0,40,HYP-LOOSE-CONN,ALM-K-WARN;ALM-K-ALM
2026-07-27T03:30:00+00:00,2030,530,104.6,7.37,37.03,8.25,DSYA3_L2,11.6,2.961,,11.6,2.961,0,,0,40,HYP-LOOSE-CONN,ALM-K-WARN;ALM-K-ALM
2026-07-27T03:45:00+00:00,2031,531.2,104.9,7.37,37.07,8.28,DSYA3_L2,11.41,2.962,,11.41,2.962,0,,0,40,HYP-LOOSE-CONN,ALM-K-WARN;ALM-K-ALM
2026-07-27T04:00:00+00:00,2032,527.9,104.8,7.37,37.12,8.31,DSYA3_L2,10.95,2.962,,10.95,2.962,0,,0,50,HYP-LOOSE-CONN,ALM-K-WARN;ALM-K-ALM
2026-07-27T04:15:00+00:00,2033,538.7,107,7.36,37.19,8.36,DSYA3_L2,11.06,2.964,,11.06,2.964,0,,0,50,HYP-LOOSE-CONN,ALM-K-WARN;ALM-K-ALM
2026-07-27T04:30:00+00:00,2034,547.3,109.1,7.34,37.27,8.41,DSYA3_L2,10.59,2.964,3,10.59,2.964,0,,0,70,HYP-LOOSE-CONN,ALM-K-WARN;ALM-K-ALM;ALM-TTL-14D
2026-07-27T04:45:00+00:00,2035,557.7,111,7.33,37.36,8.48,DSYA3_L2,10.61,2.965,3,10.61,2.965,0,,0,70,HYP-LOOSE-CONN,ALM-K-WARN;ALM-K-ALM;ALM-TTL-14D
2026-07-27T05:00:00+00:00,2036,569.9,113.3,7.31,37.47,8.55,DSYA3_L2,10.66,2.966,2,10.66,2.966,0,,0,70,HYP-LOOSE-CONN,ALM-K-WARN;ALM-K-ALM;ALM-TTL-14D
2026-07-27T05:15:00+00:00,2037,610.9,121.2,7.24,37.59,8.64,DSYA3_L2,10.43,2.967,2,10.43,2.967,0,,0,70,HYP-LOOSE-CONN,ALM-K-WARN;ALM-K-ALM;ALM-TTL-14D
2026-07-27T05:30:00+00:00,2038,655.8,129.2,7.17,37.72,8.73,DSYA3_L2,10.75,2.969,1,10.75,2.969,0,,0,70,HYP-LOOSE-CONN,ALM-K-WARN;ALM-K-ALM;ALM-TTL-14D
2026-07-27T05:45:00+00:00,2039,694.8,136.1,7.11,37.87,8.83,DSYA3_L2,10.79,2.97,1,10.79,2.97,0,,0,70,HYP-LOOSE-CONN,ALM-K-WARN;ALM-K-ALM;ALM-TTL-14D
2026-07-27T06:00:00+00:00,2040,732.6,142.1,7.05,38.03,8.94,DSYA3_L2,11.36,2.972,1,11.36,2.972,0,,0,70,HYP-LOOSE-CONN,ALM-K-WARN;ALM-K-ALM;ALM-TTL-14D
2026-07-27T06:15:00+00:00,2041,861.2,165.5,6.85,38.19,9.06,DSYA3_L2,12.06,2.974,1,12.06,2.974,0,,0,70,HYP-LOOSE-CONN,ALM-K-WARN;ALM-K-ALM;ALM-TTL-14D
2026-07-27T06:30:00+00:00,2042,983.7,186,6.66,38.37,9.19,DSYA3_L2,13.58,2.979,1,13.58,2.979,0,,0,70,HYP-LOOSE-CONN,ALM-K-WARN;ALM-K-ALM;ALM-TTL-14D
2026-07-27T06:45:00+00:00,2043,1109,206,6.46,38.56,9.32,DSYA3_L2,16.56,2.989,1,16.56,2.989,0,,0,70,HYP-LOOSE-CONN,ALM-K-WARN;ALM-K-ALM;ALM-TTL-14D
2026-07-27T07:00:00+00:00,2044,1228,226,6.27,38.75,9.46,DSYA3_L2,19.35,3,1,19.35,3,0,,0,70,HYP-LOOSE-CONN,ALM-K-WARN;ALM-K-ALM;ALM-TTL-14D
2026-07-27T07:15:00+00:00,2045,1354,246.9,6.08,38.95,9.61,DSYA3_L2,22.29,3.011,2,22.29,3.011,0,,0,70,HYP-LOOSE-CONN,ALM-K-WARN;ALM-K-ALM;ALM-TTL-14D
2026-07-27T07:30:00+00:00,2046,1470,265.8,5.9,39.16,9.77,DSYA3_L2,26.18,3.026,28,26.18,3.026,0,,0,70,HYP-LOOSE-CONN,ALM-K-WARN;ALM-K-ALM;ALM-TTL-14D
2026-07-27T07:45:00+00:00,2047,1611,285.4,5.67,39.37,9.93,DSYA3_L2,30.55,3.042,75,30.55,3.042,0,,0,70,HYP-LOOSE-CONN,ALM-K-WARN;ALM-K-ALM;ALM-TTL-14D
2026-07-27T08:00:00+00:00,2048,1742,302.7,5.47,39.59,10.09,DSYA3_L2,35.63,3.059,97,35.63,3.059,0,,0,70,HYP-LOOSE-CONN,ALM-K-WARN;ALM-K-ALM;ALM-TTL-14D;ALM-PANEL-TEMP
2026-07-27T08:15:00+00:00,2049,1788,312.3,5.4,39.82,10.26,DSYA3_L2,41.22,3.074,97,41.22,3.074,0,,0,70,HYP-LOOSE-CONN,ALM-K-WARN;ALM-K-ALM;ALM-TTL-14D;ALM-PANEL-TEMP
2026-07-27T08:30:00+00:00,2050,1839,321.6,5.32,40.04,10.44,DSYA3_L2,44.26,3.074,168,44.26,3.074,0,,0,70,HYP-LOOSE-CONN,ALM-K-WARN;ALM-K-ALM;ALM-TTL-14D;ALM-PANEL-TEMP
2026-07-27T08:45:00+00:00,2051,1888,330.7,5.25,40.27,10.61,DSYA3_L2,47.47,3.074,168,47.47,3.074,0,,0,70,HYP-LOOSE-CONN,ALM-K-WARN;ALM-K-ALM;ALM-TTL-14D;ALM-PANEL-TEMP
2026-07-27T09:00:00+00:00,2052,1930,337.8,5.18,40.5,10.79,DSYA3_L2,50.18,3.07,168,50.18,3.07,0,,0,70,HYP-LOOSE-CONN,ALM-THR-TERM-WARN;ALM-K-WARN;ALM-K-ALM;ALM-TTL-14D;ALM-PANEL-TEMP
2026-07-27T09:15:00+00:00,2053,1920,336,5.2,40.73,10.97,DSYA3_L2,52.99,3.067,174,52.99,3.067,0,,0,70,HYP-LOOSE-CONN,ALM-THR-TERM-WARN;ALM-K-WARN;ALM-K-ALM;ALM-TTL-14D;ALM-PANEL-TEMP
2026-07-27T09:30:00+00:00,2054,1916,334.8,5.2,40.96,11.15,DSYA3_L2,54.09,3.054,241,54.09,3.054,0,,0,70,HYP-LOOSE-CONN,ALM-THR-TERM-WARN;ALM-K-WARN;ALM-K-ALM;ALM-TTL-14D;ALM-PANEL-TEMP
2026-07-27T09:45:00+00:00,2055,1904,332.8,5.22,41.18,11.34,DSYA3_L2,54.89,3.04,337,54.89,3.04,0,,0,50,HYP-LOOSE-CONN,ALM-THR-TERM-WARN;ALM-K-WARN;ALM-K-ALM;ALM-PANEL-TEMP
2026-07-27T10:00:00+00:00,2056,1898,333.9,5.23,41.41,11.52,DSYA3_L2,55.07,3.022,721,55.07,3.022,0,,0,50,HYP-LOOSE-CONN,ALM-THR-TERM-WARN;ALM-K-WARN;ALM-K-ALM;ALM-PANEL-TEMP
2026-07-27T10:15:00+00:00,2057,1908,339.6,5.22,41.63,11.7,DSYA3_L2,55.94,3.013,2093,55.94,3.013,0,,0,50,HYP-LOOSE-CONN,ALM-THR-TERM-WARN;ALM-K-WARN;ALM-K-ALM;ALM-PANEL-TEMP
2026-07-27T10:30:00+00:00,2058,1907,341,5.23,41.84,11.88,DSYA3_L2,56.15,2.999,,56.15,2.999,0,,0,40,HYP-LOOSE-CONN,ALM-THR-TERM-WARN;ALM-K-WARN;ALM-K-ALM;ALM-PANEL-TEMP
2026-07-27T10:45:00+00:00,2059,1923,340.5,5.2,42.05,12.05,DSYA3_L2,57.19,2.994,,57.19,2.994,0,,0,40,HYP-LOOSE-CONN,ALM-THR-TERM-WARN;ALM-K-WARN;ALM-K-ALM;ALM-PANEL-TEMP
2026-07-27T11:00:00+00:00,2060,1926,339.5,5.19,42.25,12.22,DSYA3_L2,58.62,2.993,,58.62,2.993,0,,0,40,HYP-LOOSE-CONN,ALM-THR-TERM-WARN;ALM-K-WARN;ALM-K-ALM;ALM-PANEL-TEMP
2026-07-27T11:15:00+00:00,2061,1917,335.5,5.2,42.44,12.39,DSYA3_L2,59.29,2.985,,59.29,2.985,0,,0,40,HYP-LOOSE-CONN,ALM-THR-TERM-WARN;ALM-K-WARN;ALM-K-ALM;ALM-PANEL-TEMP
2026-07-27T11:30:00+00:00,2062,1910,334.6,5.21,42.63,12.55,DSYA3_L2,60.04,2.98,,60.04,2.98,0,,0,40,HYP-LOOSE-CONN,ALM-THR-TERM-WARN;ALM-K-WARN;ALM-K-ALM;ALM-PANEL-TEMP
2026-07-27T11:45:00+00:00,2063,1921,336.1,5.2,42.81,12.7,DSYA3_L2,60.45,2.974,,60.45,2.974,0,,0,40,HYP-LOOSE-CONN,ALM-THR-TERM-WARN;ALM-K-WARN;ALM-K-ALM;ALM-PANEL-TEMP
2026-07-27T12:00:00+00:00,2064,1908,336.4,5.22,42.97,12.85,DSYA3_L2,61.1,2.969,,61.1,2.969,0,,0,40,HYP-LOOSE-CONN,ALM-THR-TERM-WARN;ALM-K-WARN;ALM-K-ALM;ALM-PANEL-TEMP
2026-07-27T12:15:00+00:00,2065,1873,331.4,5.27,43.13,12.99,DSYA3_L2,61,2.96,,61,2.96,0,,0,40,HYP-LOOSE-CONN,ALM-THR-TERM-WARN;ALM-K-WARN;ALM-K-ALM;ALM-PANEL-TEMP
2026-07-27T12:30:00+00:00,2066,1834,325.5,5.34,43.28,13.12,DSYA3_L2,60.1,2.946,,60.1,2.946,0,,0,40,HYP-LOOSE-CONN,ALM-THR-TERM-WARN;ALM-K-WARN;ALM-K-ALM;ALM-PANEL-TEMP
2026-07-27T12:45:00+00:00,2067,1801,322,5.39,43.41,13.24,DSYA3_L2,58.97,2.934,,58.97,2.934,0,,0,40,HYP-LOOSE-CONN,ALM-THR-TERM-WARN;ALM-K-WARN;ALM-K-ALM;ALM-PANEL-TEMP
2026-07-27T13:00:00+00:00,2068,1765,317.5,5.45,43.53,13.35,DSYA3_L2,58.42,2.929,,58.42,2.929,0,,0,40,HYP-LOOSE-CONN,ALM-THR-TERM-WARN;ALM-K-WARN;ALM-K-ALM;ALM-PANEL-TEMP
2026-07-27T13:15:00+00:00,2069,1775,320.5,5.43,43.64,13.45,DSYA3_L2,57.28,2.921,,57.28,2.921,0,,0,40,HYP-LOOSE-CONN,ALM-THR-TERM-WARN;ALM-K-WARN;ALM-K-ALM;ALM-PANEL-TEMP
2026-07-27T13:30:00+00:00,2070,1776,318.9,5.43,43.73,13.53,DSYA3_L2,57.17,2.921,,57.17,2.921,0,,0,40,HYP-LOOSE-CONN,ALM-THR-TERM-WARN;ALM-K-WARN;ALM-K-ALM;ALM-PANEL-TEMP
2026-07-27T13:45:00+00:00,2071,1774,320.1,5.43,43.81,13.61,DSYA3_L2,57.52,2.925,,57.52,2.925,0,,0,40,HYP-LOOSE-CONN,ALM-THR-TERM-WARN;ALM-K-WARN;ALM-K-ALM;ALM-PANEL-TEMP
2026-07-27T14:00:00+00:00,2072,1773,319.5,5.44,43.88,13.67,DSYA3_L2,57.67,2.928,,57.67,2.928,0,,0,40,HYP-LOOSE-CONN,ALM-THR-TERM-WARN;ALM-K-WARN;ALM-K-ALM;ALM-PANEL-TEMP
2026-07-27T14:15:00+00:00,2073,1800,323.6,5.39,43.93,13.71,DSYA3_L2,57.92,2.931,,57.92,2.931,0,,0,40,HYP-LOOSE-CONN,ALM-THR-TERM-WARN;ALM-K-WARN;ALM-K-ALM;ALM-PANEL-TEMP
2026-07-27T14:30:00+00:00,2074,1816,327.1,5.37,43.97,13.75,DSYA3_L2,58.69,2.937,,58.69,2.937,0,,0,40,HYP-LOOSE-CONN,ALM-THR-TERM-WARN;ALM-K-WARN;ALM-K-ALM;ALM-PANEL-TEMP
2026-07-27T14:45:00+00:00,2075,1827,329.1,5.35,43.99,13.77,DSYA3_L2,59.01,2.939,,59.01,2.939,0,,0,40,HYP-LOOSE-CONN,ALM-THR-TERM-WARN;ALM-K-WARN;ALM-K-ALM;ALM-PANEL-TEMP
2026-07-27T15:00:00+00:00,2076,1865,337,5.3,44,13.78,DSYA3_L2,60.38,2.949,,60.38,2.949,0,,0,40,HYP-LOOSE-CONN,ALM-THR-TERM-WARN;ALM-K-WARN;ALM-K-ALM;ALM-PANEL-TEMP
2026-07-27T15:15:00+00:00,2077,1864,335.9,5.3,43.99,13.77,DSYA3_L2,61.03,2.951,,61.03,2.951,0,,0,40,HYP-LOOSE-CONN,ALM-THR-TERM-WARN;ALM-K-WARN;ALM-K-ALM;ALM-PANEL-TEMP
2026-07-27T15:30:00+00:00,2078,1872,335.9,5.28,43.97,13.75,DSYA3_L2,61.69,2.955,,61.69,2.955,0,,0,50,HYP-LOOSE-CONN,ALM-THR-TERM-WARN;ALM-K-WARN;ALM-K-ALM;ALM-PANEL-TEMP
2026-07-27T15:45:00+00:00,2079,1868,337.4,5.29,43.93,13.71,DSYA3_L2,62.44,2.959,,62.44,2.959,0,,0,40,HYP-LOOSE-CONN,ALM-THR-TERM-WARN;ALM-K-WARN;ALM-K-ALM;ALM-PANEL-TEMP
2026-07-27T16:00:00+00:00,2080,1878,337.3,5.27,43.88,13.67,DSYA3_L2,62.67,2.96,,62.67,2.96,0,,0,40,HYP-LOOSE-CONN,ALM-THR-TERM-WARN;ALM-K-WARN;ALM-K-ALM;ALM-PANEL-TEMP
2026-07-27T16:15:00+00:00,2081,1880,337.5,5.27,43.81,13.61,DSYA3_L2,63.22,2.963,,63.22,2.963,0,,0,40,HYP-LOOSE-CONN,ALM-THR-TERM-WARN;ALM-K-WARN;ALM-K-ALM;ALM-PANEL-TEMP
2026-07-27T16:30:00+00:00,2082,1870,334,5.28,43.73,13.53,DSYA3_L2,63.7,2.966,,63.7,2.966,0,,0,40,HYP-LOOSE-CONN,ALM-THR-TERM-WARN;ALM-K-WARN;ALM-K-ALM;ALM-PANEL-TEMP
2026-07-27T16:45:00+00:00,2083,1856,332.8,5.31,43.64,13.45,DSYA3_L2,63.51,2.965,,63.51,2.965,0,,0,40,HYP-LOOSE-CONN,ALM-THR-TERM-WARN;ALM-K-WARN;ALM-K-ALM;ALM-PANEL-TEMP
2026-07-27T17:00:00+00:00,2084,1847,331.8,5.32,43.53,13.35,DSYA3_L2,63.7,2.967,,63.7,2.967,0,,0,40,HYP-LOOSE-CONN,ALM-THR-TERM-WARN;ALM-K-WARN;ALM-K-ALM;ALM-PANEL-TEMP
2026-07-27T17:15:00+00:00,2085,1822,325.4,5.36,43.41,13.24,DSYA3_L2,63.27,2.966,,63.27,2.966,0,,0,50,HYP-LOOSE-CONN,ALM-THR-TERM-WARN;ALM-K-WARN;ALM-K-ALM;ALM-PANEL-TEMP
2026-07-27T17:30:00+00:00,2086,1791,320.2,5.4,43.28,13.12,DSYA3_L2,62.47,2.962,,62.47,2.962,0,,0,50,HYP-LOOSE-CONN,ALM-THR-TERM-WARN;ALM-K-WARN;ALM-K-ALM;ALM-PANEL-TEMP
2026-07-27T17:45:00+00:00,2087,1755,313.4,5.46,43.13,12.99,DSYA3_L2,61.4,2.958,,61.4,2.958,0,,0,50,HYP-LOOSE-CONN,ALM-THR-TERM-WARN;ALM-K-WARN;ALM-K-ALM;ALM-PANEL-TEMP
2026-07-27T18:00:00+00:00,2088,1739,311.5,5.48,42.97,12.85,DSYA3_L2,60.17,2.954,,60.17,2.954,0,,0,50,HYP-LOOSE-CONN,ALM-THR-TERM-WARN;ALM-K-WARN;ALM-K-ALM;ALM-PANEL-TEMP
2026-07-27T18:15:00+00:00,2089,1710,305.6,5.53,42.81,12.7,DSYA3_L2,59.35,2.954,,59.35,2.954,0,,0,50,HYP-LOOSE-CONN,ALM-THR-TERM-WARN;ALM-K-WARN;ALM-K-ALM;ALM-PANEL-TEMP
2026-07-27T18:30:00+00:00,2090,1691,302,5.55,42.63,12.55,DSYA3_L2,58.91,2.957,,58.91,2.957,0,,0,50,HYP-LOOSE-CONN,ALM-THR-TERM-WARN;ALM-K-WARN;ALM-K-ALM;ALM-PANEL-TEMP
2026-07-27T18:45:00+00:00,2091,1676,298.6,5.58,42.44,12.39,DSYA3_L2,57.94,2.957,,57.94,2.957,0,,0,50,HYP-LOOSE-CONN,ALM-THR-TERM-WARN;ALM-K-WARN;ALM-K-ALM;ALM-PANEL-TEMP
2026-07-27T19:00:00+00:00,2092,1666,300.4,5.6,42.25,12.22,DSYA3_L2,56.76,2.955,,56.76,2.955,0,,0,50,HYP-LOOSE-CONN,ALM-THR-TERM-WARN;ALM-K-WARN;ALM-K-ALM;ALM-PANEL-TEMP
2026-07-27T19:15:00+00:00,2093,1686,304.2,5.57,42.05,12.05,DSYA3_L2,56.51,2.959,,56.51,2.959,0,,0,50,HYP-LOOSE-CONN,ALM-THR-TERM-WARN;ALM-K-WARN;ALM-K-ALM;ALM-PANEL-TEMP
2026-07-27T19:30:00+00:00,2094,1697,304.2,5.55,41.84,11.88,DSYA3_L2,57.06,2.968,1504,57.06,2.968,0,,0,50,HYP-LOOSE-CONN,ALM-THR-TERM-WARN;ALM-K-WARN;ALM-K-ALM;ALM-PANEL-TEMP
2026-07-27T19:45:00+00:00,2095,1719,310.3,5.52,41.63,11.7,DSYA3_L2,56.95,2.971,880,56.95,2.971,0,,0,50,HYP-LOOSE-CONN,ALM-THR-TERM-WARN;ALM-K-WARN;ALM-K-ALM;ALM-PANEL-TEMP
2026-07-27T20:00:00+00:00,2096,1737,310.6,5.49,41.41,11.52,DSYA3_L2,57.83,2.98,423,57.83,2.98,0,,0,50,HYP-LOOSE-CONN,ALM-THR-TERM-WARN;ALM-K-WARN;ALM-K-ALM;ALM-PANEL-TEMP
2026-07-27T20:15:00+00:00,2097,1695,305.4,5.55,41.18,11.34,DSYA3_L2,58.42,2.986,325,58.42,2.986,0,,0,70,HYP-LOOSE-CONN,ALM-THR-TERM-WARN;ALM-K-WARN;ALM-K-ALM;ALM-TTL-14D;ALM-PANEL-TEMP
2026-07-27T20:30:00+00:00,2098,1682,303.7,5.57,40.96,11.15,DSYA3_L2,57.53,2.985,325,57.53,2.985,0,,0,70,HYP-LOOSE-CONN,ALM-THR-TERM-WARN;ALM-K-WARN;ALM-K-ALM;ALM-TTL-14D;ALM-PANEL-TEMP
2026-07-27T20:45:00+00:00,2099,1655,299.3,5.62,40.73,10.97,DSYA3_L2,56.82,2.986,254,56.82,2.986,0,,0,70,HYP-LOOSE-CONN,ALM-THR-TERM-WARN;ALM-K-WARN;ALM-K-ALM;ALM-TTL-14D;ALM-PANEL-TEMP
2026-07-27T21:00:00+00:00,2100,1622,293.4,5.67,40.5,10.79,DSYA3_L2,55.58,2.984,254,55.58,2.984,0,,0,70,HYP-LOOSE-CONN,ALM-THR-TERM-WARN;ALM-K-WARN;ALM-K-ALM;ALM-TTL-14D;ALM-PANEL-TEMP
2026-07-27T21:15:00+00:00,2101,1556,283.4,5.77,40.27,10.61,DSYA3_L2,54.82,2.985,158,54.82,2.985,0,,0,70,HYP-LOOSE-CONN,ALM-THR-TERM-WARN;ALM-K-WARN;ALM-K-ALM;ALM-TTL-14D
2026-07-27T21:30:00+00:00,2102,1497,273.7,5.86,40.04,10.44,DSYA3_L2,52.71,2.981,156,52.71,2.981,0,,0,70,HYP-LOOSE-CONN,ALM-THR-TERM-WARN;ALM-K-WARN;ALM-K-ALM;ALM-TTL-14D
2026-07-27T21:45:00+00:00,2103,1441,266.8,5.95,39.82,10.26,DSYA3_L2,50.02,2.975,14,50.02,2.975,0,,0,70,HYP-LOOSE-CONN,ALM-THR-TERM-WARN;ALM-K-WARN;ALM-K-ALM;ALM-TTL-14D
2026-07-27T22:00:00+00:00,2104,1381,255.9,6.04,39.59,10.09,DSYA3_L2,47.59,2.971,11,47.59,2.971,0,,0,70,HYP-LOOSE-CONN,ALM-K-WARN;ALM-K-ALM;ALM-TTL-14D
2026-07-27T22:15:00+00:00,2105,1292,240.8,6.18,39.37,9.93,DSYA3_L2,46.22,2.974,10,46.22,2.974,0,,0,70,HYP-LOOSE-CONN,ALM-K-WARN;ALM-K-ALM;ALM-TTL-14D
2026-07-27T22:30:00+00:00,2106,1196,224.8,6.33,39.16,9.77,DSYA3_L2,42.84,2.969,1165,42.84,2.969,0,,0,50,HYP-LOOSE-CONN,ALM-K-WARN;ALM-K-ALM
2026-07-27T22:45:00+00:00,2107,1109,210.4,6.47,38.95,9.61,DSYA3_L2,39.82,2.966,829,39.82,2.966,0,,0,50,HYP-LOOSE-CONN,ALM-K-WARN;ALM-K-ALM
2026-07-27T23:00:00+00:00,2108,1001,191.3,6.63,38.75,9.46,DSYA3_L2,37.14,2.966,396,37.14,2.966,0,,0,50,HYP-LOOSE-CONN,ALM-K-WARN;ALM-K-ALM
2026-07-27T23:15:00+00:00,2109,907,175.6,6.78,38.56,9.32,DSYA3_L2,33.56,2.964,10,33.56,2.964,0,,0,70,HYP-LOOSE-CONN,ALM-K-WARN;ALM-K-ALM;ALM-TTL-14D
2026-07-27T23:30:00+00:00,2110,812.9,158.5,6.93,38.37,9.19,DSYA3_L2,31.03,2.965,9,31.03,2.965,0,,0,70,HYP-LOOSE-CONN,ALM-K-WARN;ALM-K-ALM;ALM-TTL-14D
2026-07-27T23:45:00+00:00,2111,722.6,142.8,7.07,38.19,9.06,DSYA3_L2,28.55,2.966,8,28.55,2.966,0,,0,70,HYP-LOOSE-CONN,ALM-K-WARN;ALM-K-ALM;ALM-TTL-14D
2026-07-28T00:00:00+00:00,2112,631.2,126.7,7.21,38.02,8.94,DSYA3_L2,26.14,2.966,8,26.14,2.966,0,,0,70,HYP-LOOSE-CONN,ALM-K-WARN;ALM-K-ALM;ALM-TTL-14D
2026-07-28T00:15:00+00:00,2113,616.4,123.8,7.24,37.87,8.83,DSYA3_L2,23.98,2.967,7,23.98,2.967,0,,0,70,HYP-LOOSE-CONN,ALM-K-WARN;ALM-K-ALM;ALM-TTL-14D
2026-07-28T00:30:00+00:00,2114,602.4,120.8,7.26,37.72,8.73,DSYA3_L2,22.56,2.969,7,22.56,2.969,0,,0,70,HYP-LOOSE-CONN,ALM-K-WARN;ALM-K-ALM;ALM-TTL-14D
2026-07-28T00:45:00+00:00,2115,587.6,118.1,7.28,37.59,8.64,DSYA3_L2,21.9,2.971,6,21.9,2.971,0,,0,70,HYP-LOOSE-CONN,ALM-K-WARN;ALM-K-ALM;ALM-TTL-14D
2026-07-28T01:00:00+00:00,2116,573.6,114.7,7.3,37.47,8.55,DSYA3_L2,20.84,2.973,6,20.84,2.973,0,,0,70,HYP-LOOSE-CONN,ALM-K-WARN;ALM-K-ALM;ALM-TTL-14D
2026-07-28T01:15:00+00:00,2117,561.3,112.4,7.32,37.36,8.48,DSYA3_L2,20.27,2.975,5,20.27,2.975,0,,0,70,HYP-LOOSE-CONN,ALM-K-WARN;ALM-K-ALM;ALM-TTL-14D
2026-07-28T01:30:00+00:00,2118,551.4,110.6,7.34,37.26,8.41,DSYA3_L2,19.11,2.976,5,19.11,2.976,0,,0,70,HYP-LOOSE-CONN,ALM-K-WARN;ALM-K-ALM;ALM-TTL-14D
2026-07-28T01:45:00+00:00,2119,540.5,108.9,7.36,37.18,8.36,DSYA3_L2,18.5,2.977,5,18.5,2.977,0,,0,70,HYP-LOOSE-CONN,ALM-K-WARN;ALM-K-ALM;ALM-TTL-14D
2026-07-28T02:00:00+00:00,2120,532.9,107.6,7.37,37.12,8.31,DSYA3_L2,17.5,2.978,4,17.5,2.978,0,,0,70,HYP-LOOSE-CONN,ALM-K-WARN;ALM-K-ALM;ALM-TTL-14D
2026-07-28T02:15:00+00:00,2121,529.5,107.2,7.37,37.06,8.28,DSYA3_L2,17.09,2.979,4,17.09,2.979,0,,0,70,HYP-LOOSE-CONN,ALM-K-WARN;ALM-K-ALM;ALM-TTL-14D
2026-07-28T02:30:00+00:00,2122,525.7,106.4,7.38,37.03,8.25,DSYA3_L2,16.32,2.98,4,16.32,2.98,0,,0,70,HYP-LOOSE-CONN,ALM-K-WARN;ALM-K-ALM;ALM-TTL-14D
2026-07-28T02:45:00+00:00,2123,524,106,7.38,37,8.24,DSYA3_L2,15.89,2.981,4,15.89,2.981,0,,0,70,HYP-LOOSE-CONN,ALM-K-WARN;ALM-K-ALM;ALM-TTL-14D
2026-07-28T03:00:00+00:00,2124,524.8,106.5,7.38,37,8.23,DSYA3_L2,14.83,2.982,3,14.83,2.982,0,,0,70,HYP-LOOSE-CONN,ALM-K-WARN;ALM-K-ALM;ALM-TTL-14D
2026-07-28T03:15:00+00:00,2125,525.4,106.8,7.38,37,8.24,DSYA3_L2,14.65,2.983,3,14.65,2.983,0,,0,70,HYP-LOOSE-CONN,ALM-K-WARN;ALM-K-ALM;ALM-TTL-14D
2026-07-28T03:30:00+00:00,2126,524.5,106.9,7.38,37.03,8.25,DSYA3_L2,14.11,2.984,3,14.11,2.984,0,,0,70,HYP-LOOSE-CONN,ALM-K-WARN;ALM-K-ALM;ALM-TTL-14D
2026-07-28T03:45:00+00:00,2127,523,107.2,7.39,37.06,8.28,DSYA3_L2,13.61,2.984,3,13.61,2.984,0,,0,70,HYP-LOOSE-CONN,ALM-K-WARN;ALM-K-ALM;ALM-TTL-14D
2026-07-28T04:00:00+00:00,2128,524.5,107.4,7.38,37.12,8.31,DSYA3_L2,13.24,2.985,2,13.24,2.985,0,,0,70,HYP-LOOSE-CONN,ALM-K-WARN;ALM-K-ALM;ALM-TTL-14D
2026-07-28T04:15:00+00:00,2129,536.4,109.8,7.36,37.18,8.36,DSYA3_L2,13.05,2.986,2,13.05,2.986,0,,0,70,HYP-LOOSE-CONN,ALM-K-WARN;ALM-K-ALM;ALM-TTL-14D
2026-07-28T04:30:00+00:00,2130,548.9,112.3,7.35,37.26,8.41,DSYA3_L2,12.85,2.987,2,12.85,2.987,0,,0,70,HYP-LOOSE-CONN,ALM-K-WARN;ALM-K-ALM;ALM-TTL-14D
2026-07-28T04:45:00+00:00,2131,560.4,114.1,7.33,37.36,8.48,DSYA3_L2,12.74,2.988,2,12.74,2.988,4194304,ALM-DQ-DRIFT,0,70,HYP-LOOSE-CONN,ALM-K-WARN;ALM-K-ALM;ALM-TTL-14D
2026-07-28T05:00:00+00:00,2132,572.1,115.9,7.31,37.47,8.55,DSYA3_L2,12.63,2.989,2,12.63,2.989,4194304,ALM-DQ-DRIFT,0,70,HYP-LOOSE-CONN,ALM-K-WARN;ALM-K-ALM;ALM-TTL-14D
2026-07-28T05:15:00+00:00,2133,615.3,124.3,7.24,37.59,8.64,DSYA3_L2,12.12,2.989,1,12.12,2.989,4194304,ALM-DQ-DRIFT,0,70,HYP-LOOSE-CONN,ALM-K-WARN;ALM-K-ALM;ALM-TTL-14D
2026-07-28T05:30:00+00:00,2134,657.7,132,7.17,37.72,8.73,DSYA3_L2,12.51,2.99,1,12.51,2.99,4194304,ALM-DQ-DRIFT,0,70,HYP-LOOSE-CONN,ALM-K-WARN;ALM-K-ALM;ALM-TTL-14D
2026-07-28T05:45:00+00:00,2135,709.3,142.1,7.09,37.87,8.83,DSYA3_L2,12.82,2.992,1,12.82,2.992,4194304,ALM-DQ-DRIFT,0,70,HYP-LOOSE-CONN,ALM-K-WARN;ALM-K-ALM;ALM-TTL-14D
2026-07-28T06:00:00+00:00,2136,755.2,150.1,7.02,38.02,8.94,DSYA3_L2,13.14,2.993,1,13.14,2.993,4194304,ALM-DQ-DRIFT,0,70,HYP-LOOSE-CONN,ALM-K-WARN;ALM-K-ALM;ALM-TTL-14D
2026-07-28T06:15:00+00:00,2137,884.7,173,6.82,38.19,9.06,DSYA3_L2,13.66,2.994,1,13.66,2.994,4194304,ALM-DQ-DRIFT,0,70,HYP-LOOSE-CONN,ALM-K-WARN;ALM-K-ALM;ALM-TTL-14D
2026-07-28T06:30:00+00:00,2138,1017,196.2,6.61,38.37,9.19,DSYA3_L2,15.41,2.998,1,15.41,2.998,4194304,ALM-DQ-DRIFT,0,70,HYP-LOOSE-CONN,ALM-K-WARN;ALM-K-ALM;ALM-TTL-14D
2026-07-28T06:45:00+00:00,2139,1150,219.3,6.4,38.55,9.32,DSYA3_L2,18.14,3.005,1,18.14,3.005,4194304,ALM-DQ-DRIFT,0,70,HYP-LOOSE-CONN,ALM-K-WARN;ALM-K-ALM;ALM-TTL-14D
2026-07-28T07:00:00+00:00,2140,1277,240.2,6.21,38.75,9.46,DSYA3_L2,21.05,3.013,1,21.05,3.013,4194304,ALM-DQ-DRIFT,0,70,HYP-LOOSE-CONN,ALM-K-WARN;ALM-K-ALM;ALM-TTL-14D
2026-07-28T07:15:00+00:00,2141,1418,264.4,5.99,38.95,9.61,DSYA3_L2,24.82,3.024,2,24.82,3.024,4194304,ALM-DQ-DRIFT,0,70,HYP-LOOSE-CONN,ALM-K-WARN;ALM-K-ALM;ALM-TTL-14D
2026-07-28T07:30:00+00:00,2142,1541,285.5,5.8,39.16,9.77,DSYA3_L2,28.88,3.036,50,28.88,3.036,4194304,ALM-DQ-DRIFT,0,70,HYP-LOOSE-CONN,ALM-K-WARN;ALM-K-ALM;ALM-TTL-14D
2026-07-28T07:45:00+00:00,2143,1682,308.4,5.58,39.37,9.93,DSYA3_L2,33.22,3.048,80,33.22,3.048,0,,0,70,HYP-LOOSE-CONN,ALM-K-WARN;ALM-K-ALM;ALM-TTL-14D
2026-07-28T08:00:00+00:00,2144,1808,326.3,5.38,39.59,10.09,DSYA3_L2,38.89,3.065,145,38.89,3.065,0,,0,70,HYP-LOOSE-CONN,ALM-K-WARN;ALM-K-ALM;ALM-TTL-14D;ALM-PANEL-TEMP
2026-07-28T08:15:00+00:00,2145,1854,331.7,5.31,39.81,10.26,DSYA3_L2,44.57,3.079,145,44.57,3.079,0,,0,70,HYP-LOOSE-CONN,ALM-K-WARN;ALM-K-ALM;ALM-TTL-14D;ALM-PANEL-TEMP
2026-07-28T08:30:00+00:00,2146,1895,335.6,5.24,40.04,10.43,DSYA3_L2,47.91,3.081,145,47.91,3.081,0,,0,70,HYP-LOOSE-CONN,ALM-K-WARN;ALM-K-ALM;ALM-TTL-14D;ALM-PANEL-TEMP
2026-07-28T08:45:00+00:00,2147,1941,342.8,5.17,40.27,10.61,DSYA3_L2,50.35,3.078,169,50.35,3.078,0,,0,70,HYP-LOOSE-CONN,ALM-THR-TERM-WARN;ALM-K-WARN;ALM-K-ALM;ALM-TTL-14D;ALM-PANEL-TEMP
2026-07-28T09:00:00+00:00,2148,1985,346.2,5.1,40.5,10.79,DSYA3_L2,53.45,3.078,174,53.45,3.078,0,,0,70,HYP-LOOSE-CONN,ALM-THR-TERM-WARN;ALM-K-WARN;ALM-K-ALM;ALM-TTL-14D;ALM-PANEL-TEMP
2026-07-28T09:15:00+00:00,2149,1978,346.1,5.11,40.73,10.97,DSYA3_L2,56.59,3.078,192,56.59,3.078,0,,0,70,HYP-LOOSE-CONN,ALM-THR-TERM-WARN;ALM-K-WARN;ALM-K-ALM;ALM-TTL-14D;ALM-PANEL-TEMP
2026-07-28T09:30:00+00:00,2150,1949,342,5.16,40.95,11.15,DSYA3_L2,58.05,3.071,218,58.05,3.071,0,,0,70,HYP-LOOSE-CONN,ALM-THR-TERM-WARN;ALM-K-WARN;ALM-K-ALM;ALM-TTL-14D;ALM-PANEL-TEMP
2026-07-28T09:45:00+00:00,2151,1932,341.6,5.18,41.18,11.33,DSYA3_L2,57.75,3.054,318,57.75,3.054,0,,0,70,HYP-LOOSE-CONN,ALM-THR-TERM-WARN;ALM-K-WARN;ALM-K-ALM;ALM-TTL-14D;ALM-PANEL-TEMP
2026-07-28T10:00:00+00:00,2152,1915,339.8,5.21,41.4,11.52,DSYA3_L2,57.81,3.042,505,57.81,3.042,0,,0,50,HYP-LOOSE-CONN,ALM-THR-TERM-WARN;ALM-K-WARN;ALM-K-ALM;ALM-PANEL-TEMP
2026-07-28T10:15:00+00:00,2153,1934,346.3,5.19,41.62,11.7,DSYA3_L2,57.55,3.029,1345,57.55,3.029,0,,0,50,HYP-LOOSE-CONN,ALM-THR-TERM-WARN;ALM-K-WARN;ALM-K-ALM;ALM-PANEL-TEMP
2026-07-28T10:30:00+00:00,2154,1960,348.6,5.15,41.84,11.88,DSYA3_L2,58.82,3.026,,58.82,3.026,0,,0,50,HYP-LOOSE-CONN,ALM-THR-TERM-WARN;ALM-K-WARN;ALM-K-ALM;ALM-PANEL-TEMP
2026-07-28T10:45:00+00:00,2155,1963,347.6,5.14,42.05,12.05,DSYA3_L2,60.09,3.023,,60.09,3.023,0,,0,50,HYP-LOOSE-CONN,ALM-THR-TERM-WARN;ALM-K-WARN;ALM-K-ALM;ALM-PANEL-TEMP
2026-07-28T11:00:00+00:00,2156,1973,346.8,5.12,42.25,12.22,DSYA3_L2,61.22,3.019,,61.22,3.019,0,,0,50,HYP-LOOSE-CONN,ALM-THR-TERM-WARN;ALM-K-WARN;ALM-K-ALM;ALM-PANEL-TEMP
2026-07-28T11:15:00+00:00,2157,1970,344.5,5.12,42.44,12.39,DSYA3_L2,62.25,3.015,,62.25,3.015,0,,0,40,HYP-LOOSE-CONN,ALM-THR-TERM-WARN;ALM-K-WARN;ALM-K-ALM;ALM-PANEL-TEMP
2026-07-28T11:30:00+00:00,2158,1969,338.6,5.11,42.63,12.55,DSYA3_L2,63.28,3.013,,63.28,3.013,0,,0,40,HYP-LOOSE-CONN,ALM-THR-TERM-WARN;ALM-K-WARN;ALM-K-ALM;ALM-PANEL-TEMP
2026-07-28T11:45:00+00:00,2159,1958,338.7,5.13,42.81,12.7,DSYA3_L2,63.74,3.006,,63.74,3.006,0,,0,40,HYP-LOOSE-CONN,ALM-THR-TERM-WARN;ALM-K-WARN;ALM-K-ALM;ALM-PANEL-TEMP
2026-07-28T12:00:00+00:00,2160,1952,339.5,5.15,42.97,12.85,DSYA3_L2,64.71,3.005,,64.71,3.005,0,,0,40,HYP-LOOSE-CONN,ALM-THR-TERM-WARN;ALM-K-WARN;ALM-K-ALM;ALM-PANEL-TEMP
2026-07-28T12:15:00+00:00,2161,1918,334.1,5.2,43.13,12.99,DSYA3_L2,64.42,2.996,,64.42,2.996,0,,0,40,HYP-LOOSE-CONN,ALM-THR-TERM-WARN;ALM-K-WARN;ALM-K-ALM;ALM-PANEL-TEMP
2026-07-28T12:30:00+00:00,2162,1886,327.7,5.25,43.27,13.12,DSYA3_L2,64.12,2.99,,64.12,2.99,0,,0,40,HYP-LOOSE-CONN,ALM-THR-TERM-WARN;ALM-K-WARN;ALM-K-ALM;ALM-PANEL-TEMP
2026-07-28T12:45:00+00:00,2163,1838,320.4,5.32,43.41,13.24,DSYA3_L2,63.03,2.979,,63.03,2.979,0,,0,40,HYP-LOOSE-CONN,ALM-THR-TERM-WARN;ALM-K-WARN;ALM-K-ALM;ALM-PANEL-TEMP
2026-07-28T13:00:00+00:00,2164,1805,320.3,5.38,43.53,13.35,DSYA3_L2,61.78,2.97,,61.78,2.97,0,,0,40,HYP-LOOSE-CONN,ALM-THR-TERM-WARN;ALM-K-WARN;ALM-K-ALM;ALM-PANEL-TEMP
2026-07-28T13:15:00+00:00,2165,1828,325.2,5.35,43.64,13.44,DSYA3_L2,59.97,2.959,,59.97,2.959,0,,0,40,HYP-LOOSE-CONN,ALM-THR-TERM-WARN;ALM-K-WARN;ALM-K-ALM;ALM-PANEL-TEMP
2026-07-28T13:30:00+00:00,2166,1839,327,5.33,43.73,13.53,DSYA3_L2,60.73,2.963,,60.73,2.963,0,,0,40,HYP-LOOSE-CONN,ALM-THR-TERM-WARN;ALM-K-WARN;ALM-K-ALM;ALM-PANEL-TEMP
2026-07-28T13:45:00+00:00,2167,1832,325.4,5.34,43.81,13.6,DSYA3_L2,61.13,2.965,,61.13,2.965,0,,0,40,HYP-LOOSE-CONN,ALM-THR-TERM-WARN;ALM-K-WARN;ALM-K-ALM;ALM-PANEL-TEMP
2026-07-28T14:00:00+00:00,2168,1854,326.9,5.3,43.88,13.66,DSYA3_L2,61.45,2.967,,61.45,2.967,0,,0,40,HYP-LOOSE-CONN,ALM-THR-TERM-WARN;ALM-K-WARN;ALM-K-ALM;ALM-PANEL-TEMP
2026-07-28T14:15:00+00:00,2169,1870,328.5,5.28,43.93,13.71,DSYA3_L2,62.09,2.969,,62.09,2.969,0,,0,40,HYP-LOOSE-CONN,ALM-THR-TERM-WARN;ALM-K-WARN;ALM-K-ALM;ALM-PANEL-TEMP
2026-07-28T14:30:00+00:00,2170,1890,329.2,5.24,43.97,13.75,DSYA3_L2,63.39,2.976,,63.39,2.976,0,,0,40,HYP-LOOSE-CONN,ALM-THR-TERM-WARN;ALM-K-WARN;ALM-K-ALM;ALM-PANEL-TEMP
2026-07-28T14:45:00+00:00,2171,1901,333.7,5.23,43.99,13.77,DSYA3_L2,64.25,2.979,,64.25,2.979,0,,0,40,HYP-LOOSE-CONN,ALM-THR-TERM-WARN;ALM-K-WARN;ALM-K-ALM;ALM-PANEL-TEMP
2026-07-28T15:00:00+00:00,2172,1911,333,5.21,44,13.77,DSYA3_L2,64.98,2.982,,64.98,2.982,0,,0,40,HYP-LOOSE-CONN,ALM-THR-TERM-WARN;ALM-K-WARN;ALM-K-ALM;ALM-PANEL-TEMP
2026-07-28T15:15:00+00:00,2173,1927,334.9,5.18,43.99,13.77,DSYA3_L2,65.87,2.986,,65.87,2.986,4194304,ALM-DQ-DRIFT,0,50,HYP-LOOSE-CONN,ALM-THR-TERM-WARN;ALM-K-WARN;ALM-K-ALM;ALM-PANEL-TEMP
2026-07-28T15:30:00+00:00,2174,1917,330.1,5.19,43.97,13.75,DSYA3_L2,66.51,2.987,,66.51,2.987,4194304,ALM-DQ-DRIFT,0,40,HYP-LOOSE-CONN,ALM-THR-TERM-WARN;ALM-K-WARN;ALM-K-ALM;ALM-PANEL-TEMP
2026-07-28T15:45:00+00:00,2175,1922,332.4,5.19,43.93,13.71,DSYA3_L2,67.02,2.989,,67.02,2.989,4194304,ALM-DQ-DRIFT,0,40,HYP-LOOSE-CONN,ALM-THR-TERM-WARN;ALM-K-WARN;ALM-K-ALM;ALM-PANEL-TEMP
2026-07-28T16:00:00+00:00,2176,1926,334.7,5.19,43.88,13.66,DSYA3_L2,67.63,2.991,,67.63,2.991,4194304,ALM-DQ-DRIFT,0,50,HYP-LOOSE-CONN,ALM-THR-TERM-WARN;ALM-K-WARN;ALM-K-ALM;ALM-PANEL-TEMP
2026-07-28T16:15:00+00:00,2177,1912,330.4,5.2,43.81,13.6,DSYA3_L2,67.66,2.99,,67.66,2.99,4194304,ALM-DQ-DRIFT,0,40,HYP-LOOSE-CONN,ALM-THR-TERM-WARN;ALM-K-WARN;ALM-K-ALM;ALM-PANEL-TEMP
2026-07-28T16:30:00+00:00,2178,1911,329.6,5.21,43.73,13.53,DSYA3_L2,67.68,2.99,,67.68,2.99,4194304,ALM-DQ-DRIFT,0,40,HYP-LOOSE-CONN,ALM-THR-TERM-WARN;ALM-K-WARN;ALM-K-ALM;ALM-PANEL-TEMP
2026-07-28T16:45:00+00:00,2179,1899,329.1,5.23,43.64,13.44,DSYA3_L2,68.2,2.993,,68.2,2.993,4194304,ALM-DQ-DRIFT,0,40,HYP-LOOSE-CONN,ALM-THR-TERM-WARN;ALM-K-WARN;ALM-K-ALM;ALM-PANEL-TEMP
2026-07-28T17:00:00+00:00,2180,1892,327.7,5.24,43.53,13.35,DSYA3_L2,67.67,2.99,,67.67,2.99,4194304,ALM-DQ-DRIFT,0,40,HYP-LOOSE-CONN,ALM-THR-TERM-WARN;ALM-K-WARN;ALM-K-ALM;ALM-PANEL-TEMP
2026-07-28T17:15:00+00:00,2181,1868,322,5.27,43.41,13.24,DSYA3_L2,67.53,2.99,,67.53,2.99,4194304,ALM-DQ-DRIFT,0,40,HYP-LOOSE-CONN,ALM-THR-TERM-WARN;ALM-K-WARN;ALM-K-ALM;ALM-PANEL-TEMP
2026-07-28T17:30:00+00:00,2182,1833,314.2,5.32,43.27,13.12,DSYA3_L2,66.82,2.987,,66.82,2.987,4194304,ALM-DQ-DRIFT,0,40,HYP-LOOSE-CONN,ALM-THR-TERM-WARN;ALM-K-WARN;ALM-K-ALM;ALM-PANEL-TEMP
2026-07-28T17:45:00+00:00,2183,1806,308.9,5.36,43.13,12.99,DSYA3_L2,65.7,2.983,,65.7,2.983,4194304,ALM-DQ-DRIFT,0,40,HYP-LOOSE-CONN,ALM-THR-TERM-WARN;ALM-K-WARN;ALM-K-ALM;ALM-PANEL-TEMP
2026-07-28T18:00:00+00:00,2184,1766,305.1,5.43,42.97,12.85,DSYA3_L2,64.1,2.977,,64.1,2.977,4194304,ALM-DQ-DRIFT,0,40,HYP-LOOSE-CONN,ALM-THR-TERM-WARN;ALM-K-WARN;ALM-K-ALM;ALM-PANEL-TEMP
2026-07-28T18:15:00+00:00,2185,1750,302.9,5.45,42.81,12.7,DSYA3_L2,63.14,2.976,,63.14,2.976,4194304,ALM-DQ-DRIFT,0,40,HYP-LOOSE-CONN,ALM-THR-TERM-WARN;ALM-K-WARN;ALM-K-ALM;ALM-PANEL-TEMP
2026-07-28T18:30:00+00:00,2186,1731,301.2,5.48,42.63,12.55,DSYA3_L2,62.45,2.977,,62.45,2.977,4194304,ALM-DQ-DRIFT,0,50,HYP-LOOSE-CONN,ALM-THR-TERM-WARN;ALM-K-WARN;ALM-K-ALM;ALM-PANEL-TEMP
2026-07-28T18:45:00+00:00,2187,1708,297.3,5.52,42.44,12.39,DSYA3_L2,61.38,2.976,,61.38,2.976,4194304,ALM-DQ-DRIFT,0,40,HYP-LOOSE-CONN,ALM-THR-TERM-WARN;ALM-K-WARN;ALM-K-ALM;ALM-PANEL-TEMP
2026-07-28T19:00:00+00:00,2188,1693,296,5.54,42.25,12.22,DSYA3_L2,60.59,2.977,,60.59,2.977,4194304,ALM-DQ-DRIFT,0,40,HYP-LOOSE-CONN,ALM-THR-TERM-WARN;ALM-K-WARN;ALM-K-ALM;ALM-PANEL-TEMP
2026-07-28T19:15:00+00:00,2189,1709,299.1,5.52,42.05,12.05,DSYA3_L2,60,2.98,,60,2.98,4194304,ALM-DQ-DRIFT,0,40,HYP-LOOSE-CONN,ALM-THR-TERM-WARN;ALM-K-WARN;ALM-K-ALM;ALM-PANEL-TEMP
2026-07-28T19:30:00+00:00,2190,1728,300.3,5.49,41.84,11.88,DSYA3_L2,60.06,2.984,,60.06,2.984,4194304,ALM-DQ-DRIFT,0,40,HYP-LOOSE-CONN,ALM-THR-TERM-WARN;ALM-K-WARN;ALM-K-ALM;ALM-PANEL-TEMP
2026-07-28T19:45:00+00:00,2191,1733,301.8,5.48,41.62,11.7,DSYA3_L2,60.2,2.988,,60.2,2.988,4194304,ALM-DQ-DRIFT,0,50,HYP-LOOSE-CONN,ALM-THR-TERM-WARN;ALM-K-WARN;ALM-K-ALM;ALM-PANEL-TEMP
2026-07-28T20:00:00+00:00,2192,1738,302.9,5.47,41.4,11.52,DSYA3_L2,60.73,2.994,1311,60.73,2.994,4194304,ALM-DQ-DRIFT,0,50,HYP-LOOSE-CONN,ALM-THR-TERM-WARN;ALM-K-WARN;ALM-K-ALM;ALM-PANEL-TEMP
2026-07-28T20:15:00+00:00,2193,1705,297.4,5.52,41.18,11.33,DSYA3_L2,60.58,2.997,831,60.58,2.997,4194304,ALM-DQ-DRIFT,0,50,HYP-LOOSE-CONN,ALM-THR-TERM-WARN;ALM-K-WARN;ALM-K-ALM;ALM-PANEL-TEMP
2026-07-28T20:30:00+00:00,2194,1674,293.1,5.57,40.95,11.15,DSYA3_L2,59.91,2.998,711,59.91,2.998,4194304,ALM-DQ-DRIFT,0,50,HYP-LOOSE-CONN,ALM-THR-TERM-WARN;ALM-K-WARN;ALM-K-ALM;ALM-PANEL-TEMP
2026-07-28T20:45:00+00:00,2195,1646,289.7,5.62,40.73,10.97,DSYA3_L2,58.8,2.997,711,58.8,2.997,4194304,ALM-DQ-DRIFT,0,50,HYP-LOOSE-CONN,ALM-THR-TERM-WARN;ALM-K-WARN;ALM-K-ALM;ALM-PANEL-TEMP
2026-07-28T21:00:00+00:00,2196,1615,286.7,5.67,40.5,10.79,DSYA3_L2,57.03,2.993,1478,57.03,2.993,4194304,ALM-DQ-DRIFT,0,50,HYP-LOOSE-CONN,ALM-THR-TERM-WARN;ALM-K-WARN;ALM-K-ALM;ALM-PANEL-TEMP
2026-07-28T21:15:00+00:00,2197,1557,278,5.76,40.27,10.61,DSYA3_L2,56.01,2.994,810,56.01,2.994,4194304,ALM-DQ-DRIFT,0,50,HYP-LOOSE-CONN,ALM-THR-TERM-WARN;ALM-K-WARN;ALM-K-ALM
2026-07-28T21:30:00+00:00,2198,1506,269.8,5.84,40.04,10.43,DSYA3_L2,54.01,2.991,,54.01,2.991,4194304,ALM-DQ-DRIFT,0,50,HYP-LOOSE-CONN,ALM-THR-TERM-WARN;ALM-K-WARN;ALM-K-ALM
2026-07-28T21:45:00+00:00,2199,1439,258.6,5.94,39.81,10.26,DSYA3_L2,52.05,2.99,,52.05,2.99,4194304,ALM-DQ-DRIFT,0,50,HYP-LOOSE-CONN,ALM-THR-TERM-WARN;ALM-K-WARN;ALM-K-ALM
2026-07-28T22:00:00+00:00,2200,1378,249.1,6.04,39.59,10.09,DSYA3_L2,49.57,2.987,,49.57,2.987,4194304,ALM-DQ-DRIFT,0,50,HYP-LOOSE-CONN,ALM-K-WARN;ALM-K-ALM
2026-07-28T22:15:00+00:00,2201,1283,234.5,6.19,39.37,9.93,DSYA3_L2,47.13,2.985,,47.13,2.985,4194304,ALM-DQ-DRIFT,0,50,HYP-LOOSE-CONN,ALM-K-WARN;ALM-K-ALM
2026-07-28T22:30:00+00:00,2202,1184,218.2,6.34,39.16,9.77,DSYA3_L2,43.93,2.982,,43.93,2.982,4194304,ALM-DQ-DRIFT,0,50,HYP-LOOSE-CONN,ALM-K-WARN;ALM-K-ALM
2026-07-28T22:45:00+00:00,2203,1089,203,6.49,38.95,9.61,DSYA3_L2,40.89,2.981,,40.89,2.981,4194304,ALM-DQ-DRIFT,0,50,HYP-LOOSE-CONN,ALM-K-WARN;ALM-K-ALM
2026-07-28T23:00:00+00:00,2204,995.8,189.7,6.64,38.75,9.46,DSYA3_L2,37.67,2.979,,37.67,2.979,4194304,ALM-DQ-DRIFT,0,50,HYP-LOOSE-CONN,ALM-K-WARN;ALM-K-ALM
2026-07-28T23:15:00+00:00,2205,899.4,174.2,6.79,38.55,9.32,DSYA3_L2,34.75,2.979,,34.75,2.979,4194304,ALM-DQ-DRIFT,0,50,HYP-LOOSE-CONN,ALM-K-WARN;ALM-K-ALM
2026-07-28T23:30:00+00:00,2206,807.6,157.4,6.94,38.37,9.19,DSYA3_L2,31.36,2.978,,31.36,2.978,4194304,ALM-DQ-DRIFT,0,50,HYP-LOOSE-CONN,ALM-K-WARN;ALM-K-ALM
2026-07-28T23:45:00+00:00,2207,716.5,140.7,7.08,38.19,9.06,DSYA3_L2,29.51,2.98,,29.51,2.98,4194304,ALM-DQ-DRIFT,0,50,HYP-LOOSE-CONN,ALM-K-WARN;ALM-K-ALM
2026-07-29T00:00:00+00:00,2208,625.7,124.3,7.22,38.01,8.94,DSYA3_L2,27.14,2.981,,27.14,2.981,4194304,ALM-DQ-DRIFT,0,50,HYP-LOOSE-CONN,ALM-K-WARN;ALM-K-ALM
2026-07-29T00:15:00+00:00,2209,608,121.5,7.25,37.86,8.83,DSYA3_L2,24.57,2.981,,24.57,2.981,4194304,ALM-DQ-DRIFT,0,50,HYP-LOOSE-CONN,ALM-K-WARN;ALM-K-ALM
2026-07-29T00:30:00+00:00,2210,593.7,118.7,7.27,37.71,8.72,DSYA3_L2,23.22,2.982,,23.22,2.982,4194304,ALM-DQ-DRIFT,0,50,HYP-LOOSE-CONN,ALM-K-WARN;ALM-K-ALM
2026-07-29T00:45:00+00:00,2211,580.7,115.9,7.29,37.58,8.63,DSYA3_L2,22.3,2.984,7,22.3,2.984,4194304,ALM-DQ-DRIFT,0,70,HYP-LOOSE-CONN,ALM-K-WARN;ALM-K-ALM;ALM-TTL-14D
2026-07-29T01:00:00+00:00,2212,571.3,114,7.31,37.46,8.55,DSYA3_L2,20.9,2.985,7,20.9,2.985,4194304,ALM-DQ-DRIFT,0,70,HYP-LOOSE-CONN,ALM-K-WARN;ALM-K-ALM;ALM-TTL-14D
2026-07-29T01:15:00+00:00,2213,561.9,111.5,7.32,37.35,8.47,DSYA3_L2,20.75,2.987,5,20.75,2.987,4194304,ALM-DQ-DRIFT,0,70,HYP-LOOSE-CONN,ALM-K-WARN;ALM-K-ALM;ALM-TTL-14D
2026-07-29T01:30:00+00:00,2214,551.5,109.5,7.34,37.26,8.41,DSYA3_L2,19.73,2.988,5,19.73,2.988,0,,0,70,HYP-LOOSE-CONN,ALM-K-WARN;ALM-K-ALM;ALM-TTL-14D
2026-07-29T01:45:00+00:00,2215,537.9,106.4,7.36,37.18,8.35,DSYA3_L2,19.15,2.989,5,19.15,2.989,0,,0,70,HYP-LOOSE-CONN,ALM-K-WARN;ALM-K-ALM;ALM-TTL-14D
2026-07-29T02:00:00+00:00,2216,525.5,103.1,7.37,37.11,8.31,DSYA3_L2,17.9,2.99,4,17.9,2.99,0,,0,70,HYP-LOOSE-CONN,ALM-K-WARN;ALM-K-ALM;ALM-TTL-14D
2026-07-29T02:15:00+00:00,2217,519,101.5,7.38,37.06,8.27,DSYA3_L2,17.54,2.991,4,17.54,2.991,0,,0,70,HYP-LOOSE-CONN,ALM-K-WARN;ALM-K-ALM;ALM-TTL-14D
2026-07-29T02:30:00+00:00,2218,517.7,101.2,7.39,37.02,8.25,DSYA3_L2,16.77,2.991,4,16.77,2.991,0,,0,70,HYP-LOOSE-CONN,ALM-K-WARN;ALM-K-ALM;ALM-TTL-14D
2026-07-29T02:45:00+00:00,2219,515.4,100.6,7.39,37,8.23,DSYA3_L2,16.06,2.992,4,16.06,2.992,0,,0,70,HYP-LOOSE-CONN,ALM-K-WARN;ALM-K-ALM;ALM-TTL-14D
2026-07-29T03:00:00+00:00,2220,512.1,100.3,7.39,36.99,8.23,DSYA3_L2,15.48,2.993,3,15.48,2.993,0,,0,70,HYP-LOOSE-CONN,ALM-K-WARN;ALM-K-ALM;ALM-TTL-14D
2026-07-29T03:15:00+00:00,2221,512.1,100.2,7.39,37,8.23,DSYA3_L2,14.71,2.993,3,14.71,2.993,0,,0,70,HYP-LOOSE-CONN,ALM-K-WARN;ALM-K-ALM;ALM-TTL-14D
2026-07-29T03:30:00+00:00,2222,513.4,100.4,7.39,37.02,8.25,DSYA3_L2,14.33,2.994,3,14.33,2.994,0,,0,70,HYP-LOOSE-CONN,ALM-K-WARN;ALM-K-ALM;ALM-TTL-14D
2026-07-29T03:45:00+00:00,2223,514.1,100.3,7.39,37.06,8.27,DSYA3_L2,14.07,2.995,3,14.07,2.995,0,,0,70,HYP-LOOSE-CONN,ALM-K-WARN;ALM-K-ALM;ALM-TTL-14D
2026-07-29T04:00:00+00:00,2224,510.9,99.2,7.39,37.11,8.31,DSYA3_L2,13.57,2.995,2,13.57,2.995,0,,0,70,HYP-LOOSE-CONN,ALM-K-WARN;ALM-K-ALM;ALM-TTL-14D
2026-07-29T04:15:00+00:00,2225,520.1,100.4,7.38,37.18,8.35,DSYA3_L2,13.5,2.996,2,13.5,2.996,0,,0,70,HYP-LOOSE-CONN,ALM-K-WARN;ALM-K-ALM;ALM-TTL-14D
2026-07-29T04:30:00+00:00,2226,529.2,101.9,7.36,37.26,8.41,DSYA3_L2,13.16,2.997,2,13.16,2.997,0,,0,70,HYP-LOOSE-CONN,ALM-K-WARN;ALM-K-ALM;ALM-TTL-14D
2026-07-29T04:45:00+00:00,2227,538.5,103.4,7.35,37.35,8.47,DSYA3_L2,12.74,2.997,2,12.74,2.997,0,,0,70,HYP-LOOSE-CONN,ALM-K-WARN;ALM-K-ALM;ALM-TTL-14D
2026-07-29T05:00:00+00:00,2228,549.4,105.8,7.33,37.46,8.55,DSYA3_L2,12.39,2.998,2,12.39,2.998,0,,0,70,HYP-LOOSE-CONN,ALM-K-WARN;ALM-K-ALM;ALM-TTL-14D
2026-07-29T05:15:00+00:00,2229,587.9,112.4,7.27,37.58,8.63,DSYA3_L2,12.52,2.999,1,12.52,2.999,0,,0,70,HYP-LOOSE-CONN,ALM-K-WARN;ALM-K-ALM;ALM-TTL-14D
2026-07-29T05:30:00+00:00,2230,628.9,119.2,7.21,37.71,8.72,DSYA3_L2,12.45,2.999,1,12.45,2.999,0,,0,70,HYP-LOOSE-CONN,ALM-K-WARN;ALM-K-ALM;ALM-TTL-14D
2026-07-29T05:45:00+00:00,2231,668.5,126.2,7.14,37.86,8.83,DSYA3_L2,12.37,3,1,12.37,3,0,,0,70,HYP-LOOSE-CONN,ALM-K-WARN;ALM-K-ALM;ALM-TTL-14D
2026-07-29T06:00:00+00:00,2232,709.4,133.8,7.08,38.01,8.94,DSYA3_L2,12.99,3.001,1,12.99,3.001,0,,0,70,HYP-LOOSE-CONN,ALM-K-WARN;ALM-K-ALM;ALM-TTL-14D
2026-07-29T06:15:00+00:00,2233,834.1,155.9,6.88,38.18,9.06,DSYA3_L2,13.52,3.003,1,13.52,3.003,0,,0,70,HYP-LOOSE-CONN,ALM-K-WARN;ALM-K-ALM;ALM-TTL-14D
2026-07-29T06:30:00+00:00,2234,954.1,176.2,6.7,38.36,9.18,DSYA3_L2,15.05,3.005,1,15.05,3.005,0,,0,70,HYP-LOOSE-CONN,ALM-K-WARN;ALM-K-ALM;ALM-TTL-14D
2026-07-29T06:45:00+00:00,2235,1082,197.8,6.5,38.55,9.32,DSYA3_L2,17.36,3.01,1,17.36,3.01,0,,0,70,HYP-LOOSE-CONN,ALM-K-WARN;ALM-K-ALM;ALM-TTL-14D
2026-07-29T07:00:00+00:00,2236,1202,216.4,6.31,38.74,9.46,DSYA3_L2,20.48,3.017,1,20.48,3.017,0,,0,70,HYP-LOOSE-CONN,ALM-K-WARN;ALM-K-ALM;ALM-TTL-14D
2026-07-29T07:15:00+00:00,2237,1323,235.5,6.12,38.94,9.61,DSYA3_L2,23.5,3.024,2,23.5,3.024,0,,0,70,HYP-LOOSE-CONN,ALM-K-WARN;ALM-K-ALM;ALM-TTL-14D
2026-07-29T07:30:00+00:00,2238,1454,255.8,5.91,39.15,9.76,DSYA3_L2,27.3,3.034,52,27.3,3.034,0,,0,70,HYP-LOOSE-CONN,ALM-K-WARN;ALM-K-ALM;ALM-TTL-14D
2026-07-29T07:45:00+00:00,2239,1580,273.2,5.71,39.36,9.92,DSYA3_L2,31.16,3.043,123,31.16,3.043,0,,0,70,HYP-LOOSE-CONN,ALM-K-WARN;ALM-K-ALM;ALM-TTL-14D
2026-07-29T08:00:00+00:00,2240,1713,291.1,5.5,39.58,10.08,DSYA3_L2,36.15,3.056,147,36.15,3.056,0,,0,70,HYP-LOOSE-CONN,ALM-K-WARN;ALM-K-ALM;ALM-TTL-14D;ALM-PANEL-TEMP
2026-07-29T08:15:00+00:00,2241,1754,294.3,5.43,39.81,10.25,DSYA3_L2,41.73,3.07,145,41.73,3.07,0,,0,70,HYP-LOOSE-CONN,ALM-K-WARN;ALM-K-ALM;ALM-TTL-14D;ALM-PANEL-TEMP
2026-07-29T08:30:00+00:00,2242,1810,305.2,5.35,40.03,10.43,DSYA3_L2,44.74,3.072,170,44.74,3.072,0,,0,70,HYP-LOOSE-CONN,ALM-K-WARN;ALM-K-ALM;ALM-TTL-14D;ALM-PANEL-TEMP
2026-07-29T08:45:00+00:00,2243,1848,312.3,5.29,40.26,10.6,DSYA3_L2,47.91,3.075,194,47.91,3.075,0,,0,70,HYP-LOOSE-CONN,ALM-K-WARN;ALM-K-ALM;ALM-TTL-14D;ALM-PANEL-TEMP
2026-07-29T09:00:00+00:00,2244,1893,318.5,5.22,40.49,10.78,DSYA3_L2,50.1,3.073,218,50.1,3.073,0,,0,70,HYP-LOOSE-CONN,ALM-THR-TERM-WARN;ALM-K-WARN;ALM-K-ALM;ALM-TTL-14D;ALM-PANEL-TEMP
2026-07-29T09:15:00+00:00,2245,1872,316.3,5.25,40.72,10.96,DSYA3_L2,53.13,3.075,218,53.13,3.075,0,,0,70,HYP-LOOSE-CONN,ALM-THR-TERM-WARN;ALM-K-WARN;ALM-K-ALM;ALM-TTL-14D;ALM-PANEL-TEMP
2026-07-29T09:30:00+00:00,2246,1864,318.8,5.27,40.95,11.15,DSYA3_L2,53.55,3.065,289,53.55,3.065,0,,0,70,HYP-LOOSE-CONN,ALM-THR-TERM-WARN;ALM-K-WARN;ALM-K-ALM;ALM-TTL-14D;ALM-PANEL-TEMP
2026-07-29T09:45:00+00:00,2247,1849,315.3,5.29,41.17,11.33,DSYA3_L2,53.75,3.055,385,53.75,3.055,0,,0,50,HYP-LOOSE-CONN,ALM-THR-TERM-WARN;ALM-K-WARN;ALM-K-ALM;ALM-PANEL-TEMP
2026-07-29T10:00:00+00:00,2248,1846,313,5.3,41.4,11.51,DSYA3_L2,53.98,3.046,509,53.98,3.046,0,,0,50,HYP-LOOSE-CONN,ALM-THR-TERM-WARN;ALM-K-WARN;ALM-K-ALM;ALM-PANEL-TEMP
2026-07-29T10:15:00+00:00,2249,1852,314.3,5.29,41.62,11.69,DSYA3_L2,54.63,3.04,791,54.63,3.04,0,,0,50,HYP-LOOSE-CONN,ALM-THR-TERM-WARN;ALM-K-WARN;ALM-K-ALM;ALM-PANEL-TEMP
2026-07-29T10:30:00+00:00,2250,1878,318.5,5.25,41.83,11.87,DSYA3_L2,55.7,3.038,1009,55.7,3.038,0,,0,50,HYP-LOOSE-CONN,ALM-THR-TERM-WARN;ALM-K-WARN;ALM-K-ALM;ALM-PANEL-TEMP
2026-07-29T10:45:00+00:00,2251,1885,321.7,5.24,42.04,12.04,DSYA3_L2,56.49,3.033,1968,56.49,3.033,0,,0,50,HYP-LOOSE-CONN,ALM-THR-TERM-WARN;ALM-K-WARN;ALM-K-ALM;ALM-PANEL-TEMP
2026-07-29T11:00:00+00:00,2252,1894,320.4,5.22,42.24,12.22,DSYA3_L2,57.65,3.03,,57.65,3.03,0,,0,50,HYP-LOOSE-CONN,ALM-THR-TERM-WARN;ALM-K-WARN;ALM-K-ALM;ALM-PANEL-TEMP
2026-07-29T11:15:00+00:00,2253,1885,320.7,5.24,42.43,12.38,DSYA3_L2,59.1,3.03,,59.1,3.03,0,,0,50,HYP-LOOSE-CONN,ALM-THR-TERM-WARN;ALM-K-WARN;ALM-K-ALM;ALM-PANEL-TEMP
2026-07-29T11:30:00+00:00,2254,1881,318.7,5.24,42.62,12.54,DSYA3_L2,59.24,3.024,,59.24,3.024,0,,0,50,HYP-LOOSE-CONN,ALM-THR-TERM-WARN;ALM-K-WARN;ALM-K-ALM;ALM-PANEL-TEMP
2026-07-29T11:45:00+00:00,2255,1879,318,5.25,42.8,12.7,DSYA3_L2,59.64,3.019,,59.64,3.019,0,,0,50,HYP-LOOSE-CONN,ALM-THR-TERM-WARN;ALM-K-WARN;ALM-K-ALM;ALM-PANEL-TEMP
2026-07-29T12:00:00+00:00,2256,1885,315,5.23,42.97,12.84,DSYA3_L2,59.88,3.014,,59.88,3.014,0,,0,40,HYP-LOOSE-CONN,ALM-THR-TERM-WARN;ALM-K-WARN;ALM-K-ALM;ALM-PANEL-TEMP
2026-07-29T12:15:00+00:00,2257,1852,311.3,5.28,43.12,12.98,DSYA3_L2,61.03,3.015,,61.03,3.015,0,,0,40,HYP-LOOSE-CONN,ALM-THR-TERM-WARN;ALM-K-WARN;ALM-K-ALM;ALM-PANEL-TEMP
2026-07-29T12:30:00+00:00,2258,1832,308.6,5.31,43.27,13.11,DSYA3_L2,60.62,3.008,,60.62,3.008,0,,0,40,HYP-LOOSE-CONN,ALM-THR-TERM-WARN;ALM-K-WARN;ALM-K-ALM;ALM-PANEL-TEMP
2026-07-29T12:45:00+00:00,2259,1823,310,5.33,43.4,13.23,DSYA3_L2,59.64,2.998,,59.64,2.998,0,,0,40,HYP-LOOSE-CONN,ALM-THR-TERM-WARN;ALM-K-WARN;ALM-K-ALM;ALM-PANEL-TEMP
2026-07-29T13:00:00+00:00,2260,1781,304.7,5.4,43.52,13.34,DSYA3_L2,60.18,2.999,,60.18,2.999,0,,0,40,HYP-LOOSE-CONN,ALM-THR-TERM-WARN;ALM-K-WARN;ALM-K-ALM;ALM-PANEL-TEMP
2026-07-29T13:15:00+00:00,2261,1794,305.4,5.38,43.63,13.44,DSYA3_L2,58.58,2.988,,58.58,2.988,0,,0,40,HYP-LOOSE-CONN,ALM-THR-TERM-WARN;ALM-K-WARN;ALM-K-ALM;ALM-PANEL-TEMP
2026-07-29T13:30:00+00:00,2262,1798,307.2,5.37,43.72,13.52,DSYA3_L2,58.59,2.987,,58.59,2.987,0,,0,40,HYP-LOOSE-CONN,ALM-THR-TERM-WARN;ALM-K-WARN;ALM-K-ALM;ALM-PANEL-TEMP
2026-07-29T13:45:00+00:00,2263,1805,307.2,5.36,43.8,13.6,DSYA3_L2,59.22,2.989,,59.22,2.989,0,,0,40,HYP-LOOSE-CONN,ALM-THR-TERM-WARN;ALM-K-WARN;ALM-K-ALM;ALM-PANEL-TEMP
2026-07-29T14:00:00+00:00,2264,1809,305.1,5.35,43.87,13.66,DSYA3_L2,59.71,2.99,,59.71,2.99,0,,0,40,HYP-LOOSE-CONN,ALM-THR-TERM-WARN;ALM-K-WARN;ALM-K-ALM;ALM-PANEL-TEMP
2026-07-29T14:15:00+00:00,2265,1830,308.2,5.32,43.92,13.71,DSYA3_L2,60.52,2.993,,60.52,2.993,0,,0,40,HYP-LOOSE-CONN,ALM-THR-TERM-WARN;ALM-K-WARN;ALM-K-ALM;ALM-PANEL-TEMP
2026-07-29T14:30:00+00:00,2266,1857,311.6,5.27,43.96,13.74,DSYA3_L2,61.6,2.997,,61.6,2.997,0,,0,40,HYP-LOOSE-CONN,ALM-THR-TERM-WARN;ALM-K-WARN;ALM-K-ALM;ALM-PANEL-TEMP
2026-07-29T14:45:00+00:00,2267,1877,313.8,5.24,43.98,13.76,DSYA3_L2,62.38,2.999,,62.38,2.999,0,,0,40,HYP-LOOSE-CONN,ALM-THR-TERM-WARN;ALM-K-WARN;ALM-K-ALM;ALM-PANEL-TEMP
2026-07-29T15:00:00+00:00,2268,1918,321.8,5.18,43.99,13.77,DSYA3_L2,64.08,3.005,,64.08,3.005,0,,0,40,HYP-LOOSE-CONN,ALM-THR-TERM-WARN;ALM-K-WARN;ALM-K-ALM;ALM-PANEL-TEMP
2026-07-29T15:15:00+00:00,2269,1918,322,5.18,43.98,13.76,DSYA3_L2,65.61,3.01,,65.61,3.01,0,,0,40,HYP-LOOSE-CONN,ALM-THR-TERM-WARN;ALM-K-WARN;ALM-K-ALM;ALM-PANEL-TEMP
2026-07-29T15:30:00+00:00,2270,1913,322,5.19,43.96,13.74,DSYA3_L2,66.18,3.01,,66.18,3.01,0,,0,50,HYP-LOOSE-CONN,ALM-THR-TERM-WARN;ALM-K-WARN;ALM-K-ALM;ALM-PANEL-TEMP
2026-07-29T15:45:00+00:00,2271,1913,324.2,5.19,43.92,13.71,DSYA3_L2,66.73,3.01,,66.73,3.01,0,,0,40,HYP-LOOSE-CONN,ALM-THR-TERM-WARN;ALM-K-WARN;ALM-K-ALM;ALM-PANEL-TEMP
2026-07-29T16:00:00+00:00,2272,1902,325,5.21,43.87,13.66,DSYA3_L2,66.74,3.008,,66.74,3.008,0,,0,50,HYP-LOOSE-CONN,ALM-THR-TERM-WARN;ALM-K-WARN;ALM-K-ALM;ALM-PANEL-TEMP
2026-07-29T16:15:00+00:00,2273,1884,322.8,5.24,43.8,13.6,DSYA3_L2,66.59,3.006,,66.59,3.006,0,,0,50,HYP-LOOSE-CONN,ALM-THR-TERM-WARN;ALM-K-WARN;ALM-K-ALM;ALM-PANEL-TEMP
2026-07-29T16:30:00+00:00,2274,1882,321.9,5.24,43.72,13.52,DSYA3_L2,65.93,3.001,,65.93,3.001,0,,0,50,HYP-LOOSE-CONN,ALM-THR-TERM-WARN;ALM-K-WARN;ALM-K-ALM;ALM-PANEL-TEMP
2026-07-29T16:45:00+00:00,2275,1871,320.9,5.26,43.63,13.44,DSYA3_L2,65.94,3.001,,65.94,3.001,0,,0,50,HYP-LOOSE-CONN,ALM-THR-TERM-WARN;ALM-K-WARN;ALM-K-ALM;ALM-PANEL-TEMP
2026-07-29T17:00:00+00:00,2276,1855,324.1,5.3,43.52,13.34,DSYA3_L2,66.18,3.002,,66.18,3.002,0,,0,50,HYP-LOOSE-CONN,ALM-THR-TERM-WARN;ALM-K-WARN;ALM-K-ALM;ALM-PANEL-TEMP
2026-07-29T17:15:00+00:00,2277,1816,320.4,5.36,43.4,13.23,DSYA3_L2,65.14,2.997,,65.14,2.997,0,,0,50,HYP-LOOSE-CONN,ALM-THR-TERM-WARN;ALM-K-WARN;ALM-K-ALM;ALM-PANEL-TEMP
2026-07-29T17:30:00+00:00,2278,1793,315.9,5.39,43.27,13.11,DSYA3_L2,63.95,2.993,,63.95,2.993,0,,0,50,HYP-LOOSE-CONN,ALM-THR-TERM-WARN;ALM-K-WARN;ALM-K-ALM;ALM-PANEL-TEMP
2026-07-29T17:45:00+00:00,2279,1769,312.7,5.43,43.12,12.98,DSYA3_L2,62.89,2.99,,62.89,2.99,0,,0,50,HYP-LOOSE-CONN,ALM-THR-TERM-WARN;ALM-K-WARN;ALM-K-ALM;ALM-PANEL-TEMP
2026-07-29T18:00:00+00:00,2280,1754,311.1,5.46,42.97,12.84,DSYA3_L2,61.99,2.988,,61.99,2.988,0,,0,50,HYP-LOOSE-CONN,ALM-THR-TERM-WARN;ALM-K-WARN;ALM-K-ALM;ALM-PANEL-TEMP
2026-07-29T18:15:00+00:00,2281,1737,308.4,5.48,42.8,12.7,DSYA3_L2,60.94,2.986,,60.94,2.986,0,,0,50,HYP-LOOSE-CONN,ALM-THR-TERM-WARN;ALM-K-WARN;ALM-K-ALM;ALM-PANEL-TEMP
2026-07-29T18:30:00+00:00,2282,1719,306.4,5.51,42.62,12.54,DSYA3_L2,60.46,2.987,,60.46,2.987,0,,0,50,HYP-LOOSE-CONN,ALM-THR-TERM-WARN;ALM-K-WARN;ALM-K-ALM;ALM-PANEL-TEMP
2026-07-29T18:45:00+00:00,2283,1688,302.8,5.56,42.43,12.38,DSYA3_L2,59.68,2.987,,59.68,2.987,0,,0,50,HYP-LOOSE-CONN,ALM-THR-TERM-WARN;ALM-K-WARN;ALM-K-ALM;ALM-PANEL-TEMP
2026-07-29T19:00:00+00:00,2284,1682,301.5,5.57,42.24,12.22,DSYA3_L2,59.1,2.99,,59.1,2.99,0,,0,50,HYP-LOOSE-CONN,ALM-THR-TERM-WARN;ALM-K-WARN;ALM-K-ALM;ALM-PANEL-TEMP
2026-07-29T19:15:00+00:00,2285,1694,305.1,5.56,42.04,12.04,DSYA3_L2,57.7,2.987,,57.7,2.987,0,,0,50,HYP-LOOSE-CONN,ALM-THR-TERM-WARN;ALM-K-WARN;ALM-K-ALM;ALM-PANEL-TEMP
2026-07-29T19:30:00+00:00,2286,1705,307.5,5.54,41.83,11.87,DSYA3_L2,57.85,2.991,,57.85,2.991,0,,0,50,HYP-LOOSE-CONN,ALM-THR-TERM-WARN;ALM-K-WARN;ALM-K-ALM;ALM-PANEL-TEMP
2026-07-29T19:45:00+00:00,2287,1717,306.9,5.52,41.62,11.69,DSYA3_L2,57.91,2.994,,57.91,2.994,0,,0,50,HYP-LOOSE-CONN,ALM-THR-TERM-WARN;ALM-K-WARN;ALM-K-ALM;ALM-PANEL-TEMP
2026-07-29T20:00:00+00:00,2288,1743,311.8,5.48,41.4,11.51,DSYA3_L2,58.55,3,,58.55,3,0,,0,50,HYP-LOOSE-CONN,ALM-THR-TERM-WARN;ALM-K-WARN;ALM-K-ALM;ALM-PANEL-TEMP
2026-07-29T20:15:00+00:00,2289,1713,309.2,5.53,41.17,11.33,DSYA3_L2,59.1,3.005,1839,59.1,3.005,0,,0,50,HYP-LOOSE-CONN,ALM-THR-TERM-WARN;ALM-K-WARN;ALM-K-ALM;ALM-PANEL-TEMP
2026-07-29T20:30:00+00:00,2290,1678,302,5.58,40.95,11.15,DSYA3_L2,58.71,3.006,1219,58.71,3.006,0,,0,50,HYP-LOOSE-CONN,ALM-THR-TERM-WARN;ALM-K-WARN;ALM-K-ALM;ALM-PANEL-TEMP
2026-07-29T20:45:00+00:00,2291,1656,300.6,5.62,40.72,10.96,DSYA3_L2,57.49,3.004,2126,57.49,3.004,0,,0,50,HYP-LOOSE-CONN,ALM-THR-TERM-WARN;ALM-K-WARN;ALM-K-ALM;ALM-PANEL-TEMP
2026-07-29T21:00:00+00:00,2292,1637,297.9,5.65,40.49,10.78,DSYA3_L2,56.2,3.002,,56.2,3.002,0,,0,50,HYP-LOOSE-CONN,ALM-THR-TERM-WARN;ALM-K-WARN;ALM-K-ALM;ALM-PANEL-TEMP
2026-07-29T21:15:00+00:00,2293,1580,289.7,5.74,40.26,10.6,DSYA3_L2,55.76,3.005,1118,55.76,3.005,0,,0,50,HYP-LOOSE-CONN,ALM-THR-TERM-WARN;ALM-K-WARN;ALM-K-ALM;ALM-PANEL-TEMP
2026-07-29T21:30:00+00:00,2294,1526,281.8,5.82,40.03,10.43,DSYA3_L2,53.69,3.001,,53.69,3.001,0,,0,50,HYP-LOOSE-CONN,ALM-THR-TERM-WARN;ALM-K-WARN;ALM-K-ALM
2026-07-29T21:45:00+00:00,2295,1464,268.8,5.91,39.81,10.25,DSYA3_L2,51.59,2.998,,51.59,2.998,0,,0,50,HYP-LOOSE-CONN,ALM-THR-TERM-WARN;ALM-K-WARN;ALM-K-ALM
2026-07-29T22:00:00+00:00,2296,1401,257.6,6.01,39.58,10.08,DSYA3_L2,49.41,2.995,,49.41,2.995,0,,0,50,HYP-LOOSE-CONN,ALM-K-WARN;ALM-K-ALM
2026-07-29T22:15:00+00:00,2297,1303,240.9,6.16,39.36,9.92,DSYA3_L2,47.2,2.994,,47.2,2.994,0,,0,50,HYP-LOOSE-CONN,ALM-K-WARN;ALM-K-ALM
2026-07-29T22:30:00+00:00,2298,1205,224.5,6.31,39.15,9.76,DSYA3_L2,43.79,2.989,,43.79,2.989,0,,0,50,HYP-LOOSE-CONN,ALM-K-WARN;ALM-K-ALM
2026-07-29T22:45:00+00:00,2299,1107,209,6.47,38.94,9.61,DSYA3_L2,40.74,2.987,,40.74,2.987,0,,0,50,HYP-LOOSE-CONN,ALM-K-WARN;ALM-K-ALM
2026-07-29T23:00:00+00:00,2300,992.9,189.6,6.65,38.74,9.46,DSYA3_L2,37.67,2.985,,37.67,2.985,0,,0,50,HYP-LOOSE-CONN,ALM-K-WARN;ALM-K-ALM
2026-07-29T23:15:00+00:00,2301,895.7,172.7,6.8,38.55,9.32,DSYA3_L2,34.4,2.984,,34.4,2.984,0,,0,50,HYP-LOOSE-CONN,ALM-K-WARN;ALM-K-ALM
2026-07-29T23:30:00+00:00,2302,807.8,157.6,6.94,38.36,9.18,DSYA3_L2,31.32,2.984,,31.32,2.984,0,,0,50,HYP-LOOSE-CONN,ALM-K-WARN;ALM-K-ALM
2026-07-29T23:45:00+00:00,2303,712.2,140.2,7.09,38.18,9.06,DSYA3_L2,28.88,2.984,,28.88,2.984,0,,0,50,HYP-LOOSE-CONN,ALM-K-WARN;ALM-K-ALM
2026-07-30T00:00:00+00:00,2304,619.6,122.9,7.23,38,8.93,DSYA3_L2,26.65,2.985,,26.65,2.985,0,,0,50,HYP-LOOSE-CONN,ALM-K-WARN;ALM-K-ALM
2026-07-30T00:15:00+00:00,2305,605.6,119.8,7.25,37.85,8.82,DSYA3_L2,24.45,2.986,,24.45,2.986,0,,0,50,HYP-LOOSE-CONN,ALM-K-WARN;ALM-K-ALM
2026-07-30T00:30:00+00:00,2306,590.9,116.3,7.27,37.7,8.72,DSYA3_L2,22.82,2.987,,22.82,2.987,0,,0,50,HYP-LOOSE-CONN,ALM-K-WARN;ALM-K-ALM
2026-07-30T00:45:00+00:00,2307,578.8,114.3,7.29,37.57,8.62,DSYA3_L2,21.8,2.988,,21.8,2.988,0,,0,50,HYP-LOOSE-CONN,ALM-K-WARN;ALM-K-ALM
2026-07-30T01:00:00+00:00,2308,567.2,112,7.31,37.45,8.54,DSYA3_L2,20.93,2.989,,20.93,2.989,0,,0,50,HYP-LOOSE-CONN,ALM-K-WARN;ALM-K-ALM
2026-07-30T01:15:00+00:00,2309,559.4,110.8,7.32,37.34,8.46,DSYA3_L2,20.18,2.99,6,20.18,2.99,0,,0,70,HYP-LOOSE-CONN,ALM-K-WARN;ALM-K-ALM;ALM-TTL-14D
2026-07-30T01:30:00+00:00,2310,547.1,109.2,7.34,37.24,8.4,DSYA3_L2,19.71,2.992,6,19.71,2.992,0,,0,70,HYP-LOOSE-CONN,ALM-K-WARN;ALM-K-ALM;ALM-TTL-14D
2026-07-30T01:45:00+00:00,2311,535.8,107.3,7.36,37.16,8.34,DSYA3_L2,18.27,2.992,5,18.27,2.992,0,,0,70,HYP-LOOSE-CONN,ALM-K-WARN;ALM-K-ALM;ALM-TTL-14D
2026-07-30T02:00:00+00:00,2312,522,104.6,7.38,37.1,8.3,DSYA3_L2,17.58,2.993,5,17.58,2.993,0,,0,70,HYP-LOOSE-CONN,ALM-K-WARN;ALM-K-ALM;ALM-TTL-14D
2026-07-30T02:15:00+00:00,2313,523.4,104.5,7.38,37.04,8.26,DSYA3_L2,17.06,2.994,4,17.06,2.994,0,,0,70,HYP-LOOSE-CONN,ALM-K-WARN;ALM-K-ALM;ALM-TTL-14D
2026-07-30T02:30:00+00:00,2314,523.5,104.4,7.38,37.01,8.24,DSYA3_L2,16.62,2.995,4,16.62,2.995,0,,0,70,HYP-LOOSE-CONN,ALM-K-WARN;ALM-K-ALM;ALM-TTL-14D
2026-07-30T02:45:00+00:00,2315,516.4,102.8,7.39,36.98,8.22,DSYA3_L2,15.76,2.996,4,15.76,2.996,0,,0,70,HYP-LOOSE-CONN,ALM-K-WARN;ALM-K-ALM;ALM-TTL-14D
2026-07-30T03:00:00+00:00,2316,510.6,101.8,7.4,36.98,8.22,DSYA3_L2,15.62,2.997,3,15.62,2.997,0,,0,70,HYP-LOOSE-CONN,ALM-K-WARN;ALM-K-ALM;ALM-TTL-14D
2026-07-30T03:15:00+00:00,2317,509.3,101.5,7.4,36.98,8.22,DSYA3_L2,14.85,2.997,3,14.85,2.997,0,,0,70,HYP-LOOSE-CONN,ALM-K-WARN;ALM-K-ALM;ALM-TTL-14D
2026-07-30T03:30:00+00:00,2318,510.9,101.7,7.4,37.01,8.24,DSYA3_L2,14.17,2.998,3,14.17,2.998,0,,0,70,HYP-LOOSE-CONN,ALM-K-WARN;ALM-K-ALM;ALM-TTL-14D
2026-07-30T03:45:00+00:00,2319,508.6,101.5,7.4,37.04,8.26,DSYA3_L2,14.09,2.999,3,14.09,2.999,0,,0,70,HYP-LOOSE-CONN,ALM-K-WARN;ALM-K-ALM;ALM-TTL-14D
2026-07-30T04:00:00+00:00,2320,507.9,101.6,7.4,37.1,8.3,DSYA3_L2,13.2,2.999,2,13.2,2.999,0,,0,70,HYP-LOOSE-CONN,ALM-K-WARN;ALM-K-ALM;ALM-TTL-14D
2026-07-30T04:15:00+00:00,2321,520.1,103.5,7.38,37.16,8.34,DSYA3_L2,12.9,3,2,12.9,3,0,,0,70,HYP-LOOSE-CONN,ALM-K-WARN;ALM-K-ALM;ALM-TTL-14D
2026-07-30T04:30:00+00:00,2322,531.7,106.1,7.37,37.24,8.4,DSYA3_L2,12.83,3,2,12.83,3,0,,0,70,HYP-LOOSE-CONN,ALM-K-WARN;ALM-K-ALM;ALM-TTL-14D
2026-07-30T04:45:00+00:00,2323,541.7,108,7.35,37.34,8.46,DSYA3_L2,12.49,3.001,2,12.49,3.001,0,,0,70,HYP-LOOSE-CONN,ALM-K-WARN;ALM-K-ALM;ALM-TTL-14D
2026-07-30T05:00:00+00:00,2324,556.6,110.9,7.33,37.45,8.54,DSYA3_L2,12.58,3.002,2,12.58,3.002,0,,0,70,HYP-LOOSE-CONN,ALM-K-WARN;ALM-K-ALM;ALM-TTL-14D
2026-07-30T05:15:00+00:00,2325,600.4,119.2,7.26,37.57,8.62,DSYA3_L2,11.96,3.002,1,11.96,3.002,0,,0,70,HYP-LOOSE-CONN,ALM-K-WARN;ALM-K-ALM;ALM-TTL-14D
2026-07-30T05:30:00+00:00,2326,646,128.4,7.19,37.7,8.72,DSYA3_L2,12.4,3.003,1,12.4,3.003,0,,0,70,HYP-LOOSE-CONN,ALM-K-WARN;ALM-K-ALM;ALM-TTL-14D
2026-07-30T05:45:00+00:00,2327,687.6,136.9,7.13,37.85,8.82,DSYA3_L2,12.62,3.004,1,12.62,3.004,0,,0,70,HYP-LOOSE-CONN,ALM-K-WARN;ALM-K-ALM;ALM-TTL-14D
2026-07-30T06:00:00+00:00,2328,725.2,144.2,7.07,38,8.93,DSYA3_L2,13.3,3.005,1,13.3,3.005,0,,0,70,HYP-LOOSE-CONN,ALM-K-WARN;ALM-K-ALM;ALM-TTL-14D
2026-07-30T06:15:00+00:00,2329,857.4,167.6,6.86,38.17,9.05,DSYA3_L2,13.42,3.006,1,13.42,3.006,0,,0,70,HYP-LOOSE-CONN,ALM-K-WARN;ALM-K-ALM;ALM-TTL-14D
2026-07-30T06:30:00+00:00,2330,988.2,190.6,6.66,38.35,9.17,DSYA3_L2,15.01,3.009,1,15.01,3.009,0,,0,70,HYP-LOOSE-CONN,ALM-K-WARN;ALM-K-ALM;ALM-TTL-14D
2026-07-30T06:45:00+00:00,2331,1114,211.9,6.46,38.53,9.31,DSYA3_L2,17.48,3.014,1,17.48,3.014,0,,0,70,HYP-LOOSE-CONN,ALM-K-WARN;ALM-K-ALM;ALM-TTL-14D
2026-07-30T07:00:00+00:00,2332,1242,232.5,6.26,38.73,9.45,DSYA3_L2,20.43,3.02,1,20.43,3.02,0,,0,70,HYP-LOOSE-CONN,ALM-K-WARN;ALM-K-ALM;ALM-TTL-14D
2026-07-30T07:15:00+00:00,2333,1381,257.8,6.05,38.93,9.6,DSYA3_L2,23.58,3.027,2,23.58,3.027,0,,0,70,HYP-LOOSE-CONN,ALM-K-WARN;ALM-K-ALM;ALM-TTL-14D
2026-07-30T07:30:00+00:00,2334,1507,276.9,5.85,39.14,9.75,DSYA3_L2,28.31,3.039,98,28.31,3.039,0,,0,70,HYP-LOOSE-CONN,ALM-K-WARN;ALM-K-ALM;ALM-TTL-14D
2026-07-30T07:45:00+00:00,2335,1645,298.9,5.63,39.35,9.91,DSYA3_L2,32.23,3.048,123,32.23,3.048,0,,0,70,HYP-LOOSE-CONN,ALM-K-WARN;ALM-K-ALM;ALM-TTL-14D
2026-07-30T08:00:00+00:00,2336,1762,314.5,5.45,39.57,10.08,DSYA3_L2,37.62,3.062,147,37.62,3.062,0,,0,70,HYP-LOOSE-CONN,ALM-K-WARN;ALM-K-ALM;ALM-TTL-14D;ALM-PANEL-TEMP
2026-07-30T08:15:00+00:00,2337,1815,320.3,5.36,39.79,10.24,DSYA3_L2,42.99,3.074,147,42.99,3.074,0,,0,70,HYP-LOOSE-CONN,ALM-K-WARN;ALM-K-ALM;ALM-TTL-14D;ALM-PANEL-TEMP
2026-07-30T08:30:00+00:00,2338,1849,326.3,5.31,40.02,10.42,DSYA3_L2,46.5,3.077,171,46.5,3.077,0,,0,70,HYP-LOOSE-CONN,ALM-K-WARN;ALM-K-ALM;ALM-TTL-14D;ALM-PANEL-TEMP
2026-07-30T08:45:00+00:00,2339,1900,333.9,5.23,40.25,10.59,DSYA3_L2,48.78,3.075,199,48.78,3.075,0,,0,70,HYP-LOOSE-CONN,ALM-K-WARN;ALM-K-ALM;ALM-TTL-14D;ALM-PANEL-TEMP
2026-07-30T09:00:00+00:00,2340,1940,340.6,5.17,40.48,10.77,DSYA3_L2,51.71,3.076,264,51.71,3.076,0,,0,70,HYP-LOOSE-CONN,ALM-THR-TERM-WARN;ALM-K-WARN;ALM-K-ALM;ALM-TTL-14D;ALM-PANEL-TEMP
2026-07-30T09:15:00+00:00,2341,1925,339.5,5.19,40.71,10.95,DSYA3_L2,54.51,3.076,264,54.51,3.076,0,,0,70,HYP-LOOSE-CONN,ALM-THR-TERM-WARN;ALM-K-WARN;ALM-K-ALM;ALM-TTL-14D;ALM-PANEL-TEMP
2026-07-30T09:30:00+00:00,2342,1911,332.9,5.21,40.93,11.14,DSYA3_L2,54.9,3.066,314,54.9,3.066,0,,0,70,HYP-LOOSE-CONN,ALM-THR-TERM-WARN;ALM-K-WARN;ALM-K-ALM;ALM-TTL-14D;ALM-PANEL-TEMP
2026-07-30T09:45:00+00:00,2343,1899,329.9,5.23,41.16,11.32,DSYA3_L2,55.38,3.057,433,55.38,3.057,0,,0,50,HYP-LOOSE-CONN,ALM-THR-TERM-WARN;ALM-K-WARN;ALM-K-ALM;ALM-PANEL-TEMP
2026-07-30T10:00:00+00:00,2344,1884,328.6,5.25,41.38,11.5,DSYA3_L2,56.19,3.051,509,56.19,3.051,0,,0,50,HYP-LOOSE-CONN,ALM-THR-TERM-WARN;ALM-K-WARN;ALM-K-ALM;ALM-PANEL-TEMP
2026-07-30T10:15:00+00:00,2345,1905,333.8,5.22,41.6,11.68,DSYA3_L2,56.76,3.045,769,56.76,3.045,0,,0,50,HYP-LOOSE-CONN,ALM-THR-TERM-WARN;ALM-K-WARN;ALM-K-ALM;ALM-PANEL-TEMP
2026-07-30T10:30:00+00:00,2346,1921,338.2,5.2,41.82,11.86,DSYA3_L2,57.2,3.038,1513,57.2,3.038,0,,0,50,HYP-LOOSE-CONN,ALM-THR-TERM-WARN;ALM-K-WARN;ALM-K-ALM;ALM-PANEL-TEMP
2026-07-30T10:45:00+00:00,2347,1921,338.9,5.2,42.03,12.03,DSYA3_L2,58.51,3.036,,58.51,3.036,0,,0,50,HYP-LOOSE-CONN,ALM-THR-TERM-WARN;ALM-K-WARN;ALM-K-ALM;ALM-PANEL-TEMP
2026-07-30T11:00:00+00:00,2348,1950,343.9,5.16,42.23,12.21,DSYA3_L2,59.02,3.03,,59.02,3.03,0,,0,50,HYP-LOOSE-CONN,ALM-THR-TERM-WARN;ALM-K-WARN;ALM-K-ALM;ALM-PANEL-TEMP
2026-07-30T11:15:00+00:00,2349,1954,344,5.15,42.42,12.37,DSYA3_L2,61.08,3.033,,61.08,3.033,0,,0,50,HYP-LOOSE-CONN,ALM-THR-TERM-WARN;ALM-K-WARN;ALM-K-ALM;ALM-PANEL-TEMP
2026-07-30T11:30:00+00:00,2350,1968,346.6,5.13,42.61,12.53,DSYA3_L2,61.7,3.028,,61.7,3.028,0,,0,50,HYP-LOOSE-CONN,ALM-THR-TERM-WARN;ALM-K-WARN;ALM-K-ALM;ALM-PANEL-TEMP
2026-07-30T11:45:00+00:00,2351,1958,343.4,5.14,42.79,12.69,DSYA3_L2,62.85,3.026,,62.85,3.026,0,,0,40,HYP-LOOSE-CONN,ALM-THR-TERM-WARN;ALM-K-WARN;ALM-K-ALM;ALM-PANEL-TEMP
2026-07-30T12:00:00+00:00,2352,1957,341.3,5.14,42.95,12.83,DSYA3_L2,63.38,3.022,,63.38,3.022,0,,0,50,HYP-LOOSE-CONN,ALM-THR-TERM-WARN;ALM-K-WARN;ALM-K-ALM;ALM-PANEL-TEMP
2026-07-30T12:15:00+00:00,2353,1925,335,5.19,43.11,12.97,DSYA3_L2,63.86,3.018,,63.86,3.018,0,,0,40,HYP-LOOSE-CONN,ALM-THR-TERM-WARN;ALM-K-WARN;ALM-K-ALM;ALM-PANEL-TEMP
2026-07-30T12:30:00+00:00,2354,1879,326.9,5.26,43.26,13.1,DSYA3_L2,63.36,3.01,,63.36,3.01,0,,0,50,HYP-LOOSE-CONN,ALM-THR-TERM-WARN;ALM-K-WARN;ALM-K-ALM;ALM-PANEL-TEMP
2026-07-30T12:45:00+00:00,2355,1853,323.7,5.3,43.39,13.22,DSYA3_L2,62.23,3,,62.23,3,0,,0,50,HYP-LOOSE-CONN,ALM-THR-TERM-WARN;ALM-K-WARN;ALM-K-ALM;ALM-PANEL-TEMP
2026-07-30T13:00:00+00:00,2356,1835,321.6,5.33,43.51,13.33,DSYA3_L2,61.47,2.993,,61.47,2.993,0,,0,50,HYP-LOOSE-CONN,ALM-THR-TERM-WARN;ALM-K-WARN;ALM-K-ALM;ALM-PANEL-TEMP
2026-07-30T13:15:00+00:00,2357,1832,319.6,5.33,43.62,13.43,DSYA3_L2,61.13,2.99,,61.13,2.99,0,,0,50,HYP-LOOSE-CONN,ALM-THR-TERM-WARN;ALM-K-WARN;ALM-K-ALM;ALM-PANEL-TEMP
2026-07-30T13:30:00+00:00,2358,1830,316.5,5.33,43.71,13.51,DSYA3_L2,60.94,2.988,,60.94,2.988,0,,0,50,HYP-LOOSE-CONN,ALM-THR-TERM-WARN;ALM-K-WARN;ALM-K-ALM;ALM-PANEL-TEMP
2026-07-30T13:45:00+00:00,2359,1836,317.9,5.32,43.79,13.59,DSYA3_L2,61.3,2.989,,61.3,2.989,0,,0,50,HYP-LOOSE-CONN,ALM-THR-TERM-WARN;ALM-K-WARN;ALM-K-ALM;ALM-PANEL-TEMP
2026-07-30T14:00:00+00:00,2360,1845,319.8,5.31,43.86,13.65,DSYA3_L2,61.79,2.99,,61.79,2.99,0,,0,50,HYP-LOOSE-CONN,ALM-THR-TERM-WARN;ALM-K-WARN;ALM-K-ALM;ALM-PANEL-TEMP
2026-07-30T14:15:00+00:00,2361,1859,322.7,5.29,43.91,13.7,DSYA3_L2,62.18,2.991,,62.18,2.991,0,,0,50,HYP-LOOSE-CONN,ALM-THR-TERM-WARN;ALM-K-WARN;ALM-K-ALM;ALM-PANEL-TEMP
2026-07-30T14:30:00+00:00,2362,1880,324.6,5.25,43.95,13.73,DSYA3_L2,62.77,2.993,,62.77,2.993,0,,0,50,HYP-LOOSE-CONN,ALM-THR-TERM-WARN;ALM-K-WARN;ALM-K-ALM;ALM-PANEL-TEMP
2026-07-30T14:45:00+00:00,2363,1902,327.6,5.22,43.97,13.75,DSYA3_L2,63.84,2.997,,63.84,2.997,0,,0,50,HYP-LOOSE-CONN,ALM-THR-TERM-WARN;ALM-K-WARN;ALM-K-ALM;ALM-PANEL-TEMP
2026-07-30T15:00:00+00:00,2364,1934,333.7,5.17,43.98,13.76,DSYA3_L2,65.11,3.001,,65.11,3.001,0,,0,50,HYP-LOOSE-CONN,ALM-THR-TERM-WARN;ALM-K-WARN;ALM-K-ALM;ALM-PANEL-TEMP
2026-07-30T15:15:00+00:00,2365,1930,336.2,5.18,43.97,13.75,DSYA3_L2,66.92,3.008,,66.92,3.008,0,,0,50,HYP-LOOSE-CONN,ALM-THR-TERM-WARN;ALM-K-WARN;ALM-K-ALM;ALM-PANEL-TEMP
2026-07-30T15:30:00+00:00,2366,1925,337.2,5.19,43.95,13.73,DSYA3_L2,67.08,3.007,,67.08,3.007,0,,0,50,HYP-LOOSE-CONN,ALM-THR-TERM-WARN;ALM-K-WARN;ALM-K-ALM;ALM-PANEL-TEMP
2026-07-30T15:45:00+00:00,2367,1918,332.8,5.2,43.91,13.7,DSYA3_L2,67.48,3.008,,67.48,3.008,0,,0,50,HYP-LOOSE-CONN,ALM-THR-TERM-WARN;ALM-K-WARN;ALM-K-ALM;ALM-PANEL-TEMP
2026-07-30T16:00:00+00:00,2368,1921,333.1,5.19,43.86,13.65,DSYA3_L2,67.2,3.005,,67.2,3.005,0,,0,50,HYP-LOOSE-CONN,ALM-THR-TERM-WARN;ALM-K-WARN;ALM-K-ALM;ALM-PANEL-TEMP
2026-07-30T16:15:00+00:00,2369,1921,336.6,5.2,43.79,13.59,DSYA3_L2,67.28,3.004,,67.28,3.004,0,,0,50,HYP-LOOSE-CONN,ALM-THR-TERM-WARN;ALM-K-WARN;ALM-K-ALM;ALM-PANEL-TEMP
2026-07-30T16:30:00+00:00,2370,1905,334,5.22,43.71,13.51,DSYA3_L2,67.69,3.006,,67.69,3.006,0,,0,50,HYP-LOOSE-CONN,ALM-THR-TERM-WARN;ALM-K-WARN;ALM-K-ALM;ALM-PANEL-TEMP
2026-07-30T16:45:00+00:00,2371,1895,336.1,5.24,43.62,13.43,DSYA3_L2,67.21,3.002,,67.21,3.002,0,,0,50,HYP-LOOSE-CONN,ALM-THR-TERM-WARN;ALM-K-WARN;ALM-K-ALM;ALM-PANEL-TEMP
2026-07-30T17:00:00+00:00,2372,1877,331.8,5.27,43.51,13.33,DSYA3_L2,66.97,3.002,,66.97,3.002,0,,0,50,HYP-LOOSE-CONN,ALM-THR-TERM-WARN;ALM-K-WARN;ALM-K-ALM;ALM-PANEL-TEMP
2026-07-30T17:15:00+00:00,2373,1840,326.1,5.33,43.39,13.22,DSYA3_L2,66.35,2.999,,66.35,2.999,0,,0,50,HYP-LOOSE-CONN,ALM-THR-TERM-WARN;ALM-K-WARN;ALM-K-ALM;ALM-PANEL-TEMP
2026-07-30T17:30:00+00:00,2374,1816,321.8,5.36,43.26,13.1,DSYA3_L2,64.92,2.993,,64.92,2.993,0,,0,50,HYP-LOOSE-CONN,ALM-THR-TERM-WARN;ALM-K-WARN;ALM-K-ALM;ALM-PANEL-TEMP
2026-07-30T17:45:00+00:00,2375,1784,316.9,5.41,43.11,12.97,DSYA3_L2,64.04,2.991,,64.04,2.991,0,,0,50,HYP-LOOSE-CONN,ALM-THR-TERM-WARN;ALM-K-WARN;ALM-K-ALM;ALM-PANEL-TEMP
2026-07-30T18:00:00+00:00,2376,1761,314.3,5.45,42.95,12.83,DSYA3_L2,63.29,2.991,,63.29,2.991,0,,0,50,HYP-LOOSE-CONN,ALM-THR-TERM-WARN;ALM-K-WARN;ALM-K-ALM;ALM-PANEL-TEMP
2026-07-30T18:15:00+00:00,2377,1732,308,5.49,42.79,12.69,DSYA3_L2,62.04,2.988,,62.04,2.988,0,,0,50,HYP-LOOSE-CONN,ALM-THR-TERM-WARN;ALM-K-WARN;ALM-K-ALM;ALM-PANEL-TEMP
2026-07-30T18:30:00+00:00,2378,1713,305.6,5.52,42.61,12.53,DSYA3_L2,61.09,2.988,,61.09,2.988,0,,0,50,HYP-LOOSE-CONN,ALM-THR-TERM-WARN;ALM-K-WARN;ALM-K-ALM;ALM-PANEL-TEMP
2026-07-30T18:45:00+00:00,2379,1697,303.8,5.55,42.42,12.37,DSYA3_L2,59.86,2.986,,59.86,2.986,0,,0,40,HYP-LOOSE-CONN,ALM-THR-TERM-WARN;ALM-K-WARN;ALM-K-ALM;ALM-PANEL-TEMP
2026-07-30T19:00:00+00:00,2380,1694,301.9,5.55,42.23,12.21,DSYA3_L2,59.27,2.988,,59.27,2.988,0,,0,40,HYP-LOOSE-CONN,ALM-THR-TERM-WARN;ALM-K-WARN;ALM-K-ALM;ALM-PANEL-TEMP
2026-07-30T19:15:00+00:00,2381,1711,305.1,5.52,42.03,12.03,DSYA3_L2,59.03,2.991,,59.03,2.991,0,,0,40,HYP-LOOSE-CONN,ALM-THR-TERM-WARN;ALM-K-WARN;ALM-K-ALM;ALM-PANEL-TEMP
2026-07-30T19:30:00+00:00,2382,1728,306.8,5.5,41.82,11.86,DSYA3_L2,59.35,2.996,,59.35,2.996,0,,0,40,HYP-LOOSE-CONN,ALM-THR-TERM-WARN;ALM-K-WARN;ALM-K-ALM;ALM-PANEL-TEMP
2026-07-30T19:45:00+00:00,2383,1742,312.1,5.48,41.6,11.68,DSYA3_L2,59.51,3,,59.51,3,0,,0,50,HYP-LOOSE-CONN,ALM-THR-TERM-WARN;ALM-K-WARN;ALM-K-ALM;ALM-PANEL-TEMP
2026-07-30T20:00:00+00:00,2384,1766,314.6,5.44,41.38,11.5,DSYA3_L2,59.99,3.005,,59.99,3.005,0,,0,50,HYP-LOOSE-CONN,ALM-THR-TERM-WARN;ALM-K-WARN;ALM-K-ALM;ALM-PANEL-TEMP
2026-07-30T20:15:00+00:00,2385,1743,310.7,5.48,41.16,11.32,DSYA3_L2,60.96,3.011,783,60.96,3.011,0,,0,50,HYP-LOOSE-CONN,ALM-THR-TERM-WARN;ALM-K-WARN;ALM-K-ALM;ALM-PANEL-TEMP
2026-07-30T20:30:00+00:00,2386,1696,302.8,5.55,40.93,11.14,DSYA3_L2,60.39,3.011,759,60.39,3.011,0,,0,50,HYP-LOOSE-CONN,ALM-THR-TERM-WARN;ALM-K-WARN;ALM-K-ALM;ALM-PANEL-TEMP
2026-07-30T20:45:00+00:00,2387,1676,300.5,5.58,40.71,10.95,DSYA3_L2,59.03,3.009,1094,59.03,3.009,0,,0,50,HYP-LOOSE-CONN,ALM-THR-TERM-WARN;ALM-K-WARN;ALM-K-ALM;ALM-PANEL-TEMP
2026-07-30T21:00:00+00:00,2388,1646,296.9,5.63,40.48,10.77,DSYA3_L2,57.93,3.008,1262,57.93,3.008,0,,0,50,HYP-LOOSE-CONN,ALM-THR-TERM-WARN;ALM-K-WARN;ALM-K-ALM;ALM-PANEL-TEMP
2026-07-30T21:15:00+00:00,2389,1590,288.7,5.72,40.25,10.59,DSYA3_L2,56.4,3.005,,56.4,3.005,0,,0,50,HYP-LOOSE-CONN,ALM-THR-TERM-WARN;ALM-K-WARN;ALM-K-ALM;ALM-PANEL-TEMP
2026-07-30T21:30:00+00:00,2390,1533,279.7,5.8,40.02,10.42,DSYA3_L2,54.5,3.002,,54.5,3.002,0,,0,50,HYP-LOOSE-CONN,ALM-THR-TERM-WARN;ALM-K-WARN;ALM-K-ALM
2026-07-30T21:45:00+00:00,2391,1473,270.3,5.9,39.79,10.24,DSYA3_L2,52.62,3,,52.62,3,0,,0,50,HYP-LOOSE-CONN,ALM-THR-TERM-WARN;ALM-K-WARN;ALM-K-ALM
2026-07-30T22:00:00+00:00,2392,1410,260.2,6,39.57,10.08,DSYA3_L2,49.85,2.995,,49.85,2.995,0,,0,50,HYP-LOOSE-CONN,ALM-K-WARN;ALM-K-ALM
2026-07-30T22:15:00+00:00,2393,1311,242.6,6.15,39.35,9.91,DSYA3_L2,47.31,2.993,,47.31,2.993,0,,0,50,HYP-LOOSE-CONN,ALM-K-WARN;ALM-K-ALM
2026-07-30T22:30:00+00:00,2394,1198,223.6,6.32,39.14,9.75,DSYA3_L2,44.7,2.991,,44.7,2.991,0,,0,50,HYP-LOOSE-CONN,ALM-K-WARN;ALM-K-ALM
2026-07-30T22:45:00+00:00,2395,1104,206.6,6.47,38.93,9.6,DSYA3_L2,41.33,2.988,,41.33,2.988,0,,0,50,HYP-LOOSE-CONN,ALM-K-WARN;ALM-K-ALM
2026-07-30T23:00:00+00:00,2396,999.1,189.8,6.64,38.73,9.45,DSYA3_L2,37.98,2.986,,37.98,2.986,0,,0,50,HYP-LOOSE-CONN,ALM-K-WARN;ALM-K-ALM
2026-07-30T23:15:00+00:00,2397,900.5,172.5,6.79,38.53,9.31,DSYA3_L2,34.73,2.985,,34.73,2.985,0,,0,50,HYP-LOOSE-CONN,ALM-K-WARN;ALM-K-ALM
2026-07-30T23:30:00+00:00,2398,807.6,155.1,6.93,38.35,9.17,DSYA3_L2,32.54,2.986,,32.54,2.986,0,,0,50,HYP-LOOSE-CONN,ALM-K-WARN;ALM-K-ALM
2026-07-30T23:45:00+00:00,2399,715.4,139,7.08,38.17,9.05,DSYA3_L2,29.33,2.986,,29.33,2.986,0,,0,50,HYP-LOOSE-CONN,ALM-K-WARN;ALM-K-ALM
2026-07-31T00:00:00+00:00,2400,624.4,122.8,7.22,37.98,8.91,DSYA3_L2,26.71,2.986,,26.71,2.986,0,,0,50,HYP-LOOSE-CONN,ALM-K-WARN;ALM-K-ALM
2026-07-31T00:15:00+00:00,2401,613.5,121.4,7.24,37.83,8.8,DSYA3_L2,24.88,2.987,,24.88,2.987,0,,0,50,HYP-LOOSE-CONN,ALM-K-WARN;ALM-K-ALM
2026-07-31T00:30:00+00:00,2402,599.5,118.5,7.26,37.68,8.7,DSYA3_L2,23.33,2.989,,23.33,2.989,0,,0,50,HYP-LOOSE-CONN,ALM-K-WARN;ALM-K-ALM
2026-07-31T00:45:00+00:00,2403,581.5,116,7.29,37.55,8.61,DSYA3_L2,22.41,2.99,,22.41,2.99,0,,0,50,HYP-LOOSE-CONN,ALM-K-WARN;ALM-K-ALM
2026-07-31T01:00:00+00:00,2404,567.8,113.9,7.31,37.43,8.53,DSYA3_L2,21.15,2.991,,21.15,2.991,0,,0,50,HYP-LOOSE-CONN,ALM-K-WARN;ALM-K-ALM
2026-07-31T01:15:00+00:00,2405,557.9,112.3,7.33,37.32,8.45,DSYA3_L2,20.39,2.993,6,20.39,2.993,0,,0,70,HYP-LOOSE-CONN,ALM-K-WARN;ALM-K-ALM;ALM-TTL-14D
2026-07-31T01:30:00+00:00,2406,548.5,111,7.34,37.23,8.39,DSYA3_L2,19.68,2.994,6,19.68,2.994,0,,0,70,HYP-LOOSE-CONN,ALM-K-WARN;ALM-K-ALM;ALM-TTL-14D
2026-07-31T01:45:00+00:00,2407,536.9,108.8,7.36,37.14,8.33,DSYA3_L2,18.84,2.995,6,18.84,2.995,0,,0,70,HYP-LOOSE-CONN,ALM-K-WARN;ALM-K-ALM;ALM-TTL-14D
2026-07-31T02:00:00+00:00,2408,524.4,105.7,7.38,37.08,8.29,DSYA3_L2,18.23,2.996,5,18.23,2.996,0,,0,70,HYP-LOOSE-CONN,ALM-K-WARN;ALM-K-ALM;ALM-TTL-14D
2026-07-31T02:15:00+00:00,2409,522.2,104.8,7.38,37.03,8.25,DSYA3_L2,17.15,2.997,4,17.15,2.997,0,,0,70,HYP-LOOSE-CONN,ALM-K-WARN;ALM-K-ALM;ALM-TTL-14D
2026-07-31T02:30:00+00:00,2410,518.8,103.8,7.39,36.99,8.22,DSYA3_L2,16.5,2.998,4,16.5,2.998,0,,0,70,HYP-LOOSE-CONN,ALM-K-WARN;ALM-K-ALM;ALM-TTL-14D
2026-07-31T02:45:00+00:00,2411,515.3,103.9,7.39,36.97,8.21,DSYA3_L2,16.23,2.999,4,16.23,2.999,0,,0,70,HYP-LOOSE-CONN,ALM-K-WARN;ALM-K-ALM;ALM-TTL-14D
2026-07-31T03:00:00+00:00,2412,509.9,102.7,7.4,36.96,8.2,DSYA3_L2,15.73,2.999,3,15.73,2.999,0,,0,70,HYP-LOOSE-CONN,ALM-K-WARN;ALM-K-ALM;ALM-TTL-14D
2026-07-31T03:15:00+00:00,2413,507.9,101.4,7.4,36.97,8.21,DSYA3_L2,15.27,3,3,15.27,3,0,,0,70,HYP-LOOSE-CONN,ALM-K-WARN;ALM-K-ALM;ALM-TTL-14D
2026-07-31T03:30:00+00:00,2414,506.8,101.2,7.41,36.99,8.22,DSYA3_L2,14.78,3.001,3,14.78,3.001,0,,0,70,HYP-LOOSE-CONN,ALM-K-WARN;ALM-K-ALM;ALM-TTL-14D
2026-07-31T03:45:00+00:00,2415,500.2,99.6,7.42,37.03,8.25,DSYA3_L2,14,3.002,3,14,3.002,0,,0,70,HYP-LOOSE-CONN,ALM-K-WARN;ALM-K-ALM;ALM-TTL-14D
2026-07-31T04:00:00+00:00,2416,502.9,100.1,7.41,37.08,8.29,DSYA3_L2,13.58,3.002,2,13.58,3.002,0,,0,70,HYP-LOOSE-CONN,ALM-K-WARN;ALM-K-ALM;ALM-TTL-14D
2026-07-31T04:15:00+00:00,2417,514.2,102.3,7.39,37.14,8.33,DSYA3_L2,13.27,3.003,2,13.27,3.003,0,,0,70,HYP-LOOSE-CONN,ALM-K-WARN;ALM-K-ALM;ALM-TTL-14D
2026-07-31T04:30:00+00:00,2418,523.9,103.6,7.38,37.23,8.39,DSYA3_L2,12.95,3.003,2,12.95,3.003,0,,0,70,HYP-LOOSE-CONN,ALM-K-WARN;ALM-K-ALM;ALM-TTL-14D
2026-07-31T04:45:00+00:00,2419,534.6,105.1,7.36,37.32,8.45,DSYA3_L2,12.3,3.004,2,12.3,3.004,0,,0,70,HYP-LOOSE-CONN,ALM-K-WARN;ALM-K-ALM;ALM-TTL-14D
2026-07-31T05:00:00+00:00,2420,544.7,106.1,7.34,37.43,8.53,DSYA3_L2,12.64,3.005,2,12.64,3.005,0,,0,70,HYP-LOOSE-CONN,ALM-K-WARN;ALM-K-ALM;ALM-TTL-14D
2026-07-31T05:15:00+00:00,2421,583.9,113,7.28,37.55,8.61,DSYA3_L2,12.39,3.005,1,12.39,3.005,0,,0,70,HYP-LOOSE-CONN,ALM-K-WARN;ALM-K-ALM;ALM-TTL-14D
2026-07-31T05:30:00+00:00,2422,625.4,121.1,7.22,37.68,8.7,DSYA3_L2,12.43,3.006,1,12.43,3.006,0,,0,70,HYP-LOOSE-CONN,ALM-K-WARN;ALM-K-ALM;ALM-TTL-14D
2026-07-31T05:45:00+00:00,2423,664.6,127.6,7.15,37.83,8.8,DSYA3_L2,12.38,3.007,1,12.38,3.007,0,,0,70,HYP-LOOSE-CONN,ALM-K-WARN;ALM-K-ALM;ALM-TTL-14D
2026-07-31T06:00:00+00:00,2424,701.4,135,7.1,37.98,8.91,DSYA3_L2,12.72,3.008,1,12.72,3.008,0,,0,70,HYP-LOOSE-CONN,ALM-K-WARN;ALM-K-ALM;ALM-TTL-14D
2026-07-31T06:15:00+00:00,2425,819.2,154.8,6.91,38.15,9.03,DSYA3_L2,12.94,3.008,1,12.94,3.008,0,,0,70,HYP-LOOSE-CONN,ALM-K-WARN;ALM-K-ALM;ALM-TTL-14D
2026-07-31T06:30:00+00:00,2426,928.7,173,6.74,38.33,9.16,DSYA3_L2,14.82,3.011,1,14.82,3.011,0,,0,70,HYP-LOOSE-CONN,ALM-K-WARN;ALM-K-ALM;ALM-TTL-14D
2026-07-31T06:45:00+00:00,2427,1047,192.2,6.55,38.51,9.29,DSYA3_L2,16.75,3.015,1,16.75,3.015,0,,0,70,HYP-LOOSE-CONN,ALM-K-WARN;ALM-K-ALM;ALM-TTL-14D
2026-07-31T07:00:00+00:00,2428,1170,210.2,6.35,38.71,9.44,DSYA3_L2,19.58,3.021,1,19.58,3.021,0,,0,70,HYP-LOOSE-CONN,ALM-K-WARN;ALM-K-ALM;ALM-TTL-14D
2026-07-31T07:15:00+00:00,2429,1299,230.2,6.15,38.91,9.58,DSYA3_L2,22.25,3.026,2,22.25,3.026,0,,0,70,HYP-LOOSE-CONN,ALM-K-WARN;ALM-K-ALM;ALM-TTL-14D
2026-07-31T07:30:00+00:00,2430,1421,248.2,5.96,39.12,9.74,DSYA3_L2,26.06,3.034,76,26.06,3.034,0,,0,70,HYP-LOOSE-CONN,ALM-K-WARN;ALM-K-ALM;ALM-TTL-14D
2026-07-31T07:45:00+00:00,2431,1557,269.6,5.75,39.33,9.9,DSYA3_L2,30.78,3.046,147,30.78,3.046,0,,0,70,HYP-LOOSE-CONN,ALM-K-WARN;ALM-K-ALM;ALM-TTL-14D
2026-07-31T08:00:00+00:00,2432,1690,286.1,5.53,39.55,10.06,DSYA3_L2,34.82,3.054,241,34.82,3.054,0,,0,70,HYP-LOOSE-CONN,ALM-K-WARN;ALM-K-ALM;ALM-TTL-14D;ALM-PANEL-TEMP
2026-07-31T08:15:00+00:00,2433,1725,292.4,5.48,39.78,10.23,DSYA3_L2,40.62,3.068,171,40.62,3.068,0,,0,70,HYP-LOOSE-CONN,ALM-K-WARN;ALM-K-ALM;ALM-TTL-14D;ALM-PANEL-TEMP
2026-07-31T08:30:00+00:00,2434,1768,297.7,5.41,40,10.4,DSYA3_L2,43.26,3.069,241,43.26,3.069,0,,0,70,HYP-LOOSE-CONN,ALM-K-WARN;ALM-K-ALM;ALM-TTL-14D;ALM-PANEL-TEMP
2026-07-31T08:45:00+00:00,2435,1809,302.2,5.35,40.23,10.58,DSYA3_L2,46.23,3.072,242,46.23,3.072,0,,0,70,HYP-LOOSE-CONN,ALM-K-WARN;ALM-K-ALM;ALM-TTL-14D;ALM-PANEL-TEMP
2026-07-31T09:00:00+00:00,2436,1847,305.3,5.28,40.46,10.76,DSYA3_L2,48.43,3.07,266,48.43,3.07,0,,0,70,HYP-LOOSE-CONN,ALM-K-WARN;ALM-K-ALM;ALM-TTL-14D;ALM-PANEL-TEMP
2026-07-31T09:15:00+00:00,2437,1843,301.2,5.28,40.69,10.94,DSYA3_L2,51.28,3.072,266,51.28,3.072,0,,0,70,HYP-LOOSE-CONN,ALM-THR-TERM-WARN;ALM-K-WARN;ALM-K-ALM;ALM-TTL-14D;ALM-PANEL-TEMP
2026-07-31T09:30:00+00:00,2438,1823,300.6,5.32,40.92,11.12,DSYA3_L2,52.74,3.068,313,52.74,3.068,0,,0,70,HYP-LOOSE-CONN,ALM-THR-TERM-WARN;ALM-K-WARN;ALM-K-ALM;ALM-TTL-14D;ALM-PANEL-TEMP
2026-07-31T09:45:00+00:00,2439,1813,301.3,5.34,41.14,11.3,DSYA3_L2,52.71,3.058,409,52.71,3.058,0,,0,50,HYP-LOOSE-CONN,ALM-THR-TERM-WARN;ALM-K-WARN;ALM-K-ALM;ALM-PANEL-TEMP
2026-07-31T10:00:00+00:00,2440,1815,301.4,5.33,41.37,11.49,DSYA3_L2,52.92,3.05,1751,52.92,3.05,0,,0,50,HYP-LOOSE-CONN,ALM-THR-TERM-WARN;ALM-K-WARN;ALM-K-ALM;ALM-PANEL-TEMP
2026-07-31T10:15:00+00:00,2441,1835,305.6,5.3,41.59,11.67,DSYA3_L2,53.63,3.046,1921,53.63,3.046,0,,0,50,HYP-LOOSE-CONN,ALM-THR-TERM-WARN;ALM-K-WARN;ALM-K-ALM;ALM-PANEL-TEMP
2026-07-31T10:30:00+00:00,2442,1842,307.6,5.29,41.8,11.84,DSYA3_L2,54.72,3.043,2137,54.72,3.043,0,,0,50,HYP-LOOSE-CONN,ALM-THR-TERM-WARN;ALM-K-WARN;ALM-K-ALM;ALM-PANEL-TEMP
2026-07-31T10:45:00+00:00,2443,1857,311.4,5.27,42.01,12.02,DSYA3_L2,55.56,3.039,,55.56,3.039,0,,0,50,HYP-LOOSE-CONN,ALM-THR-TERM-WARN;ALM-K-WARN;ALM-K-ALM;ALM-PANEL-TEMP
2026-07-31T11:00:00+00:00,2444,1877,311.3,5.24,42.21,12.19,DSYA3_L2,56.58,3.037,,56.58,3.037,0,,0,50,HYP-LOOSE-CONN,ALM-THR-TERM-WARN;ALM-K-WARN;ALM-K-ALM;ALM-PANEL-TEMP
2026-07-31T11:15:00+00:00,2445,1863,309.5,5.26,42.41,12.36,DSYA3_L2,58.16,3.037,,58.16,3.037,0,,0,50,HYP-LOOSE-CONN,ALM-THR-TERM-WARN;ALM-K-WARN;ALM-K-ALM;ALM-PANEL-TEMP
2026-07-31T11:30:00+00:00,2446,1863,313.4,5.27,42.59,12.52,DSYA3_L2,58.81,3.034,,58.81,3.034,0,,0,50,HYP-LOOSE-CONN,ALM-THR-TERM-WARN;ALM-K-WARN;ALM-K-ALM;ALM-PANEL-TEMP
2026-07-31T11:45:00+00:00,2447,1866,314.5,5.26,42.77,12.67,DSYA3_L2,58.54,3.025,,58.54,3.025,0,,0,50,HYP-LOOSE-CONN,ALM-THR-TERM-WARN;ALM-K-WARN;ALM-K-ALM;ALM-PANEL-TEMP
2026-07-31T12:00:00+00:00,2448,1856,314.7,5.28,42.94,12.82,DSYA3_L2,59.11,3.022,,59.11,3.022,0,,0,40,HYP-LOOSE-CONN,ALM-THR-TERM-WARN;ALM-K-WARN;ALM-K-ALM;ALM-PANEL-TEMP
2026-07-31T12:15:00+00:00,2449,1827,308.6,5.32,43.09,12.96,DSYA3_L2,59.57,3.02,,59.57,3.02,0,,0,40,HYP-LOOSE-CONN,ALM-THR-TERM-WARN;ALM-K-WARN;ALM-K-ALM;ALM-PANEL-TEMP
2026-07-31T12:30:00+00:00,2450,1809,306.5,5.35,43.24,13.09,DSYA3_L2,58.46,3.009,,58.46,3.009,0,,0,40,HYP-LOOSE-CONN,ALM-THR-TERM-WARN;ALM-K-WARN;ALM-K-ALM;ALM-PANEL-TEMP
2026-07-31T12:45:00+00:00,2451,1781,302.2,5.4,43.37,13.2,DSYA3_L2,58.41,3.006,,58.41,3.006,0,,0,40,HYP-LOOSE-CONN,ALM-THR-TERM-WARN;ALM-K-WARN;ALM-K-ALM;ALM-PANEL-TEMP
2026-07-31T13:00:00+00:00,2452,1752,300,5.44,43.49,13.31,DSYA3_L2,57.89,3.001,,57.89,3.001,0,,0,40,HYP-LOOSE-CONN,ALM-THR-TERM-WARN;ALM-K-WARN;ALM-K-ALM;ALM-PANEL-TEMP
2026-07-31T13:15:00+00:00,2453,1763,302.2,5.43,43.6,13.41,DSYA3_L2,56.79,2.994,,56.79,2.994,0,,0,40,HYP-LOOSE-CONN,ALM-THR-TERM-WARN;ALM-K-WARN;ALM-K-ALM;ALM-PANEL-TEMP
2026-07-31T13:30:00+00:00,2454,1779,304.4,5.4,43.7,13.5,DSYA3_L2,57.06,2.994,,57.06,2.994,0,,0,40,HYP-LOOSE-CONN,ALM-THR-TERM-WARN;ALM-K-WARN;ALM-K-ALM;ALM-PANEL-TEMP
2026-07-31T13:45:00+00:00,2455,1781,303.6,5.4,43.78,13.57,DSYA3_L2,58.06,2.998,,58.06,2.998,0,,0,40,HYP-LOOSE-CONN,ALM-THR-TERM-WARN;ALM-K-WARN;ALM-K-ALM;ALM-PANEL-TEMP
2026-07-31T14:00:00+00:00,2456,1800,306.3,5.37,43.84,13.63,DSYA3_L2,57.96,2.995,,57.96,2.995,0,,0,40,HYP-LOOSE-CONN,ALM-THR-TERM-WARN;ALM-K-WARN;ALM-K-ALM;ALM-PANEL-TEMP
2026-07-31T14:15:00+00:00,2457,1814,307.6,5.35,43.89,13.68,DSYA3_L2,59.3,3.001,,59.3,3.001,0,,0,40,HYP-LOOSE-CONN,ALM-THR-TERM-WARN;ALM-K-WARN;ALM-K-ALM;ALM-PANEL-TEMP
2026-07-31T14:30:00+00:00,2458,1827,309.2,5.32,43.93,13.71,DSYA3_L2,60.14,3.003,,60.14,3.003,0,,0,40,HYP-LOOSE-CONN,ALM-THR-TERM-WARN;ALM-K-WARN;ALM-K-ALM;ALM-PANEL-TEMP
2026-07-31T14:45:00+00:00,2459,1836,312,5.31,43.95,13.74,DSYA3_L2,60.82,3.005,,60.82,3.005,0,,0,50,HYP-LOOSE-CONN,ALM-THR-TERM-WARN;ALM-K-WARN;ALM-K-ALM;ALM-PANEL-TEMP
2026-07-31T15:00:00+00:00,2460,1865,313.3,5.26,43.96,13.74,DSYA3_L2,61.46,3.006,,61.46,3.006,0,,0,50,HYP-LOOSE-CONN,ALM-THR-TERM-WARN;ALM-K-WARN;ALM-K-ALM;ALM-PANEL-TEMP
2026-07-31T15:15:00+00:00,2461,1857,311,5.27,43.95,13.74,DSYA3_L2,62.78,3.01,,62.78,3.01,0,,0,50,HYP-LOOSE-CONN,ALM-THR-TERM-WARN;ALM-K-WARN;ALM-K-ALM;ALM-PANEL-TEMP
2026-07-31T15:30:00+00:00,2462,1851,310.2,5.28,43.93,13.71,DSYA3_L2,63.56,3.012,,63.56,3.012,0,,0,50,HYP-LOOSE-CONN,ALM-THR-TERM-WARN;ALM-K-WARN;ALM-K-ALM;ALM-PANEL-TEMP
2026-07-31T15:45:00+00:00,2463,1841,306.9,5.3,43.89,13.68,DSYA3_L2,63.45,3.01,,63.45,3.01,0,,0,50,HYP-LOOSE-CONN,ALM-THR-TERM-WARN;ALM-K-WARN;ALM-K-ALM;ALM-PANEL-TEMP
2026-07-31T16:00:00+00:00,2464,1833,306.3,5.31,43.84,13.63,DSYA3_L2,63.19,3.007,,63.19,3.007,0,,0,50,HYP-LOOSE-CONN,ALM-THR-TERM-WARN;ALM-K-WARN;ALM-K-ALM;ALM-PANEL-TEMP
2026-07-31T16:15:00+00:00,2465,1817,304.7,5.34,43.78,13.57,DSYA3_L2,63.78,3.01,,63.78,3.01,0,,0,50,HYP-LOOSE-CONN,ALM-THR-TERM-WARN;ALM-K-WARN;ALM-K-ALM;ALM-PANEL-TEMP
2026-07-31T16:30:00+00:00,2466,1818,304.2,5.33,43.7,13.5,DSYA3_L2,62.85,3.004,,62.85,3.004,0,,0,40,HYP-LOOSE-CONN,ALM-THR-TERM-WARN;ALM-K-WARN;ALM-K-ALM;ALM-PANEL-TEMP
2026-07-31T16:45:00+00:00,2467,1810,302.5,5.34,43.6,13.41,DSYA3_L2,62.91,3.005,,62.91,3.005,0,,0,50,HYP-LOOSE-CONN,ALM-THR-TERM-WARN;ALM-K-WARN;ALM-K-ALM;ALM-PANEL-TEMP
2026-07-31T17:00:00+00:00,2468,1794,298.6,5.37,43.49,13.31,DSYA3_L2,62.98,3.005,,62.98,3.005,0,,0,50,HYP-LOOSE-CONN,ALM-THR-TERM-WARN;ALM-K-WARN;ALM-K-ALM;ALM-PANEL-TEMP
2026-07-31T17:15:00+00:00,2469,1764,297,5.42,43.37,13.2,DSYA3_L2,62.74,3.005,,62.74,3.005,0,,0,50,HYP-LOOSE-CONN,ALM-THR-TERM-WARN;ALM-K-WARN;ALM-K-ALM;ALM-PANEL-TEMP
2026-07-31T17:30:00+00:00,2470,1729,292.2,5.47,43.24,13.09,DSYA3_L2,61.98,3.002,,61.98,3.002,0,,0,50,HYP-LOOSE-CONN,ALM-THR-TERM-WARN;ALM-K-WARN;ALM-K-ALM;ALM-PANEL-TEMP
2026-07-31T17:45:00+00:00,2471,1690,286.7,5.53,43.09,12.96,DSYA3_L2,60.31,2.996,,60.31,2.996,0,,0,50,HYP-LOOSE-CONN,ALM-THR-TERM-WARN;ALM-K-WARN;ALM-K-ALM;ALM-PANEL-TEMP
2026-07-31T18:00:00+00:00,2472,1678,286.6,5.56,42.94,12.82,DSYA3_L2,58.68,2.991,,58.68,2.991,0,,0,50,HYP-LOOSE-CONN,ALM-THR-TERM-WARN;ALM-K-WARN;ALM-K-ALM;ALM-PANEL-TEMP
2026-07-31T18:15:00+00:00,2473,1670,284.4,5.57,42.77,12.67,DSYA3_L2,57.76,2.99,,57.76,2.99,0,,0,40,HYP-LOOSE-CONN,ALM-THR-TERM-WARN;ALM-K-WARN;ALM-K-ALM;ALM-PANEL-TEMP
2026-07-31T18:30:00+00:00,2474,1648,281.9,5.6,42.59,12.52,DSYA3_L2,57.44,2.991,,57.44,2.991,0,,0,40,HYP-LOOSE-CONN,ALM-THR-TERM-WARN;ALM-K-WARN;ALM-K-ALM;ALM-PANEL-TEMP
2026-07-31T18:45:00+00:00,2475,1630,277.7,5.63,42.41,12.36,DSYA3_L2,56.88,2.993,,56.88,2.993,0,,0,40,HYP-LOOSE-CONN,ALM-THR-TERM-WARN;ALM-K-WARN;ALM-K-ALM;ALM-PANEL-TEMP
2026-07-31T19:00:00+00:00,2476,1613,274.2,5.65,42.21,12.19,DSYA3_L2,55.72,2.991,,55.72,2.991,0,,0,40,HYP-LOOSE-CONN,ALM-THR-TERM-WARN;ALM-K-WARN;ALM-K-ALM;ALM-PANEL-TEMP
2026-07-31T19:15:00+00:00,2477,1621,276.1,5.64,42.01,12.02,DSYA3_L2,55.56,2.994,,55.56,2.994,0,,0,40,HYP-LOOSE-CONN,ALM-THR-TERM-WARN;ALM-K-WARN;ALM-K-ALM;ALM-PANEL-TEMP
2026-07-31T19:30:00+00:00,2478,1620,276.6,5.64,41.8,11.84,DSYA3_L2,54.76,2.994,,54.76,2.994,0,,0,50,HYP-LOOSE-CONN,ALM-THR-TERM-WARN;ALM-K-WARN;ALM-K-ALM;ALM-PANEL-TEMP
2026-07-31T19:45:00+00:00,2479,1638,279.3,5.62,41.59,11.67,DSYA3_L2,55.04,2.999,,55.04,2.999,0,,0,50,HYP-LOOSE-CONN,ALM-THR-TERM-WARN;ALM-K-WARN;ALM-K-ALM;ALM-PANEL-TEMP
2026-07-31T20:00:00+00:00,2480,1664,283.7,5.58,41.37,11.49,DSYA3_L2,55.83,3.005,,55.83,3.005,0,,0,50,HYP-LOOSE-CONN,ALM-THR-TERM-WARN;ALM-K-WARN;ALM-K-ALM;ALM-PANEL-TEMP
2026-07-31T20:15:00+00:00,2481,1644,282.6,5.61,41.14,11.3,DSYA3_L2,56.04,3.009,,56.04,3.009,0,,0,50,HYP-LOOSE-CONN,ALM-THR-TERM-WARN;ALM-K-WARN;ALM-K-ALM;ALM-PANEL-TEMP
2026-07-31T20:30:00+00:00,2482,1616,277.6,5.65,40.92,11.12,DSYA3_L2,55.99,3.011,,55.99,3.011,0,,0,50,HYP-LOOSE-CONN,ALM-THR-TERM-WARN;ALM-K-WARN;ALM-K-ALM;ALM-PANEL-TEMP
2026-07-31T20:45:00+00:00,2483,1588,275.1,5.7,40.69,10.94,DSYA3_L2,54.92,3.01,,54.92,3.01,0,,0,50,HYP-LOOSE-CONN,ALM-THR-TERM-WARN;ALM-K-WARN;ALM-K-ALM;ALM-PANEL-TEMP
2026-07-31T21:00:00+00:00,2484,1570,274.5,5.73,40.46,10.76,DSYA3_L2,53.76,3.009,,53.76,3.009,0,,0,50,HYP-LOOSE-CONN,ALM-THR-TERM-WARN;ALM-K-WARN;ALM-K-ALM;ALM-PANEL-TEMP
2026-07-31T21:15:00+00:00,2485,1517,267.7,5.82,40.23,10.58,DSYA3_L2,52.26,3.006,,52.26,3.006,0,,0,50,HYP-LOOSE-CONN,ALM-THR-TERM-WARN;ALM-K-WARN;ALM-K-ALM
2026-07-31T21:30:00+00:00,2486,1458,259.6,5.91,40,10.4,DSYA3_L2,50.99,3.005,,50.99,3.005,0,,0,50,HYP-LOOSE-CONN,ALM-THR-TERM-WARN;ALM-K-WARN;ALM-K-ALM
2026-07-31T21:45:00+00:00,2487,1390,248.1,6.01,39.78,10.23,DSYA3_L2,48.63,3.001,,48.63,3.001,0,,0,50,HYP-LOOSE-CONN,ALM-K-WARN;ALM-K-ALM
2026-07-31T22:00:00+00:00,2488,1321,236.1,6.12,39.55,10.06,DSYA3_L2,46.59,2.999,,46.59,2.999,0,,0,50,HYP-LOOSE-CONN,ALM-K-WARN;ALM-K-ALM
2026-07-31T22:15:00+00:00,2489,1231,221.1,6.26,39.33,9.9,DSYA3_L2,43.85,2.995,,43.85,2.995,0,,0,50,HYP-LOOSE-CONN,ALM-K-WARN;ALM-K-ALM
2026-07-31T22:30:00+00:00,2490,1139,207.4,6.41,39.12,9.74,DSYA3_L2,40.97,2.992,,40.97,2.992,0,,0,50,HYP-LOOSE-CONN,ALM-K-WARN;ALM-K-ALM
2026-07-31T22:45:00+00:00,2491,1034,190.6,6.57,38.91,9.58,DSYA3_L2,38.25,2.99,,38.25,2.99,0,,0,50,HYP-LOOSE-CONN,ALM-K-WARN;ALM-K-ALM
2026-07-31T23:00:00+00:00,2492,947.2,175.9,6.71,38.71,9.44,DSYA3_L2,35.09,2.989,,35.09,2.989,0,,0,50,HYP-LOOSE-CONN,ALM-K-WARN;ALM-K-ALM
2026-07-31T23:15:00+00:00,2493,874.5,164.7,6.82,38.51,9.29,DSYA3_L2,32.3,2.988,,32.3,2.988,0,,0,50,HYP-LOOSE-CONN,ALM-K-WARN;ALM-K-ALM
2026-07-31T23:30:00+00:00,2494,800.3,152.5,6.94,38.33,9.16,DSYA3_L2,29.75,2.988,,29.75,2.988,0,,0,50,HYP-LOOSE-CONN,ALM-K-WARN;ALM-K-ALM
2026-07-31T23:45:00+00:00,2495,728.8,140.3,7.05,38.15,9.03,DSYA3_L2,27.78,2.989,,27.78,2.989,0,,0,50,HYP-LOOSE-CONN,ALM-K-WARN;ALM-K-ALM
2026-08-01T00:00:00+00:00,2496,653.6,127.2,7.17,37.96,8.9,DSYA3_L2,25.64,2.99,,25.64,2.99,0,,0,50,HYP-LOOSE-CONN,ALM-K-WARN;ALM-K-ALM
2026-08-01T00:15:00+00:00,2497,640.2,125.2,7.2,37.8,8.79,DSYA3_L2,23.68,2.99,,23.68,2.99,0,,0,50,HYP-LOOSE-CONN,ALM-K-WARN;ALM-K-ALM
2026-08-01T00:30:00+00:00,2498,624,123.1,7.22,37.66,8.69,DSYA3_L2,22.3,2.992,,22.3,2.992,0,,0,50,HYP-LOOSE-CONN,ALM-K-WARN;ALM-K-ALM
2026-08-01T00:45:00+00:00,2499,609,120.3,7.25,37.53,8.59,DSYA3_L2,21.83,2.994,9,21.83,2.994,0,,0,70,HYP-LOOSE-CONN,ALM-K-WARN;ALM-K-ALM;ALM-TTL-14D
2026-08-01T01:00:00+00:00,2500,592.4,117.4,7.27,37.4,8.51,DSYA3_L2,20.71,2.995,8,20.71,2.995,0,,0,70,HYP-LOOSE-CONN,ALM-K-WARN;ALM-K-ALM;ALM-TTL-14D
2026-08-01T01:15:00+00:00,2501,581,115.8,7.29,37.3,8.44,DSYA3_L2,19.7,2.997,8,19.7,2.997,0,,0,70,HYP-LOOSE-CONN,ALM-K-WARN;ALM-K-ALM;ALM-TTL-14D
2026-08-01T01:30:00+00:00,2502,563.8,113,7.32,37.2,8.37,DSYA3_L2,19.29,2.998,8,19.29,2.998,0,,0,70,HYP-LOOSE-CONN,ALM-K-WARN;ALM-K-ALM;ALM-TTL-14D
2026-08-01T01:45:00+00:00,2503,551.6,111.1,7.34,37.12,8.32,DSYA3_L2,17.96,2.999,7,17.96,2.999,0,,0,70,HYP-LOOSE-CONN,ALM-K-WARN;ALM-K-ALM;ALM-TTL-14D
2026-08-01T02:00:00+00:00,2504,538.2,107.9,7.36,37.05,8.27,DSYA3_L2,17.49,3,7,17.49,3,0,,0,70,HYP-LOOSE-CONN,ALM-K-WARN;ALM-K-ALM;ALM-TTL-14D
2026-08-01T02:15:00+00:00,2505,537.8,107.9,7.36,37,8.23,DSYA3_L2,16.61,3.001,5,16.61,3.001,0,,0,70,HYP-LOOSE-CONN,ALM-K-WARN;ALM-K-ALM;ALM-TTL-14D
2026-08-01T02:30:00+00:00,2506,533.5,107,7.37,36.97,8.21,DSYA3_L2,16.37,3.003,5,16.37,3.003,0,,0,70,HYP-LOOSE-CONN,ALM-K-WARN;ALM-K-ALM;ALM-TTL-14D
2026-08-01T02:45:00+00:00,2507,526,105.6,7.38,36.94,8.19,DSYA3_L2,15.35,3.003,5,15.35,3.003,0,,0,70,HYP-LOOSE-CONN,ALM-K-WARN;ALM-K-ALM;ALM-TTL-14D
2026-08-01T03:00:00+00:00,2508,519.4,104.2,7.39,36.94,8.19,DSYA3_L2,14.61,3.004,4,14.61,3.004,0,,0,70,HYP-LOOSE-CONN,ALM-K-WARN;ALM-K-ALM;ALM-TTL-14D
2026-08-01T03:15:00+00:00,2509,514.4,103.7,7.4,36.94,8.19,DSYA3_L2,14.49,3.005,4,14.49,3.005,0,,0,70,HYP-LOOSE-CONN,ALM-K-WARN;ALM-K-ALM;ALM-TTL-14D
2026-08-01T03:30:00+00:00,2510,509.6,103,7.4,36.97,8.21,DSYA3_L2,13.98,3.006,4,13.98,3.006,0,,0,70,HYP-LOOSE-CONN,ALM-K-WARN;ALM-K-ALM;ALM-TTL-14D
2026-08-01T03:45:00+00:00,2511,507.6,102.3,7.41,37,8.23,DSYA3_L2,13.33,3.006,4,13.33,3.006,0,,0,70,HYP-LOOSE-CONN,ALM-K-WARN;ALM-K-ALM;ALM-TTL-14D
2026-08-01T04:00:00+00:00,2512,501.3,101.5,7.42,37.05,8.27,DSYA3_L2,13.05,3.007,3,13.05,3.007,0,,0,70,HYP-LOOSE-CONN,ALM-K-WARN;ALM-K-ALM;ALM-TTL-14D
2026-08-01T04:15:00+00:00,2513,502.4,101.4,7.41,37.12,8.32,DSYA3_L2,12.19,3.007,3,12.19,3.007,0,,0,70,HYP-LOOSE-CONN,ALM-K-WARN;ALM-K-ALM;ALM-TTL-14D
2026-08-01T04:30:00+00:00,2514,505.7,102.1,7.41,37.2,8.37,DSYA3_L2,11.95,3.008,3,11.95,3.008,0,,0,70,HYP-LOOSE-CONN,ALM-K-WARN;ALM-K-ALM;ALM-TTL-14D
2026-08-01T04:45:00+00:00,2515,509.9,102.8,7.4,37.3,8.44,DSYA3_L2,11.76,3.009,3,11.76,3.009,0,,0,70,HYP-LOOSE-CONN,ALM-K-WARN;ALM-K-ALM;ALM-TTL-14D
2026-08-01T05:00:00+00:00,2516,511.9,103.3,7.4,37.4,8.51,DSYA3_L2,11.45,3.009,2,11.45,3.009,0,,0,70,HYP-LOOSE-CONN,ALM-K-WARN;ALM-K-ALM;ALM-TTL-14D
2026-08-01T05:15:00+00:00,2517,533.2,107.8,7.37,37.53,8.59,DSYA3_L2,10.73,3.009,2,10.73,3.009,0,,0,70,HYP-LOOSE-CONN,ALM-K-WARN;ALM-K-ALM;ALM-TTL-14D
2026-08-01T05:30:00+00:00,2518,549.4,110.6,7.34,37.66,8.69,DSYA3_L2,11.25,3.01,2,11.25,3.01,0,,0,70,HYP-LOOSE-CONN,ALM-K-WARN;ALM-K-ALM;ALM-TTL-14D
2026-08-01T05:45:00+00:00,2519,565.1,113.8,7.32,37.8,8.79,DSYA3_L2,11.53,3.011,2,11.53,3.011,0,,0,70,HYP-LOOSE-CONN,ALM-K-WARN;ALM-K-ALM;ALM-TTL-14D
2026-08-01T06:00:00+00:00,2520,580.7,116.9,7.29,37.96,8.9,DSYA3_L2,10.76,3.011,2,10.76,3.011,0,,0,70,HYP-LOOSE-CONN,ALM-K-WARN;ALM-K-ALM;ALM-TTL-14D
2026-08-01T06:15:00+00:00,2521,620.2,124.4,7.23,38.13,9.02,DSYA3_L2,11.16,3.012,2,11.16,3.012,0,,0,70,HYP-LOOSE-CONN,ALM-K-WARN;ALM-K-ALM;ALM-TTL-14D
2026-08-01T06:30:00+00:00,2522,656.9,131.4,7.17,38.31,9.14,DSYA3_L2,11.47,3.013,2,11.47,3.013,0,,0,70,HYP-LOOSE-CONN,ALM-K-WARN;ALM-K-ALM;ALM-TTL-14D
2026-08-01T06:45:00+00:00,2523,692.8,138.2,7.12,38.49,9.28,DSYA3_L2,11.55,3.014,2,11.55,3.014,0,,0,70,HYP-LOOSE-CONN,ALM-K-WARN;ALM-K-ALM;ALM-TTL-14D
2026-08-01T07:00:00+00:00,2524,732.7,145.4,7.06,38.69,9.42,DSYA3_L2,11.59,3.014,2,11.59,3.014,0,,0,70,HYP-LOOSE-CONN,ALM-K-WARN;ALM-K-ALM;ALM-TTL-14D
2026-08-01T07:15:00+00:00,2525,790.1,155.1,6.97,38.89,9.57,DSYA3_L2,12.47,3.016,2,12.47,3.016,0,,0,70,HYP-LOOSE-CONN,ALM-K-WARN;ALM-K-ALM;ALM-TTL-14D
2026-08-01T07:30:00+00:00,2526,850.2,167.1,6.87,39.1,9.72,DSYA3_L2,13.13,3.017,2,13.13,3.017,0,,0,70,HYP-LOOSE-CONN,ALM-K-WARN;ALM-K-ALM;ALM-TTL-14D
2026-08-01T07:45:00+00:00,2527,911.4,177.8,6.78,39.31,9.88,DSYA3_L2,14.01,3.019,3,14.01,3.019,0,,0,70,HYP-LOOSE-CONN,ALM-K-WARN;ALM-K-ALM;ALM-TTL-14D
2026-08-01T08:00:00+00:00,2528,971.6,189,6.68,39.53,10.04,DSYA3_L2,15.47,3.021,11,15.47,3.021,0,,0,70,HYP-LOOSE-CONN,ALM-K-WARN;ALM-K-ALM;ALM-TTL-14D
2026-08-01T08:15:00+00:00,2529,1037,201.2,6.58,39.75,10.21,DSYA3_L2,16.37,3.023,11,16.37,3.023,0,,0,70,HYP-LOOSE-CONN,ALM-K-WARN;ALM-K-ALM;ALM-TTL-14D
2026-08-01T08:30:00+00:00,2530,1091,210.5,6.5,39.98,10.39,DSYA3_L2,18,3.026,48,18,3.026,0,,0,70,HYP-LOOSE-CONN,ALM-K-WARN;ALM-K-ALM;ALM-TTL-14D
2026-08-01T08:45:00+00:00,2531,1154,222.1,6.4,40.21,10.56,DSYA3_L2,19.42,3.028,48,19.42,3.028,0,,0,70,HYP-LOOSE-CONN,ALM-K-WARN;ALM-K-ALM;ALM-TTL-14D
2026-08-01T09:00:00+00:00,2532,1207,230.4,6.32,40.44,10.74,DSYA3_L2,21.28,3.032,47,21.28,3.032,0,,0,70,HYP-LOOSE-CONN,ALM-K-WARN;ALM-K-ALM;ALM-TTL-14D
2026-08-01T09:15:00+00:00,2533,1234,234.3,6.28,40.67,10.92,DSYA3_L2,22.5,3.034,47,22.5,3.034,0,,0,70,HYP-LOOSE-CONN,ALM-K-WARN;ALM-K-ALM;ALM-TTL-14D
2026-08-01T09:30:00+00:00,2534,1270,240.1,6.22,40.9,11.1,DSYA3_L2,23.87,3.036,47,23.87,3.036,0,,0,70,HYP-LOOSE-CONN,ALM-K-WARN;ALM-K-ALM;ALM-TTL-14D
2026-08-01T09:45:00+00:00,2535,1302,246.5,6.17,41.12,11.29,DSYA3_L2,25.02,3.037,47,25.02,3.037,0,,0,70,HYP-LOOSE-CONN,ALM-K-WARN;ALM-K-ALM;ALM-TTL-14D
2026-08-01T10:00:00+00:00,2536,1332,251.3,6.13,41.34,11.47,DSYA3_L2,26.2,3.039,47,26.2,3.039,0,,0,70,HYP-LOOSE-CONN,ALM-K-WARN;ALM-K-ALM;ALM-TTL-14D
2026-08-01T10:15:00+00:00,2537,1334,252.2,6.12,41.56,11.65,DSYA3_L2,27.73,3.041,47,27.73,3.041,0,,0,70,HYP-LOOSE-CONN,ALM-K-WARN;ALM-K-ALM;ALM-TTL-14D
2026-08-01T10:30:00+00:00,2538,1337,252.2,6.12,41.78,11.83,DSYA3_L2,27.87,3.039,985,27.87,3.039,0,,0,50,HYP-LOOSE-CONN,ALM-K-WARN;ALM-K-ALM;ALM-PANEL-TEMP
2026-08-01T10:45:00+00:00,2539,1334,252.5,6.12,41.99,12,DSYA3_L2,28.69,3.04,1056,28.69,3.04,0,,0,50,HYP-LOOSE-CONN,ALM-K-WARN;ALM-K-ALM;ALM-PANEL-TEMP
2026-08-01T11:00:00+00:00,2540,1328,251.2,6.13,42.19,12.17,DSYA3_L2,28.35,3.036,1248,28.35,3.036,0,,0,50,HYP-LOOSE-CONN,ALM-K-WARN;ALM-K-ALM;ALM-PANEL-TEMP
2026-08-01T11:15:00+00:00,2541,1331,251.6,6.13,42.38,12.34,DSYA3_L2,28.66,3.035,1276,28.66,3.035,0,,0,50,HYP-LOOSE-CONN,ALM-K-WARN;ALM-K-ALM;ALM-PANEL-TEMP
2026-08-01T11:30:00+00:00,2542,1314,249.7,6.15,42.57,12.5,DSYA3_L2,29.15,3.035,1559,29.15,3.035,0,,0,50,HYP-LOOSE-CONN,ALM-K-WARN;ALM-K-ALM;ALM-PANEL-TEMP
2026-08-01T11:45:00+00:00,2543,1304,247.6,6.17,42.75,12.65,DSYA3_L2,29.25,3.034,1656,29.25,3.034,0,,0,50,HYP-LOOSE-CONN,ALM-K-WARN;ALM-K-ALM;ALM-PANEL-TEMP
2026-08-01T12:00:00+00:00,2544,1303,245,6.17,42.91,12.8,DSYA3_L2,28.77,3.03,2135,28.77,3.03,0,,0,50,HYP-LOOSE-CONN,ALM-K-WARN;ALM-K-ALM;ALM-PANEL-TEMP
2026-08-01T12:15:00+00:00,2545,1290,244.1,6.19,43.07,12.94,DSYA3_L2,29.01,3.03,1823,29.01,3.03,0,,0,50,HYP-LOOSE-CONN,ALM-K-WARN;ALM-K-ALM;ALM-PANEL-TEMP
2026-08-01T12:30:00+00:00,2546,1268,239.7,6.22,43.22,13.07,DSYA3_L2,29.02,3.029,,29.02,3.029,0,,0,50,HYP-LOOSE-CONN,ALM-K-WARN;ALM-K-ALM;ALM-PANEL-TEMP
2026-08-01T12:45:00+00:00,2547,1246,233.7,6.25,43.35,13.19,DSYA3_L2,28.3,3.025,,28.3,3.025,0,,0,50,HYP-LOOSE-CONN,ALM-K-WARN;ALM-K-ALM;ALM-PANEL-TEMP
2026-08-01T13:00:00+00:00,2548,1231,228.9,6.27,43.47,13.29,DSYA3_L2,28.41,3.025,,28.41,3.025,0,,0,50,HYP-LOOSE-CONN,ALM-K-WARN;ALM-K-ALM;ALM-PANEL-TEMP
2026-08-01T13:15:00+00:00,2549,1215,226.6,6.3,43.58,13.39,DSYA3_L2,27.96,3.023,,27.96,3.023,0,,0,50,HYP-LOOSE-CONN,ALM-K-WARN;ALM-K-ALM;ALM-PANEL-TEMP
2026-08-01T13:30:00+00:00,2550,1210,224.4,6.3,43.67,13.48,DSYA3_L2,27.85,3.023,,27.85,3.023,0,,0,50,HYP-LOOSE-CONN,ALM-K-WARN;ALM-K-ALM;ALM-PANEL-TEMP
2026-08-01T13:45:00+00:00,2551,1188,219.5,6.34,43.75,13.55,DSYA3_L2,27.63,3.022,,27.63,3.022,0,,0,50,HYP-LOOSE-CONN,ALM-K-WARN;ALM-K-ALM;ALM-PANEL-TEMP
2026-08-01T14:00:00+00:00,2552,1172,215.9,6.36,43.82,13.61,DSYA3_L2,27.22,3.021,,27.22,3.021,0,,0,50,HYP-LOOSE-CONN,ALM-K-WARN;ALM-K-ALM;ALM-PANEL-TEMP
2026-08-01T14:15:00+00:00,2553,1165,215.3,6.37,43.87,13.66,DSYA3_L2,27.15,3.021,,27.15,3.021,0,,0,50,HYP-LOOSE-CONN,ALM-K-WARN;ALM-K-ALM;ALM-PANEL-TEMP
2026-08-01T14:30:00+00:00,2554,1159,214,6.38,43.91,13.69,DSYA3_L2,26.47,3.019,,26.47,3.019,0,,0,50,HYP-LOOSE-CONN,ALM-K-WARN;ALM-K-ALM;ALM-PANEL-TEMP
2026-08-01T14:45:00+00:00,2555,1143,212.1,6.41,43.93,13.72,DSYA3_L2,26.31,3.019,,26.31,3.019,0,,0,50,HYP-LOOSE-CONN,ALM-K-WARN;ALM-K-ALM;ALM-PANEL-TEMP
2026-08-01T15:00:00+00:00,2556,1134,211,6.42,43.94,13.72,DSYA3_L2,26.14,3.019,,26.14,3.019,0,,0,50,HYP-LOOSE-CONN,ALM-K-WARN;ALM-K-ALM;ALM-PANEL-TEMP
2026-08-01T15:15:00+00:00,2557,1137,211,6.42,43.93,13.72,DSYA3_L2,25.5,3.018,,25.5,3.018,0,,0,50,HYP-LOOSE-CONN,ALM-K-WARN;ALM-K-ALM;ALM-PANEL-TEMP
2026-08-01T15:30:00+00:00,2558,1138,213,6.42,43.91,13.69,DSYA3_L2,25.87,3.019,,25.87,3.019,0,,0,50,HYP-LOOSE-CONN,ALM-K-WARN;ALM-K-ALM;ALM-PANEL-TEMP
2026-08-01T15:45:00+00:00,2559,1146,213.6,6.4,43.87,13.66,DSYA3_L2,25.9,3.02,,25.9,3.02,0,,0,50,HYP-LOOSE-CONN,ALM-K-WARN;ALM-K-ALM;ALM-PANEL-TEMP
2026-08-01T16:00:00+00:00,2560,1150,214,6.4,43.82,13.61,DSYA3_L2,25.9,3.021,,25.9,3.021,0,,0,50,HYP-LOOSE-CONN,ALM-K-WARN;ALM-K-ALM;ALM-PANEL-TEMP
2026-08-01T16:15:00+00:00,2561,1169,217.3,6.37,43.75,13.55,DSYA3_L2,25.96,3.022,,25.96,3.022,0,,0,50,HYP-LOOSE-CONN,ALM-K-WARN;ALM-K-ALM;ALM-PANEL-TEMP
2026-08-01T16:30:00+00:00,2562,1180,219.4,6.35,43.67,13.48,DSYA3_L2,26.21,3.023,40,26.21,3.023,0,,0,70,HYP-LOOSE-CONN,ALM-K-WARN;ALM-K-ALM;ALM-TTL-14D;ALM-PANEL-TEMP
2026-08-01T16:45:00+00:00,2563,1190,221.7,6.34,43.58,13.39,DSYA3_L2,26.84,3.026,40,26.84,3.026,0,,0,70,HYP-LOOSE-CONN,ALM-K-WARN;ALM-K-ALM;ALM-TTL-14D;ALM-PANEL-TEMP
2026-08-01T17:00:00+00:00,2564,1198,222,6.32,43.47,13.29,DSYA3_L2,26.91,3.026,39,26.91,3.026,0,,0,70,HYP-LOOSE-CONN,ALM-K-WARN;ALM-K-ALM;ALM-TTL-14D;ALM-PANEL-TEMP
2026-08-01T17:15:00+00:00,2565,1236,227.6,6.26,43.35,13.19,DSYA3_L2,27.79,3.03,39,27.79,3.03,0,,0,70,HYP-LOOSE-CONN,ALM-K-WARN;ALM-K-ALM;ALM-TTL-14D;ALM-PANEL-TEMP
2026-08-01T17:30:00+00:00,2566,1277,232.4,6.19,43.22,13.07,DSYA3_L2,28.52,3.033,39,28.52,3.033,0,,0,70,HYP-LOOSE-CONN,ALM-K-WARN;ALM-K-ALM;ALM-TTL-14D;ALM-PANEL-TEMP
2026-08-01T17:45:00+00:00,2567,1326,242.4,6.12,43.07,12.94,DSYA3_L2,29.29,3.035,39,29.29,3.035,0,,0,70,HYP-LOOSE-CONN,ALM-K-WARN;ALM-K-ALM;ALM-TTL-14D;ALM-PANEL-TEMP
2026-08-01T18:00:00+00:00,2568,1366,247,6.06,42.91,12.8,DSYA3_L2,30.78,3.039,39,30.78,3.039,0,,0,70,HYP-LOOSE-CONN,ALM-K-WARN;ALM-K-ALM;ALM-TTL-14D;ALM-PANEL-TEMP
2026-08-01T18:15:00+00:00,2569,1390,250.5,6.02,42.75,12.65,DSYA3_L2,32.41,3.045,65,32.41,3.045,0,,0,70,HYP-LOOSE-CONN,ALM-K-WARN;ALM-K-ALM;ALM-TTL-14D;ALM-PANEL-TEMP
2026-08-01T18:30:00+00:00,2570,1419,255.9,5.97,42.57,12.5,DSYA3_L2,32.87,3.044,113,32.87,3.044,0,,0,70,HYP-LOOSE-CONN,ALM-K-WARN;ALM-K-ALM;ALM-TTL-14D;ALM-PANEL-TEMP
2026-08-01T18:45:00+00:00,2571,1443,260.3,5.94,42.38,12.34,DSYA3_L2,34.83,3.051,113,34.83,3.051,0,,0,70,HYP-LOOSE-CONN,ALM-K-WARN;ALM-K-ALM;ALM-TTL-14D;ALM-PANEL-TEMP
2026-08-01T19:00:00+00:00,2572,1479,266.6,5.88,42.19,12.17,DSYA3_L2,35.66,3.052,140,35.66,3.052,0,,0,70,HYP-LOOSE-CONN,ALM-K-WARN;ALM-K-ALM;ALM-TTL-14D;ALM-PANEL-TEMP
2026-08-01T19:15:00+00:00,2573,1498,268.2,5.85,41.99,12,DSYA3_L2,36.77,3.054,206,36.77,3.054,0,,0,70,HYP-LOOSE-CONN,ALM-K-WARN;ALM-K-ALM;ALM-TTL-14D;ALM-PANEL-TEMP
2026-08-01T19:30:00+00:00,2574,1514,271.3,5.83,41.78,11.83,DSYA3_L2,37.87,3.056,206,37.87,3.056,0,,0,70,HYP-LOOSE-CONN,ALM-K-WARN;ALM-K-ALM;ALM-TTL-14D;ALM-PANEL-TEMP
2026-08-01T19:45:00+00:00,2575,1547,275.2,5.77,41.56,11.65,DSYA3_L2,38.58,3.056,208,38.58,3.056,0,,0,70,HYP-LOOSE-CONN,ALM-K-WARN;ALM-K-ALM;ALM-TTL-14D;ALM-PANEL-TEMP
2026-08-01T20:00:00+00:00,2576,1562,275.3,5.75,41.34,11.47,DSYA3_L2,40.42,3.062,205,40.42,3.062,0,,0,70,HYP-LOOSE-CONN,ALM-K-WARN;ALM-K-ALM;ALM-TTL-14D;ALM-PANEL-TEMP
2026-08-01T20:15:00+00:00,2577,1545,272.9,5.77,41.12,11.29,DSYA3_L2,41.21,3.061,205,41.21,3.061,0,,0,70,HYP-LOOSE-CONN,ALM-K-WARN;ALM-K-ALM;ALM-TTL-14D;ALM-PANEL-TEMP
2026-08-01T20:30:00+00:00,2578,1514,266.2,5.82,40.9,11.1,DSYA3_L2,41.52,3.059,206,41.52,3.059,0,,0,70,HYP-LOOSE-CONN,ALM-K-WARN;ALM-K-ALM;ALM-TTL-14D;ALM-PANEL-TEMP
2026-08-01T20:45:00+00:00,2579,1485,261.9,5.86,40.67,10.92,DSYA3_L2,40.94,3.053,254,40.94,3.053,0,,0,70,HYP-LOOSE-CONN,ALM-K-WARN;ALM-K-ALM;ALM-TTL-14D
2026-08-01T21:00:00+00:00,2580,1456,257.1,5.91,40.44,10.74,DSYA3_L2,40.02,3.046,398,40.02,3.046,0,,0,50,HYP-LOOSE-CONN,ALM-K-WARN;ALM-K-ALM
2026-08-01T21:15:00+00:00,2581,1417,250.1,5.97,40.21,10.56,DSYA3_L2,39.19,3.04,1434,39.19,3.04,0,,0,50,HYP-LOOSE-CONN,ALM-K-WARN;ALM-K-ALM
2026-08-01T21:30:00+00:00,2582,1386,244.7,6.02,39.98,10.39,DSYA3_L2,38.35,3.035,,38.35,3.035,0,,0,50,HYP-LOOSE-CONN,ALM-K-WARN;ALM-K-ALM
2026-08-01T21:45:00+00:00,2583,1352,238.8,6.07,39.75,10.21,DSYA3_L2,37.63,3.031,,37.63,3.031,0,,0,50,HYP-LOOSE-CONN,ALM-K-WARN;ALM-K-ALM
2026-08-01T22:00:00+00:00,2584,1312,232.6,6.13,39.53,10.04,DSYA3_L2,36.35,3.025,,36.35,3.025,0,,0,50,HYP-LOOSE-CONN,ALM-K-WARN;ALM-K-ALM
2026-08-01T22:15:00+00:00,2585,1230,218.8,6.26,39.31,9.88,DSYA3_L2,35.31,3.021,,35.31,3.021,0,,0,50,HYP-LOOSE-CONN,ALM-K-WARN;ALM-K-ALM
2026-08-01T22:30:00+00:00,2586,1163,209.2,6.37,39.1,9.72,DSYA3_L2,33.43,3.014,,33.43,3.014,0,,0,50,HYP-LOOSE-CONN,ALM-K-WARN;ALM-K-ALM
2026-08-01T22:45:00+00:00,2587,1094,198.3,6.47,38.89,9.57,DSYA3_L2,31.4,3.008,,31.4,3.008,0,,0,50,HYP-LOOSE-CONN,ALM-K-WARN;ALM-K-ALM
2026-08-01T23:00:00+00:00,2588,1014,185.1,6.6,38.69,9.42,DSYA3_L2,29.74,3.006,,29.74,3.006,0,,0,50,HYP-LOOSE-CONN,ALM-K-WARN;ALM-K-ALM
2026-08-01T23:15:00+00:00,2589,927.3,171.2,6.74,38.49,9.28,DSYA3_L2,27.19,3,,27.19,3,0,,0,50,HYP-LOOSE-CONN,ALM-K-WARN;ALM-K-ALM
2026-08-01T23:30:00+00:00,2590,836.8,156,6.88,38.31,9.14,DSYA3_L2,24.85,2.996,,24.85,2.996,0,,0,50,HYP-LOOSE-CONN,ALM-K-WARN;ALM-K-ALM
2026-08-01T23:45:00+00:00,2591,748.9,140.6,7.02,38.13,9.02,DSYA3_L2,22.62,2.993,,22.62,2.993,0,,0,50,HYP-LOOSE-CONN,ALM-K-WARN;ALM-K-ALM
2026-08-02T00:00:00+00:00,2592,661.3,126.1,7.16,37.93,8.88,DSYA3_L2,20.01,2.99,,20.01,2.99,0,,0,50,HYP-LOOSE-CONN,ALM-K-WARN;ALM-K-ALM
2026-08-02T00:15:00+00:00,2593,649.2,124.7,7.18,37.78,8.77,DSYA3_L2,19.07,2.992,,19.07,2.992,0,,0,50,HYP-LOOSE-CONN,ALM-K-WARN;ALM-K-ALM
2026-08-02T00:30:00+00:00,2594,630.3,121,7.21,37.63,8.67,DSYA3_L2,17.77,2.993,,17.77,2.993,0,,0,50,HYP-LOOSE-CONN,ALM-K-WARN;ALM-K-ALM
2026-08-02T00:45:00+00:00,2595,616.4,118.8,7.23,37.5,8.57,DSYA3_L2,17.16,2.994,,17.16,2.994,0,,0,50,HYP-LOOSE-CONN,ALM-K-WARN;ALM-K-ALM
2026-08-02T01:00:00+00:00,2596,601.5,116.5,7.25,37.38,8.49,DSYA3_L2,16.19,2.995,,16.19,2.995,0,,0,50,HYP-LOOSE-CONN,ALM-K-WARN;ALM-K-ALM
2026-08-02T01:15:00+00:00,2597,589.8,114.3,7.27,37.27,8.42,DSYA3_L2,15.45,2.997,,15.45,2.997,0,,0,50,HYP-LOOSE-CONN,ALM-K-WARN;ALM-K-ALM
2026-08-02T01:30:00+00:00,2598,576.3,112.1,7.29,37.17,8.35,DSYA3_L2,14.86,2.998,,14.86,2.998,0,,0,50,HYP-LOOSE-CONN,ALM-K-WARN;ALM-K-ALM
2026-08-02T01:45:00+00:00,2599,564.6,109,7.31,37.09,8.3,DSYA3_L2,14.24,2.999,,14.24,2.999,0,,0,50,HYP-LOOSE-CONN,ALM-K-WARN;ALM-K-ALM
2026-08-02T02:00:00+00:00,2600,552.9,107.7,7.33,37.03,8.25,DSYA3_L2,14.26,3.001,,14.26,3.001,0,,0,50,HYP-LOOSE-CONN,ALM-K-WARN;ALM-K-ALM
2026-08-02T02:15:00+00:00,2601,550.6,106.8,7.33,36.97,8.22,DSYA3_L2,13.32,3.002,,13.32,3.002,0,,0,50,HYP-LOOSE-CONN,ALM-K-WARN;ALM-K-ALM
2026-08-02T02:30:00+00:00,2602,538.5,104.1,7.35,36.94,8.19,DSYA3_L2,12.88,3.002,,12.88,3.002,0,,0,50,HYP-LOOSE-CONN,ALM-K-WARN;ALM-K-ALM
2026-08-02T02:45:00+00:00,2603,530.3,102.5,7.36,36.91,8.17,DSYA3_L2,12.39,3.003,,12.39,3.003,0,,0,50,HYP-LOOSE-CONN,ALM-K-WARN;ALM-K-ALM
2026-08-02T03:00:00+00:00,2604,521.1,101,7.38,36.91,8.17,DSYA3_L2,12.37,3.005,,12.37,3.005,0,,0,50,HYP-LOOSE-CONN,ALM-K-WARN;ALM-K-ALM
2026-08-02T03:15:00+00:00,2605,524.8,101.9,7.37,36.91,8.17,DSYA3_L2,11.76,3.006,,11.76,3.006,0,,0,50,HYP-LOOSE-CONN,ALM-K-WARN;ALM-K-ALM
2026-08-02T03:30:00+00:00,2606,518.5,100.8,7.38,36.94,8.19,DSYA3_L2,11.09,3.006,5,11.09,3.006,0,,0,70,HYP-LOOSE-CONN,ALM-K-WARN;ALM-K-ALM;ALM-TTL-14D
2026-08-02T03:45:00+00:00,2607,517,100.7,7.39,36.97,8.22,DSYA3_L2,10.97,3.007,5,10.97,3.007,0,,0,70,HYP-LOOSE-CONN,ALM-K-WARN;ALM-K-ALM;ALM-TTL-14D
2026-08-02T04:00:00+00:00,2608,512.3,99.1,7.39,37.03,8.25,DSYA3_L2,10.78,3.008,5,10.78,3.008,0,,0,70,HYP-LOOSE-CONN,ALM-K-WARN;ALM-K-ALM;ALM-TTL-14D
2026-08-02T04:15:00+00:00,2609,517.2,100.2,7.38,37.09,8.3,DSYA3_L2,10.85,3.01,4,10.85,3.01,0,,0,70,HYP-LOOSE-CONN,ALM-K-WARN;ALM-K-ALM;ALM-TTL-14D
2026-08-02T04:30:00+00:00,2610,521,101.6,7.38,37.17,8.35,DSYA3_L2,10.37,3.01,4,10.37,3.01,0,,0,70,HYP-LOOSE-CONN,ALM-K-WARN;ALM-K-ALM;ALM-TTL-14D
2026-08-02T04:45:00+00:00,2611,528.6,103.2,7.37,37.27,8.42,DSYA3_L2,9.87,3.01,4,9.87,3.01,0,,0,70,HYP-LOOSE-CONN,ALM-K-WARN;ALM-K-ALM;ALM-TTL-14D
2026-08-02T05:00:00+00:00,2612,533.2,104.1,7.36,37.38,8.49,DSYA3_L2,10.06,3.011,4,10.06,3.011,0,,0,70,HYP-LOOSE-CONN,ALM-K-WARN;ALM-K-ALM;ALM-TTL-14D
2026-08-02T05:15:00+00:00,2613,551.7,107.5,7.33,37.5,8.57,DSYA3_L2,9.7,3.012,2,9.7,3.012,0,,0,70,HYP-LOOSE-CONN,ALM-K-WARN;ALM-K-ALM;ALM-TTL-14D
2026-08-02T05:30:00+00:00,2614,568,110.5,7.31,37.63,8.67,DSYA3_L2,9.56,3.013,2,9.56,3.013,0,,0,70,HYP-LOOSE-CONN,ALM-K-WARN;ALM-K-ALM;ALM-TTL-14D
2026-08-02T05:45:00+00:00,2615,583.2,113,7.28,37.78,8.77,DSYA3_L2,9.66,3.013,2,9.66,3.013,0,,0,70,HYP-LOOSE-CONN,ALM-K-WARN;ALM-K-ALM;ALM-TTL-14D
2026-08-02T06:00:00+00:00,2616,596.2,115.4,7.26,37.93,8.88,DSYA3_L2,9.77,3.014,2,9.77,3.014,0,,0,70,HYP-LOOSE-CONN,ALM-K-WARN;ALM-K-ALM;ALM-TTL-14D
2026-08-02T06:15:00+00:00,2617,640.5,124.2,7.19,38.1,9,DSYA3_L2,9.98,3.015,2,9.98,3.015,0,,0,70,HYP-LOOSE-CONN,ALM-K-WARN;ALM-K-ALM;ALM-TTL-14D
2026-08-02T06:30:00+00:00,2618,676.3,131.2,7.14,38.28,9.12,DSYA3_L2,10.38,3.017,2,10.38,3.017,0,,0,70,HYP-LOOSE-CONN,ALM-K-WARN;ALM-K-ALM;ALM-TTL-14D
2026-08-02T06:45:00+00:00,2619,712.6,136.6,7.08,38.46,9.26,DSYA3_L2,10.1,3.017,2,10.1,3.017,0,,0,70,HYP-LOOSE-CONN,ALM-K-WARN;ALM-K-ALM;ALM-TTL-14D
2026-08-02T07:00:00+00:00,2620,752.2,144.9,7.02,38.66,9.4,DSYA3_L2,11.13,3.019,2,11.13,3.019,0,,0,70,HYP-LOOSE-CONN,ALM-K-WARN;ALM-K-ALM;ALM-TTL-14D
2026-08-02T07:15:00+00:00,2621,810.6,155,6.93,38.86,9.55,DSYA3_L2,11.7,3.021,2,11.7,3.021,0,,0,70,HYP-LOOSE-CONN,ALM-K-WARN;ALM-K-ALM;ALM-TTL-14D
2026-08-02T07:30:00+00:00,2622,873.1,166.4,6.83,39.07,9.7,DSYA3_L2,12.82,3.023,2,12.82,3.023,0,,0,70,HYP-LOOSE-CONN,ALM-K-WARN;ALM-K-ALM;ALM-TTL-14D
2026-08-02T07:45:00+00:00,2623,939.6,178,6.73,39.28,9.86,DSYA3_L2,13.73,3.025,3,13.73,3.025,0,,0,70,HYP-LOOSE-CONN,ALM-K-WARN;ALM-K-ALM;ALM-TTL-14D
2026-08-02T08:00:00+00:00,2624,1006,190.6,6.62,39.5,10.02,DSYA3_L2,15.46,3.03,11,15.46,3.03,0,,0,70,HYP-LOOSE-CONN,ALM-K-WARN;ALM-K-ALM;ALM-TTL-14D
2026-08-02T08:15:00+00:00,2625,1062,199.4,6.53,39.73,10.19,DSYA3_L2,16.57,3.032,11,16.57,3.032,0,,0,70,HYP-LOOSE-CONN,ALM-K-WARN;ALM-K-ALM;ALM-TTL-14D
2026-08-02T08:30:00+00:00,2626,1120,208.2,6.44,39.95,10.37,DSYA3_L2,18,3.035,24,18,3.035,0,,0,70,HYP-LOOSE-CONN,ALM-K-WARN;ALM-K-ALM;ALM-TTL-14D
2026-08-02T08:45:00+00:00,2627,1182,219.7,6.35,40.18,10.54,DSYA3_L2,19.81,3.04,24,19.81,3.04,0,,0,70,HYP-LOOSE-CONN,ALM-K-WARN;ALM-K-ALM;ALM-TTL-14D
2026-08-02T09:00:00+00:00,2628,1242,230,6.25,40.41,10.72,DSYA3_L2,21.6,3.044,24,21.6,3.044,0,,0,70,HYP-LOOSE-CONN,ALM-K-WARN;ALM-K-ALM;ALM-TTL-14D
2026-08-02T09:15:00+00:00,2629,1281,236.4,6.19,40.64,10.9,DSYA3_L2,23.18,3.047,24,23.18,3.047,0,,0,70,HYP-LOOSE-CONN,ALM-K-WARN;ALM-K-ALM;ALM-TTL-14D
2026-08-02T09:30:00+00:00,2630,1318,242.6,6.14,40.87,11.08,DSYA3_L2,25.02,3.051,23,25.02,3.051,0,,0,70,HYP-LOOSE-CONN,ALM-K-WARN;ALM-K-ALM;ALM-TTL-14D
2026-08-02T09:45:00+00:00,2631,1349,247.4,6.09,41.09,11.27,DSYA3_L2,26.07,3.051,23,26.07,3.051,0,,0,70,HYP-LOOSE-CONN,ALM-K-WARN;ALM-K-ALM;ALM-TTL-14D
2026-08-02T10:00:00+00:00,2632,1382,254.6,6.04,41.32,11.45,DSYA3_L2,27.77,3.054,23,27.77,3.054,0,,0,70,HYP-LOOSE-CONN,ALM-K-WARN;ALM-K-ALM;ALM-TTL-14D;ALM-PANEL-TEMP
2026-08-02T10:15:00+00:00,2633,1378,254.2,6.05,41.54,11.63,DSYA3_L2,28.96,3.055,23,28.96,3.055,0,,0,70,HYP-LOOSE-CONN,ALM-K-WARN;ALM-K-ALM;ALM-TTL-14D;ALM-PANEL-TEMP
2026-08-02T10:30:00+00:00,2634,1367,250.4,6.06,41.75,11.8,DSYA3_L2,29.19,3.051,24,29.19,3.051,0,,0,70,HYP-LOOSE-CONN,ALM-K-WARN;ALM-K-ALM;ALM-TTL-14D;ALM-PANEL-TEMP
2026-08-02T10:45:00+00:00,2635,1374,252,6.05,41.96,11.98,DSYA3_L2,29.94,3.05,24,29.94,3.05,0,,0,70,HYP-LOOSE-CONN,ALM-K-WARN;ALM-K-ALM;ALM-TTL-14D;ALM-PANEL-TEMP
2026-08-02T11:00:00+00:00,2636,1379,254.4,6.04,42.16,12.15,DSYA3_L2,29.96,3.046,22,29.96,3.046,0,,0,70,HYP-LOOSE-CONN,ALM-K-WARN;ALM-K-ALM;ALM-TTL-14D;ALM-PANEL-TEMP
2026-08-02T11:15:00+00:00,2637,1364,250,6.06,42.36,12.32,DSYA3_L2,29.9,3.04,,29.9,3.04,0,,0,50,HYP-LOOSE-CONN,ALM-K-WARN;ALM-K-ALM;ALM-PANEL-TEMP
2026-08-02T11:30:00+00:00,2638,1361,250.3,6.07,42.54,12.48,DSYA3_L2,30.61,3.04,,30.61,3.04,0,,0,50,HYP-LOOSE-CONN,ALM-K-WARN;ALM-K-ALM;ALM-PANEL-TEMP
2026-08-02T11:45:00+00:00,2639,1358,248.7,6.07,42.72,12.63,DSYA3_L2,30.61,3.037,,30.61,3.037,0,,0,50,HYP-LOOSE-CONN,ALM-K-WARN;ALM-K-ALM;ALM-PANEL-TEMP
2026-08-02T12:00:00+00:00,2640,1352,244.9,6.08,42.89,12.78,DSYA3_L2,31.12,3.036,,31.12,3.036,0,,0,50,HYP-LOOSE-CONN,ALM-K-WARN;ALM-K-ALM;ALM-PANEL-TEMP
2026-08-02T12:15:00+00:00,2641,1330,240.1,6.11,43.05,12.91,DSYA3_L2,31.27,3.034,,31.27,3.034,0,,0,50,HYP-LOOSE-CONN,ALM-K-WARN;ALM-K-ALM;ALM-PANEL-TEMP
2026-08-02T12:30:00+00:00,2642,1311,237.4,6.14,43.19,13.04,DSYA3_L2,31.07,3.03,,31.07,3.03,0,,0,50,HYP-LOOSE-CONN,ALM-K-WARN;ALM-K-ALM;ALM-PANEL-TEMP
2026-08-02T12:45:00+00:00,2643,1294,235.5,6.17,43.32,13.16,DSYA3_L2,30.54,3.025,,30.54,3.025,0,,0,40,HYP-LOOSE-CONN,ALM-K-WARN;ALM-K-ALM;ALM-PANEL-TEMP
2026-08-02T13:00:00+00:00,2644,1276,232.5,6.2,43.45,13.27,DSYA3_L2,30.16,3.021,,30.16,3.021,0,,0,40,HYP-LOOSE-CONN,ALM-K-WARN;ALM-K-ALM;ALM-PANEL-TEMP
2026-08-02T13:15:00+00:00,2645,1258,227.7,6.22,43.55,13.37,DSYA3_L2,29.74,3.018,,29.74,3.018,0,,0,40,HYP-LOOSE-CONN,ALM-K-WARN;ALM-K-ALM;ALM-PANEL-TEMP
2026-08-02T13:30:00+00:00,2646,1240,225.1,6.25,43.65,13.45,DSYA3_L2,29.39,3.015,,29.39,3.015,0,,0,40,HYP-LOOSE-CONN,ALM-K-WARN;ALM-K-ALM;ALM-PANEL-TEMP
2026-08-02T13:45:00+00:00,2647,1223,222.8,6.28,43.73,13.53,DSYA3_L2,29.2,3.014,,29.2,3.014,0,,0,40,HYP-LOOSE-CONN,ALM-K-WARN;ALM-K-ALM;ALM-PANEL-TEMP
2026-08-02T14:00:00+00:00,2648,1204,220.2,6.31,43.8,13.59,DSYA3_L2,29.06,3.014,,29.06,3.014,0,,0,40,HYP-LOOSE-CONN,ALM-K-WARN;ALM-K-ALM;ALM-PANEL-TEMP
2026-08-02T14:15:00+00:00,2649,1196,218.7,6.32,43.85,13.64,DSYA3_L2,28.05,3.008,,28.05,3.008,0,,0,40,HYP-LOOSE-CONN,ALM-K-WARN;ALM-K-ALM;ALM-PANEL-TEMP
2026-08-02T14:30:00+00:00,2650,1184,216.9,6.34,43.88,13.67,DSYA3_L2,28.05,3.009,,28.05,3.009,0,,0,40,HYP-LOOSE-CONN,ALM-K-WARN;ALM-K-ALM;ALM-PANEL-TEMP
2026-08-02T14:45:00+00:00,2651,1179,215.8,6.35,43.91,13.69,DSYA3_L2,27.71,3.008,,27.71,3.008,0,,0,40,HYP-LOOSE-CONN,ALM-K-WARN;ALM-K-ALM;ALM-PANEL-TEMP
2026-08-02T15:00:00+00:00,2652,1163,213.6,6.37,43.91,13.7,DSYA3_L2,27.59,3.008,,27.59,3.008,0,,0,40,HYP-LOOSE-CONN,ALM-K-WARN;ALM-K-ALM;ALM-PANEL-TEMP
2026-08-02T15:15:00+00:00,2653,1166,214.7,6.37,43.91,13.69,DSYA3_L2,27.21,3.007,,27.21,3.007,0,,0,40,HYP-LOOSE-CONN,ALM-K-WARN;ALM-K-ALM;ALM-PANEL-TEMP
2026-08-02T15:30:00+00:00,2654,1162,214,6.37,43.88,13.67,DSYA3_L2,27.02,3.007,,27.02,3.007,0,,0,40,HYP-LOOSE-CONN,ALM-K-WARN;ALM-K-ALM;ALM-PANEL-TEMP
2026-08-02T15:45:00+00:00,2655,1162,213.3,6.37,43.85,13.64,DSYA3_L2,26.89,3.008,,26.89,3.008,0,,0,40,HYP-LOOSE-CONN,ALM-K-WARN;ALM-K-ALM;ALM-PANEL-TEMP
2026-08-02T16:00:00+00:00,2656,1170,215,6.36,43.8,13.59,DSYA3_L2,27.26,3.011,,27.26,3.011,0,,0,40,HYP-LOOSE-CONN,ALM-K-WARN;ALM-K-ALM;ALM-PANEL-TEMP
2026-08-02T16:15:00+00:00,2657,1180,217.7,6.35,43.73,13.53,DSYA3_L2,27.28,3.012,,27.28,3.012,0,,0,40,HYP-LOOSE-CONN,ALM-K-WARN;ALM-K-ALM;ALM-PANEL-TEMP
2026-08-02T16:30:00+00:00,2658,1202,222.5,6.32,43.65,13.45,DSYA3_L2,27.66,3.016,,27.66,3.016,0,,0,50,HYP-LOOSE-CONN,ALM-K-WARN;ALM-K-ALM;ALM-PANEL-TEMP
2026-08-02T16:45:00+00:00,2659,1212,223.5,6.3,43.55,13.37,DSYA3_L2,27.85,3.017,,27.85,3.017,0,,0,50,HYP-LOOSE-CONN,ALM-K-WARN;ALM-K-ALM;ALM-PANEL-TEMP
2026-08-02T17:00:00+00:00,2660,1230,227,6.27,43.45,13.27,DSYA3_L2,28.28,3.02,15,28.28,3.02,0,,0,70,HYP-LOOSE-CONN,ALM-K-WARN;ALM-K-ALM;ALM-TTL-14D;ALM-PANEL-TEMP
2026-08-02T17:15:00+00:00,2661,1265,232.4,6.22,43.32,13.16,DSYA3_L2,28.92,3.025,16,28.92,3.025,0,,0,70,HYP-LOOSE-CONN,ALM-K-WARN;ALM-K-ALM;ALM-TTL-14D;ALM-PANEL-TEMP
2026-08-02T17:30:00+00:00,2662,1303,238.8,6.16,43.19,13.04,DSYA3_L2,29.41,3.027,16,29.41,3.027,0,,0,70,HYP-LOOSE-CONN,ALM-K-WARN;ALM-K-ALM;ALM-TTL-14D;ALM-PANEL-TEMP
2026-08-02T17:45:00+00:00,2663,1347,242.7,6.08,43.05,12.91,DSYA3_L2,30.7,3.033,17,30.7,3.033,0,,0,70,HYP-LOOSE-CONN,ALM-K-WARN;ALM-K-ALM;ALM-TTL-14D;ALM-PANEL-TEMP
2026-08-02T18:00:00+00:00,2664,1387,248,6.02,42.89,12.78,DSYA3_L2,31.95,3.038,39,31.95,3.038,0,,0,70,HYP-LOOSE-CONN,ALM-K-WARN;ALM-K-ALM;ALM-TTL-14D;ALM-PANEL-TEMP
2026-08-02T18:15:00+00:00,2665,1419,253.9,5.97,42.72,12.63,DSYA3_L2,33.54,3.045,65,33.54,3.045,0,,0,70,HYP-LOOSE-CONN,ALM-K-WARN;ALM-K-ALM;ALM-TTL-14D;ALM-PANEL-TEMP
2026-08-02T18:30:00+00:00,2666,1446,259.1,5.93,42.54,12.48,DSYA3_L2,35,3.05,88,35,3.05,0,,0,70,HYP-LOOSE-CONN,ALM-K-WARN;ALM-K-ALM;ALM-TTL-14D;ALM-PANEL-TEMP
2026-08-02T18:45:00+00:00,2667,1487,263.4,5.86,42.36,12.32,DSYA3_L2,35.63,3.05,113,35.63,3.05,0,,0,70,HYP-LOOSE-CONN,ALM-K-WARN;ALM-K-ALM;ALM-TTL-14D;ALM-PANEL-TEMP
2026-08-02T19:00:00+00:00,2668,1523,271,5.81,42.16,12.15,DSYA3_L2,37.87,3.059,110,37.87,3.059,0,,0,70,HYP-LOOSE-CONN,ALM-K-WARN;ALM-K-ALM;ALM-TTL-14D;ALM-PANEL-TEMP
2026-08-02T19:15:00+00:00,2669,1534,272,5.79,41.96,11.98,DSYA3_L2,38.78,3.059,182,38.78,3.059,0,,0,70,HYP-LOOSE-CONN,ALM-K-WARN;ALM-K-ALM;ALM-TTL-14D;ALM-PANEL-TEMP
2026-08-02T19:30:00+00:00,2670,1562,277.5,5.75,41.75,11.8,DSYA3_L2,39.86,3.061,182,39.86,3.061,0,,0,70,HYP-LOOSE-CONN,ALM-K-WARN;ALM-K-ALM;ALM-TTL-14D;ALM-PANEL-TEMP
2026-08-02T19:45:00+00:00,2671,1580,280.1,5.72,41.54,11.63,DSYA3_L2,41.02,3.063,182,41.02,3.063,0,,0,70,HYP-LOOSE-CONN,ALM-K-WARN;ALM-K-ALM;ALM-TTL-14D;ALM-PANEL-TEMP
2026-08-02T20:00:00+00:00,2672,1603,281.6,5.68,41.32,11.45,DSYA3_L2,42.41,3.067,181,42.41,3.067,0,,0,70,HYP-LOOSE-CONN,ALM-K-WARN;ALM-K-ALM;ALM-TTL-14D;ALM-PANEL-TEMP
2026-08-02T20:15:00+00:00,2673,1583,277.4,5.71,41.09,11.27,DSYA3_L2,43.24,3.066,181,43.24,3.066,0,,0,70,HYP-LOOSE-CONN,ALM-K-WARN;ALM-K-ALM;ALM-TTL-14D;ALM-PANEL-TEMP
2026-08-02T20:30:00+00:00,2674,1560,273.8,5.75,40.87,11.08,DSYA3_L2,43.65,3.063,181,43.65,3.063,0,,0,70,HYP-LOOSE-CONN,ALM-K-WARN;ALM-K-ALM;ALM-TTL-14D;ALM-PANEL-TEMP
2026-08-02T20:45:00+00:00,2675,1549,272.1,5.76,40.64,10.9,DSYA3_L2,43.24,3.055,230,43.24,3.055,0,,0,70,HYP-LOOSE-CONN,ALM-K-WARN;ALM-K-ALM;ALM-TTL-14D;ALM-PANEL-TEMP
2026-08-02T21:00:00+00:00,2676,1539,270.7,5.78,40.41,10.72,DSYA3_L2,42.87,3.049,348,42.87,3.049,0,,0,50,HYP-LOOSE-CONN,ALM-K-WARN;ALM-K-ALM
2026-08-02T21:15:00+00:00,2677,1488,264.7,5.86,40.18,10.54,DSYA3_L2,42.87,3.045,354,42.87,3.045,0,,0,50,HYP-LOOSE-CONN,ALM-K-WARN;ALM-K-ALM
2026-08-02T21:30:00+00:00,2678,1458,260,5.91,39.95,10.37,DSYA3_L2,41.38,3.031,,41.38,3.031,0,,0,50,HYP-LOOSE-CONN,ALM-K-WARN;ALM-K-ALM
2026-08-02T21:45:00+00:00,2679,1426,256.5,5.96,39.73,10.19,DSYA3_L2,40.76,3.026,,40.76,3.026,0,,0,50,HYP-LOOSE-CONN,ALM-K-WARN;ALM-K-ALM
2026-08-02T22:00:00+00:00,2680,1388,253.2,6.03,39.5,10.02,DSYA3_L2,39.39,3.016,,39.39,3.016,0,,0,50,HYP-LOOSE-CONN,ALM-K-WARN;ALM-K-ALM
2026-08-02T22:15:00+00:00,2681,1309,238.4,6.15,39.28,9.86,DSYA3_L2,38.58,3.013,,38.58,3.013,0,,0,50,HYP-LOOSE-CONN,ALM-K-WARN;ALM-K-ALM
2026-08-02T22:30:00+00:00,2682,1222,225.3,6.28,39.07,9.7,DSYA3_L2,36.15,2.997,,36.15,2.997,0,,0,50,HYP-LOOSE-CONN,ALM-K-WARN;ALM-K-ALM
2026-08-02T22:45:00+00:00,2683,1140,212.1,6.41,38.86,9.55,DSYA3_L2,33.88,2.987,,33.88,2.987,0,,0,50,HYP-LOOSE-CONN,ALM-K-WARN;ALM-K-ALM
2026-08-02T23:00:00+00:00,2684,1055,198,6.55,38.66,9.4,DSYA3_L2,31.19,2.975,,31.19,2.975,0,,0,50,HYP-LOOSE-CONN,ALM-K-WARN;ALM-K-ALM
2026-08-02T23:15:00+00:00,2685,948.8,181,6.71,38.46,9.26,DSYA3_L2,29.06,2.971,,29.06,2.971,0,,0,50,HYP-LOOSE-CONN,ALM-K-WARN;ALM-K-ALM
2026-08-02T23:30:00+00:00,2686,841.2,162.2,6.88,38.28,9.12,DSYA3_L2,26.4,2.965,,26.4,2.965,0,,0,50,HYP-LOOSE-CONN,ALM-K-WARN;ALM-K-ALM
2026-08-02T23:45:00+00:00,2687,738.4,144.2,7.04,38.1,9,DSYA3_L2,23.53,2.959,,23.53,2.959,0,,0,50,HYP-LOOSE-CONN,ALM-K-WARN;ALM-K-ALM
2026-08-03T00:00:00+00:00,2688,632.5,125.4,7.21,37.9,8.86,DSYA3_L2,20.89,2.956,,20.89,2.956,0,,0,50,HYP-LOOSE-CONN,ALM-K-WARN;ALM-K-ALM
2026-08-03T00:15:00+00:00,2689,622.2,124.1,7.23,37.74,8.75,DSYA3_L2,19.28,2.958,,19.28,2.958,0,,0,50,HYP-LOOSE-CONN,ALM-K-WARN;ALM-K-ALM
2026-08-03T00:30:00+00:00,2690,607.4,121.7,7.25,37.6,8.64,DSYA3_L2,17.99,2.96,,17.99,2.96,0,,0,50,HYP-LOOSE-CONN,ALM-K-WARN;ALM-K-ALM
2026-08-03T00:45:00+00:00,2691,587.5,118.3,7.28,37.46,8.55,DSYA3_L2,17.25,2.964,,17.25,2.964,0,,0,50,HYP-LOOSE-CONN,ALM-K-WARN;ALM-K-ALM
2026-08-03T01:00:00+00:00,2692,573.3,116.1,7.31,37.34,8.47,DSYA3_L2,16.55,2.967,,16.55,2.967,0,,0,50,HYP-LOOSE-CONN,ALM-K-WARN;ALM-K-ALM
2026-08-03T01:15:00+00:00,2693,569.6,115.3,7.31,37.23,8.39,DSYA3_L2,15.7,2.97,,15.7,2.97,0,,0,50,HYP-LOOSE-CONN,ALM-K-WARN;ALM-K-ALM
2026-08-03T01:30:00+00:00,2694,561.4,114,7.32,37.14,8.33,DSYA3_L2,15.11,2.973,,15.11,2.973,0,,0,50,HYP-LOOSE-CONN,ALM-K-WARN;ALM-K-ALM
2026-08-03T01:45:00+00:00,2695,550,111.3,7.34,37.06,8.27,DSYA3_L2,14.6,2.976,,14.6,2.976,0,,0,50,HYP-LOOSE-CONN,ALM-K-WARN;ALM-K-ALM
2026-08-03T02:00:00+00:00,2696,540.2,109.5,7.36,36.99,8.23,DSYA3_L2,14.1,2.978,,14.1,2.978,0,,0,50,HYP-LOOSE-CONN,ALM-K-WARN;ALM-K-ALM
2026-08-03T02:15:00+00:00,2697,539.2,109.7,7.36,36.94,8.19,DSYA3_L2,13.86,2.982,,13.86,2.982,0,,0,50,HYP-LOOSE-CONN,ALM-K-WARN;ALM-K-ALM
2026-08-03T02:30:00+00:00,2698,534.1,108.8,7.37,36.9,8.17,DSYA3_L2,13.22,2.984,,13.22,2.984,0,,0,50,HYP-LOOSE-CONN,ALM-K-WARN;ALM-K-ALM
2026-08-03T02:45:00+00:00,2699,529.3,108.6,7.38,36.88,8.15,DSYA3_L2,12.7,2.985,,12.7,2.985,0,,0,50,HYP-LOOSE-CONN,ALM-K-WARN;ALM-K-ALM
2026-08-03T03:00:00+00:00,2700,527.9,108.1,7.38,36.87,8.15,DSYA3_L2,11.79,2.986,,11.79,2.986,0,,0,50,HYP-LOOSE-CONN,ALM-K-WARN;ALM-K-ALM
2026-08-03T03:15:00+00:00,2701,526.7,108.3,7.38,36.88,8.15,DSYA3_L2,12.13,2.989,,12.13,2.989,0,,0,50,HYP-LOOSE-CONN,ALM-K-WARN;ALM-K-ALM
2026-08-03T03:30:00+00:00,2702,528.7,108.8,7.38,36.9,8.17,DSYA3_L2,11.46,2.99,4,11.46,2.99,0,,0,70,HYP-LOOSE-CONN,ALM-K-WARN;ALM-K-ALM;ALM-TTL-14D
2026-08-03T03:45:00+00:00,2703,524.8,107.8,7.38,36.94,8.19,DSYA3_L2,11.15,2.992,4,11.15,2.992,0,,0,70,HYP-LOOSE-CONN,ALM-K-WARN;ALM-K-ALM;ALM-TTL-14D
2026-08-03T04:00:00+00:00,2704,529.2,109.1,7.38,36.99,8.23,DSYA3_L2,10.6,2.993,,10.6,2.993,0,,0,50,HYP-LOOSE-CONN,ALM-K-WARN;ALM-K-ALM
2026-08-03T04:15:00+00:00,2705,541.8,111.3,7.36,37.06,8.27,DSYA3_L2,11.1,2.996,,11.1,2.996,0,,0,50,HYP-LOOSE-CONN,ALM-K-WARN;ALM-K-ALM
2026-08-03T04:30:00+00:00,2706,550.6,113,7.34,37.14,8.33,DSYA3_L2,10.34,2.996,3,10.34,2.996,0,,0,70,HYP-LOOSE-CONN,ALM-K-WARN;ALM-K-ALM;ALM-TTL-14D
2026-08-03T04:45:00+00:00,2707,562.9,114.8,7.32,37.23,8.39,DSYA3_L2,10.31,2.998,2,10.31,2.998,0,,0,70,HYP-LOOSE-CONN,ALM-K-WARN;ALM-K-ALM;ALM-TTL-14D
2026-08-03T05:00:00+00:00,2708,571.7,116.6,7.31,37.34,8.47,DSYA3_L2,10.54,3,2,10.54,3,0,,0,70,HYP-LOOSE-CONN,ALM-K-WARN;ALM-K-ALM;ALM-TTL-14D
2026-08-03T05:15:00+00:00,2709,613.5,124.6,7.24,37.46,8.55,DSYA3_L2,10.46,3.001,1,10.46,3.001,0,,0,70,HYP-LOOSE-CONN,ALM-K-WARN;ALM-K-ALM;ALM-TTL-14D
2026-08-03T05:30:00+00:00,2710,653.3,132.6,7.18,37.6,8.64,DSYA3_L2,10.37,3.002,1,10.37,3.002,0,,0,70,HYP-LOOSE-CONN,ALM-K-WARN;ALM-K-ALM;ALM-TTL-14D
2026-08-03T05:45:00+00:00,2711,696.8,140,7.11,37.74,8.75,DSYA3_L2,10.67,3.004,1,10.67,3.004,0,,0,70,HYP-LOOSE-CONN,ALM-K-WARN;ALM-K-ALM;ALM-TTL-14D
2026-08-03T06:00:00+00:00,2712,736.6,148,7.05,37.9,8.86,DSYA3_L2,11.78,3.008,1,11.78,3.008,0,,0,70,HYP-LOOSE-CONN,ALM-K-WARN;ALM-K-ALM;ALM-TTL-14D
2026-08-03T06:15:00+00:00,2713,864.4,172.8,6.86,38.07,8.97,DSYA3_L2,11.68,3.008,1,11.68,3.008,0,,0,70,HYP-LOOSE-CONN,ALM-K-WARN;ALM-K-ALM;ALM-TTL-14D
2026-08-03T06:30:00+00:00,2714,989.8,194.5,6.66,38.24,9.1,DSYA3_L2,13.55,3.013,1,13.55,3.013,0,,0,70,HYP-LOOSE-CONN,ALM-K-WARN;ALM-K-ALM;ALM-TTL-14D
2026-08-03T06:45:00+00:00,2715,1126,218.1,6.45,38.43,9.23,DSYA3_L2,16.12,3.019,1,16.12,3.019,0,,0,70,HYP-LOOSE-CONN,ALM-K-WARN;ALM-K-ALM;ALM-TTL-14D
2026-08-03T07:00:00+00:00,2716,1252,239.7,6.25,38.63,9.37,DSYA3_L2,19.54,3.027,1,19.54,3.027,0,,0,70,HYP-LOOSE-CONN,ALM-K-WARN;ALM-K-ALM;ALM-TTL-14D
2026-08-03T07:15:00+00:00,2717,1373,258.2,6.06,38.83,9.52,DSYA3_L2,22.28,3.032,4,22.28,3.032,0,,0,70,HYP-LOOSE-CONN,ALM-K-WARN;ALM-K-ALM;ALM-TTL-14D
2026-08-03T07:30:00+00:00,2718,1497,279.1,5.87,39.04,9.68,DSYA3_L2,26.73,3.042,76,26.73,3.042,0,,0,70,HYP-LOOSE-CONN,ALM-K-WARN;ALM-K-ALM;ALM-TTL-14D
2026-08-03T07:45:00+00:00,2719,1628,297.7,5.66,39.25,9.84,DSYA3_L2,30.74,3.048,169,30.74,3.048,0,,0,70,HYP-LOOSE-CONN,ALM-K-WARN;ALM-K-ALM;ALM-TTL-14D
2026-08-03T08:00:00+00:00,2720,1755,316,5.46,39.47,10,DSYA3_L2,35.9,3.056,195,35.9,3.056,0,,0,70,HYP-LOOSE-CONN,ALM-K-WARN;ALM-K-ALM;ALM-TTL-14D;ALM-PANEL-TEMP
2026-08-03T08:15:00+00:00,2721,1788,320.7,5.41,39.69,10.17,DSYA3_L2,40.96,3.061,217,40.96,3.061,0,,0,70,HYP-LOOSE-CONN,ALM-K-WARN;ALM-K-ALM;ALM-TTL-14D;ALM-PANEL-TEMP
2026-08-03T08:30:00+00:00,2722,1825,327.5,5.35,39.92,10.34,DSYA3_L2,44.17,3.061,247,44.17,3.061,0,,0,70,HYP-LOOSE-CONN,ALM-K-WARN;ALM-K-ALM;ALM-TTL-14D;ALM-PANEL-TEMP
2026-08-03T08:45:00+00:00,2723,1860,333,5.3,40.15,10.52,DSYA3_L2,46.58,3.057,337,46.58,3.057,0,,0,50,HYP-LOOSE-CONN,ALM-K-WARN;ALM-K-ALM;ALM-PANEL-TEMP
2026-08-03T09:00:00+00:00,2724,1905,342.2,5.23,40.38,10.7,DSYA3_L2,48.74,3.052,410,48.74,3.052,0,,0,50,HYP-LOOSE-CONN,ALM-K-WARN;ALM-K-ALM;ALM-PANEL-TEMP
2026-08-03T09:15:00+00:00,2725,1885,338.8,5.26,40.61,10.88,DSYA3_L2,51.06,3.048,504,51.06,3.048,0,,0,50,HYP-LOOSE-CONN,ALM-THR-TERM-WARN;ALM-K-WARN;ALM-K-ALM;ALM-PANEL-TEMP
2026-08-03T09:30:00+00:00,2726,1883,339.7,5.27,40.84,11.06,DSYA3_L2,51.82,3.037,842,51.82,3.037,0,,0,50,HYP-LOOSE-CONN,ALM-THR-TERM-WARN;ALM-K-WARN;ALM-K-ALM;ALM-PANEL-TEMP
2026-08-03T09:45:00+00:00,2727,1878,337.7,5.28,41.06,11.24,DSYA3_L2,52.71,3.027,,52.71,3.027,0,,0,50,HYP-LOOSE-CONN,ALM-THR-TERM-WARN;ALM-K-WARN;ALM-K-ALM;ALM-PANEL-TEMP
2026-08-03T10:00:00+00:00,2728,1867,336.5,5.29,41.29,11.42,DSYA3_L2,53.13,3.015,,53.13,3.015,0,,0,50,HYP-LOOSE-CONN,ALM-THR-TERM-WARN;ALM-K-WARN;ALM-K-ALM;ALM-PANEL-TEMP
2026-08-03T10:15:00+00:00,2729,1865,336.1,5.3,41.51,11.6,DSYA3_L2,53.73,3.006,,53.73,3.006,0,,0,50,HYP-LOOSE-CONN,ALM-THR-TERM-WARN;ALM-K-WARN;ALM-K-ALM;ALM-PANEL-TEMP
2026-08-03T10:30:00+00:00,2730,1877,335.9,5.27,41.72,11.78,DSYA3_L2,53.91,2.995,,53.91,2.995,0,,0,50,HYP-LOOSE-CONN,ALM-THR-TERM-WARN;ALM-K-WARN;ALM-K-ALM;ALM-PANEL-TEMP
2026-08-03T10:45:00+00:00,2731,1888,338.3,5.26,41.93,11.95,DSYA3_L2,55.13,2.991,,55.13,2.991,0,,0,50,HYP-LOOSE-CONN,ALM-THR-TERM-WARN;ALM-K-WARN;ALM-K-ALM;ALM-PANEL-TEMP
2026-08-03T11:00:00+00:00,2732,1905,341.8,5.23,42.13,12.12,DSYA3_L2,56.23,2.988,,56.23,2.988,0,,0,40,HYP-LOOSE-CONN,ALM-THR-TERM-WARN;ALM-K-WARN;ALM-K-ALM;ALM-PANEL-TEMP
2026-08-03T11:15:00+00:00,2733,1895,340.8,5.25,42.33,12.29,DSYA3_L2,57.76,2.988,,57.76,2.988,0,,0,40,HYP-LOOSE-CONN,ALM-THR-TERM-WARN;ALM-K-WARN;ALM-K-ALM;ALM-PANEL-TEMP
2026-08-03T11:30:00+00:00,2734,1892,341.6,5.26,42.51,12.45,DSYA3_L2,57.68,2.977,,57.68,2.977,0,,0,40,HYP-LOOSE-CONN,ALM-THR-TERM-WARN;ALM-K-WARN;ALM-K-ALM;ALM-PANEL-TEMP
2026-08-03T11:45:00+00:00,2735,1892,341.4,5.26,42.69,12.6,DSYA3_L2,58.43,2.974,,58.43,2.974,0,,0,50,HYP-LOOSE-CONN,ALM-THR-TERM-WARN;ALM-K-WARN;ALM-K-ALM;ALM-PANEL-TEMP
2026-08-03T12:00:00+00:00,2736,1875,342.6,5.29,42.86,12.75,DSYA3_L2,58.91,2.969,,58.91,2.969,0,,0,40,HYP-LOOSE-CONN,ALM-THR-TERM-WARN;ALM-K-WARN;ALM-K-ALM;ALM-PANEL-TEMP
2026-08-03T12:15:00+00:00,2737,1847,335.9,5.33,43.01,12.89,DSYA3_L2,58.75,2.961,,58.75,2.961,0,,0,50,HYP-LOOSE-CONN,ALM-THR-TERM-WARN;ALM-K-WARN;ALM-K-ALM;ALM-PANEL-TEMP
2026-08-03T12:30:00+00:00,2738,1820,332.4,5.37,43.16,13.02,DSYA3_L2,58.04,2.948,,58.04,2.948,0,,0,50,HYP-LOOSE-CONN,ALM-THR-TERM-WARN;ALM-K-WARN;ALM-K-ALM;ALM-PANEL-TEMP
2026-08-03T12:45:00+00:00,2739,1800,329.9,5.4,43.29,13.13,DSYA3_L2,57.26,2.938,,57.26,2.938,0,,0,40,HYP-LOOSE-CONN,ALM-THR-TERM-WARN;ALM-K-WARN;ALM-K-ALM;ALM-PANEL-TEMP
2026-08-03T13:00:00+00:00,2740,1784,327.3,5.43,43.41,13.24,DSYA3_L2,56.88,2.932,,56.88,2.932,0,,0,40,HYP-LOOSE-CONN,ALM-THR-TERM-WARN;ALM-K-WARN;ALM-K-ALM;ALM-PANEL-TEMP
2026-08-03T13:15:00+00:00,2741,1805,333.7,5.4,43.52,13.34,DSYA3_L2,56.14,2.925,,56.14,2.925,0,,0,40,HYP-LOOSE-CONN,ALM-THR-TERM-WARN;ALM-K-WARN;ALM-K-ALM;ALM-PANEL-TEMP
2026-08-03T13:30:00+00:00,2742,1826,334.8,5.36,43.62,13.43,DSYA3_L2,57.3,2.934,,57.3,2.934,0,,0,50,HYP-LOOSE-CONN,ALM-THR-TERM-WARN;ALM-K-WARN;ALM-K-ALM;ALM-PANEL-TEMP
2026-08-03T13:45:00+00:00,2743,1843,338.9,5.34,43.7,13.5,DSYA3_L2,58.1,2.938,,58.1,2.938,0,,0,50,HYP-LOOSE-CONN,ALM-THR-TERM-WARN;ALM-K-WARN;ALM-K-ALM;ALM-PANEL-TEMP
2026-08-03T14:00:00+00:00,2744,1857,338.8,5.31,43.76,13.56,DSYA3_L2,58.93,2.943,,58.93,2.943,0,,0,50,HYP-LOOSE-CONN,ALM-THR-TERM-WARN;ALM-K-WARN;ALM-K-ALM;ALM-PANEL-TEMP
2026-08-03T14:15:00+00:00,2745,1876,339.4,5.28,43.82,13.61,DSYA3_L2,60.16,2.95,,60.16,2.95,0,,0,50,HYP-LOOSE-CONN,ALM-THR-TERM-WARN;ALM-K-WARN;ALM-K-ALM;ALM-PANEL-TEMP
2026-08-03T14:30:00+00:00,2746,1887,338.8,5.26,43.85,13.64,DSYA3_L2,60.86,2.953,,60.86,2.953,0,,0,50,HYP-LOOSE-CONN,ALM-THR-TERM-WARN;ALM-K-WARN;ALM-K-ALM;ALM-PANEL-TEMP
2026-08-03T14:45:00+00:00,2747,1911,342.1,5.22,43.88,13.66,DSYA3_L2,62.22,2.96,,62.22,2.96,0,,0,50,HYP-LOOSE-CONN,ALM-THR-TERM-WARN;ALM-K-WARN;ALM-K-ALM;ALM-PANEL-TEMP
2026-08-03T15:00:00+00:00,2748,1926,342.8,5.2,43.88,13.67,DSYA3_L2,63.32,2.965,,63.32,2.965,0,,0,50,HYP-LOOSE-CONN,ALM-THR-TERM-WARN;ALM-K-WARN;ALM-K-ALM;ALM-PANEL-TEMP
2026-08-03T15:15:00+00:00,2749,1926,342.6,5.2,43.88,13.66,DSYA3_L2,64.61,2.97,,64.61,2.97,0,,0,50,HYP-LOOSE-CONN,ALM-THR-TERM-WARN;ALM-K-WARN;ALM-K-ALM;ALM-PANEL-TEMP
2026-08-03T15:30:00+00:00,2750,1923,342,5.2,43.85,13.64,DSYA3_L2,64.8,2.968,,64.8,2.968,0,,0,50,HYP-LOOSE-CONN,ALM-THR-TERM-WARN;ALM-K-WARN;ALM-K-ALM;ALM-PANEL-TEMP
2026-08-03T15:45:00+00:00,2751,1925,343.4,5.2,43.82,13.61,DSYA3_L2,65.43,2.97,,65.43,2.97,0,,0,50,HYP-LOOSE-CONN,ALM-THR-TERM-WARN;ALM-K-WARN;ALM-K-ALM;ALM-PANEL-TEMP
2026-08-03T16:00:00+00:00,2752,1925,342.7,5.2,43.76,13.56,DSYA3_L2,65.59,2.969,,65.59,2.969,0,,0,50,HYP-LOOSE-CONN,ALM-THR-TERM-WARN;ALM-K-WARN;ALM-K-ALM;ALM-PANEL-TEMP
2026-08-03T16:15:00+00:00,2753,1938,344.6,5.18,43.7,13.5,DSYA3_L2,65.92,2.969,,65.92,2.969,0,,0,50,HYP-LOOSE-CONN,ALM-THR-TERM-WARN;ALM-K-WARN;ALM-K-ALM;ALM-PANEL-TEMP
2026-08-03T16:30:00+00:00,2754,1930,343,5.19,43.62,13.43,DSYA3_L2,66.55,2.972,,66.55,2.972,0,,0,50,HYP-LOOSE-CONN,ALM-THR-TERM-WARN;ALM-K-WARN;ALM-K-ALM;ALM-PANEL-TEMP
2026-08-03T16:45:00+00:00,2755,1923,346,5.21,43.52,13.34,DSYA3_L2,66.86,2.973,,66.86,2.973,0,,0,50,HYP-LOOSE-CONN,ALM-THR-TERM-WARN;ALM-K-WARN;ALM-K-ALM;ALM-PANEL-TEMP
2026-08-03T17:00:00+00:00,2756,1928,346.8,5.2,43.41,13.24,DSYA3_L2,66.65,2.97,,66.65,2.97,0,,0,50,HYP-LOOSE-CONN,ALM-THR-TERM-WARN;ALM-K-WARN;ALM-K-ALM;ALM-PANEL-TEMP
2026-08-03T17:15:00+00:00,2757,1895,342.5,5.25,43.29,13.13,DSYA3_L2,66.89,2.971,,66.89,2.971,0,,0,50,HYP-LOOSE-CONN,ALM-THR-TERM-WARN;ALM-K-WARN;ALM-K-ALM;ALM-PANEL-TEMP
2026-08-03T17:30:00+00:00,2758,1866,338.5,5.3,43.16,13.02,DSYA3_L2,65.96,2.964,,65.96,2.964,0,,0,50,HYP-LOOSE-CONN,ALM-THR-TERM-WARN;ALM-K-WARN;ALM-K-ALM;ALM-PANEL-TEMP
2026-08-03T17:45:00+00:00,2759,1834,334.1,5.35,43.01,12.89,DSYA3_L2,64.63,2.954,,64.63,2.954,0,,0,50,HYP-LOOSE-CONN,ALM-THR-TERM-WARN;ALM-K-WARN;ALM-K-ALM;ALM-PANEL-TEMP
2026-08-03T18:00:00+00:00,2760,1808,330.7,5.39,42.86,12.75,DSYA3_L2,63.79,2.951,,63.79,2.951,0,,0,50,HYP-LOOSE-CONN,ALM-THR-TERM-WARN;ALM-K-WARN;ALM-K-ALM;ALM-PANEL-TEMP
2026-08-03T18:15:00+00:00,2761,1806,332.4,5.39,42.69,12.6,DSYA3_L2,62.65,2.947,,62.65,2.947,0,,0,50,HYP-LOOSE-CONN,ALM-THR-TERM-WARN;ALM-K-WARN;ALM-K-ALM;ALM-PANEL-TEMP
2026-08-03T18:30:00+00:00,2762,1797,330.4,5.41,42.51,12.45,DSYA3_L2,62.4,2.951,,62.4,2.951,0,,0,50,HYP-LOOSE-CONN,ALM-THR-TERM-WARN;ALM-K-WARN;ALM-K-ALM;ALM-PANEL-TEMP
2026-08-03T18:45:00+00:00,2763,1779,329.6,5.44,42.33,12.29,DSYA3_L2,62.01,2.954,,62.01,2.954,0,,0,50,HYP-LOOSE-CONN,ALM-THR-TERM-WARN;ALM-K-WARN;ALM-K-ALM;ALM-PANEL-TEMP
2026-08-03T19:00:00+00:00,2764,1751,321.2,5.48,42.13,12.12,DSYA3_L2,61.4,2.956,,61.4,2.956,0,,0,50,HYP-LOOSE-CONN,ALM-THR-TERM-WARN;ALM-K-WARN;ALM-K-ALM;ALM-PANEL-TEMP
2026-08-03T19:15:00+00:00,2765,1768,320.9,5.45,41.93,11.95,DSYA3_L2,60.35,2.954,,60.35,2.954,0,,0,50,HYP-LOOSE-CONN,ALM-THR-TERM-WARN;ALM-K-WARN;ALM-K-ALM;ALM-PANEL-TEMP
2026-08-03T19:30:00+00:00,2766,1787,324.4,5.42,41.72,11.78,DSYA3_L2,60.7,2.963,,60.7,2.963,0,,0,50,HYP-LOOSE-CONN,ALM-THR-TERM-WARN;ALM-K-WARN;ALM-K-ALM;ALM-PANEL-TEMP
2026-08-03T19:45:00+00:00,2767,1794,322.4,5.4,41.51,11.6,DSYA3_L2,61.38,2.972,,61.38,2.972,0,,0,50,HYP-LOOSE-CONN,ALM-THR-TERM-WARN;ALM-K-WARN;ALM-K-ALM;ALM-PANEL-TEMP
2026-08-03T20:00:00+00:00,2768,1808,325.3,5.38,41.29,11.42,DSYA3_L2,61.63,2.977,997,61.63,2.977,0,,0,50,HYP-LOOSE-CONN,ALM-THR-TERM-WARN;ALM-K-WARN;ALM-K-ALM;ALM-PANEL-TEMP
2026-08-03T20:15:00+00:00,2769,1792,325.8,5.41,41.06,11.24,DSYA3_L2,62.64,2.987,403,62.64,2.987,0,,0,50,HYP-LOOSE-CONN,ALM-THR-TERM-WARN;ALM-K-WARN;ALM-K-ALM;ALM-PANEL-TEMP
2026-08-03T20:30:00+00:00,2770,1759,323.1,5.47,40.84,11.06,DSYA3_L2,61.83,2.985,493,61.83,2.985,0,,0,50,HYP-LOOSE-CONN,ALM-THR-TERM-WARN;ALM-K-WARN;ALM-K-ALM;ALM-PANEL-TEMP
2026-08-03T20:45:00+00:00,2771,1737,320.3,5.5,40.61,10.88,DSYA3_L2,60.78,2.983,518,60.78,2.983,0,,0,50,HYP-LOOSE-CONN,ALM-THR-TERM-WARN;ALM-K-WARN;ALM-K-ALM;ALM-PANEL-TEMP
2026-08-03T21:00:00+00:00,2772,1707,315,5.55,40.38,10.7,DSYA3_L2,60.06,2.985,398,60.06,2.985,0,,0,50,HYP-LOOSE-CONN,ALM-THR-TERM-WARN;ALM-K-WARN;ALM-K-ALM;ALM-PANEL-TEMP
2026-08-03T21:15:00+00:00,2773,1648,303.9,5.64,40.15,10.52,DSYA3_L2,58.66,2.981,492,58.66,2.981,0,,0,50,HYP-LOOSE-CONN,ALM-THR-TERM-WARN;ALM-K-WARN;ALM-K-ALM;ALM-PANEL-TEMP
2026-08-03T21:30:00+00:00,2774,1585,295.5,5.74,39.92,10.34,DSYA3_L2,56.79,2.974,1238,56.79,2.974,0,,0,50,HYP-LOOSE-CONN,ALM-THR-TERM-WARN;ALM-K-WARN;ALM-K-ALM
2026-08-03T21:45:00+00:00,2775,1520,286.6,5.84,39.69,10.17,DSYA3_L2,54.69,2.969,,54.69,2.969,0,,0,50,HYP-LOOSE-CONN,ALM-THR-TERM-WARN;ALM-K-WARN;ALM-K-ALM
2026-08-03T22:00:00+00:00,2776,1455,275,5.94,39.47,10,DSYA3_L2,51.95,2.958,,51.95,2.958,0,,0,50,HYP-LOOSE-CONN,ALM-THR-TERM-WARN;ALM-K-WARN;ALM-K-ALM
2026-08-03T22:15:00+00:00,2777,1342,256,6.11,39.25,9.84,DSYA3_L2,48.98,2.947,,48.98,2.947,0,,0,50,HYP-LOOSE-CONN,ALM-K-WARN;ALM-K-ALM
2026-08-03T22:30:00+00:00,2778,1232,239.8,6.29,39.04,9.68,DSYA3_L2,45.57,2.935,,45.57,2.935,0,,0,50,HYP-LOOSE-CONN,ALM-K-WARN;ALM-K-ALM
2026-08-03T22:45:00+00:00,2779,1134,222.3,6.44,38.83,9.52,DSYA3_L2,42.21,2.928,,42.21,2.928,0,,0,50,HYP-LOOSE-CONN,ALM-K-WARN;ALM-K-ALM
2026-08-03T23:00:00+00:00,2780,1036,205.6,6.59,38.63,9.37,DSYA3_L2,38.57,2.92,,38.57,2.92,0,,0,50,HYP-LOOSE-CONN,ALM-K-WARN;ALM-K-ALM
2026-08-03T23:15:00+00:00,2781,939.8,187,6.74,38.43,9.23,DSYA3_L2,35.82,2.924,,35.82,2.924,0,,0,50,HYP-LOOSE-CONN,ALM-K-WARN;ALM-K-ALM
2026-08-03T23:30:00+00:00,2782,846.1,169.3,6.88,38.24,9.1,DSYA3_L2,33.07,2.929,,33.07,2.929,0,,0,50,HYP-LOOSE-CONN,ALM-K-WARN;ALM-K-ALM
2026-08-03T23:45:00+00:00,2783,752.4,152.4,7.03,38.07,8.97,DSYA3_L2,30.47,2.935,,30.47,2.935,0,,0,50,HYP-LOOSE-CONN,ALM-K-WARN;ALM-K-ALM
2026-08-04T00:00:00+00:00,2784,654.7,134.3,7.18,37.86,8.83,DSYA3_L2,27.9,2.942,,27.9,2.942,0,,0,50,HYP-LOOSE-CONN,ALM-K-WARN;ALM-K-ALM
2026-08-04T00:15:00+00:00,2785,643.7,132.2,7.2,37.7,8.72,DSYA3_L2,25.34,2.947,,25.34,2.947,0,,0,50,HYP-LOOSE-CONN,ALM-K-WARN;ALM-K-ALM
2026-08-04T00:30:00+00:00,2786,628.3,129.3,7.22,37.56,8.62,DSYA3_L2,24.07,2.962,6,24.07,2.962,0,,0,70,HYP-LOOSE-CONN,ALM-K-WARN;ALM-K-ALM;ALM-TTL-14D
2026-08-04T00:45:00+00:00,2787,613.9,126.4,7.25,37.43,8.52,DSYA3_L2,22.97,2.975,6,22.97,2.975,0,,0,70,HYP-LOOSE-CONN,ALM-K-WARN;ALM-K-ALM;ALM-TTL-14D
2026-08-04T01:00:00+00:00,2788,601.7,124,7.27,37.3,8.44,DSYA3_L2,22.25,2.99,6,22.25,2.99,0,,0,70,HYP-LOOSE-CONN,ALM-K-WARN;ALM-K-ALM;ALM-TTL-14D
2026-08-04T01:15:00+00:00,2789,589.5,121.3,7.28,37.2,8.37,DSYA3_L2,21.15,3.001,5,21.15,3.001,0,,0,70,HYP-LOOSE-CONN,ALM-K-WARN;ALM-K-ALM;ALM-TTL-14D
2026-08-04T01:30:00+00:00,2790,577.6,118.5,7.3,37.1,8.3,DSYA3_L2,20.29,3.012,5,20.29,3.012,0,,0,70,HYP-LOOSE-CONN,ALM-K-WARN;ALM-K-ALM;ALM-TTL-14D
2026-08-04T01:45:00+00:00,2791,564.1,116,7.32,37.02,8.25,DSYA3_L2,19.49,3.022,5,19.49,3.022,0,,0,70,HYP-LOOSE-CONN,ALM-K-WARN;ALM-K-ALM;ALM-TTL-14D
2026-08-04T02:00:00+00:00,2792,555.7,114.3,7.34,36.95,8.2,DSYA3_L2,18.96,3.033,5,18.96,3.033,0,,0,70,HYP-LOOSE-CONN,ALM-K-WARN;ALM-K-ALM;ALM-TTL-14D
2026-08-04T02:15:00+00:00,2793,552.4,113.9,7.34,36.9,8.17,DSYA3_L2,17.93,3.039,4,17.93,3.039,0,,0,70,HYP-LOOSE-CONN,ALM-K-WARN;ALM-K-ALM;ALM-TTL-14D
2026-08-04T02:30:00+00:00,2794,550.9,114.3,7.35,36.86,8.14,DSYA3_L2,17.49,3.048,4,17.49,3.048,0,,0,70,HYP-LOOSE-CONN,ALM-K-WARN;ALM-K-ALM;ALM-TTL-14D
2026-08-04T02:45:00+00:00,2795,546.3,113.4,7.35,36.84,8.13,DSYA3_L2,16.93,3.056,4,16.93,3.056,0,,0,70,HYP-LOOSE-CONN,ALM-K-WARN;ALM-K-ALM;ALM-TTL-14D
2026-08-04T03:00:00+00:00,2796,538.2,111.7,7.36,36.83,8.12,DSYA3_L2,16.22,3.062,3,16.22,3.062,0,,0,70,HYP-LOOSE-CONN,ALM-K-WARN;ALM-K-ALM;ALM-TTL-14D
2026-08-04T03:15:00+00:00,2797,543.4,113.6,7.36,36.84,8.13,DSYA3_L2,15.6,3.067,3,15.6,3.067,0,,0,70,HYP-LOOSE-CONN,ALM-K-WARN;ALM-K-ALM;ALM-TTL-14D
2026-08-04T03:30:00+00:00,2798,539.4,111.9,7.36,36.86,8.14,DSYA3_L2,15.15,3.073,3,15.15,3.073,4194304,ALM-DQ-DRIFT,0,70,HYP-LOOSE-CONN,ALM-K-WARN;ALM-K-ALM;ALM-TTL-14D
2026-08-04T03:45:00+00:00,2799,537.3,111.1,7.37,36.9,8.17,DSYA3_L2,14.74,3.078,3,14.74,3.078,4194304,ALM-DQ-DRIFT,0,70,HYP-LOOSE-CONN,ALM-K-WARN;ALM-K-ALM;ALM-TTL-14D
2026-08-04T04:00:00+00:00,2800,533.6,110.1,7.37,36.95,8.2,DSYA3_L2,14.6,3.085,2,14.6,3.085,4194304,ALM-DQ-DRIFT,0,70,HYP-LOOSE-CONN,ALM-K-WARN;ALM-K-ALM;ALM-TTL-14D
2026-08-04T04:15:00+00:00,2801,542.9,111.7,7.36,37.02,8.25,DSYA3_L2,13.79,3.087,2,13.79,3.087,4194304,ALM-DQ-DRIFT,0,70,HYP-LOOSE-CONN,ALM-K-WARN;ALM-K-ALM;ALM-TTL-14D
2026-08-04T04:30:00+00:00,2802,553.3,113.8,7.34,37.1,8.3,DSYA3_L2,13.21,3.09,2,13.21,3.09,4194304,ALM-DQ-DRIFT,0,70,HYP-LOOSE-CONN,ALM-K-WARN;ALM-K-ALM;ALM-TTL-14D
2026-08-04T04:45:00+00:00,2803,562.9,115.1,7.32,37.2,8.37,DSYA3_L2,13.28,3.095,2,13.28,3.095,4194304,ALM-DQ-DRIFT,0,70,HYP-LOOSE-CONN,ALM-K-WARN;ALM-K-ALM;ALM-TTL-14D
2026-08-04T05:00:00+00:00,2804,574.9,117.4,7.31,37.3,8.44,DSYA3_L2,12.97,3.098,2,12.97,3.098,4194304,ALM-DQ-DRIFT,0,70,HYP-LOOSE-CONN,ALM-K-WARN;ALM-K-ALM;ALM-TTL-14D
2026-08-04T05:15:00+00:00,2805,615.3,124.3,7.24,37.43,8.52,DSYA3_L2,12.87,3.101,1,12.87,3.101,4194304,ALM-DQ-DRIFT,0,70,HYP-LOOSE-CONN,ALM-K-WARN;ALM-K-ALM;ALM-TTL-14D
2026-08-04T05:30:00+00:00,2806,655,131.6,7.18,37.56,8.62,DSYA3_L2,12.67,3.103,1,12.67,3.103,4194304,ALM-DQ-DRIFT,0,70,HYP-LOOSE-CONN,ALM-K-WARN;ALM-K-ALM;ALM-TTL-14D
2026-08-04T05:45:00+00:00,2807,693.7,139.2,7.12,37.7,8.72,DSYA3_L2,13.37,3.106,1,13.37,3.106,4194304,ALM-DQ-DRIFT,0,70,HYP-LOOSE-CONN,ALM-K-WARN;ALM-K-ALM;ALM-TTL-14D
2026-08-04T06:00:00+00:00,2808,736.4,146.8,7.05,37.86,8.83,DSYA3_L2,13.28,3.107,1,13.28,3.107,4194304,ALM-DQ-DRIFT,0,70,HYP-LOOSE-CONN,ALM-K-WARN;ALM-K-ALM;ALM-TTL-14D
2026-08-04T06:15:00+00:00,2809,866.1,170.5,6.85,38.03,8.95,DSYA3_L2,13.43,3.108,1,13.43,3.108,4194304,ALM-DQ-DRIFT,0,70,HYP-LOOSE-CONN,ALM-K-WARN;ALM-K-ALM;ALM-TTL-14D
2026-08-04T06:30:00+00:00,2810,991.9,192.1,6.65,38.21,9.07,DSYA3_L2,15.64,3.103,1,15.64,3.103,4194304,ALM-DQ-DRIFT,0,70,HYP-LOOSE-CONN,ALM-K-WARN;ALM-K-ALM;ALM-TTL-14D
2026-08-04T06:45:00+00:00,2811,1119,213.4,6.45,38.39,9.21,DSYA3_L2,17.91,3.095,1,17.91,3.095,4194304,ALM-DQ-DRIFT,0,70,HYP-LOOSE-CONN,ALM-K-WARN;ALM-K-ALM;ALM-TTL-14D
2026-08-04T07:00:00+00:00,2812,1249,235.6,6.25,38.59,9.35,DSYA3_L2,20.73,3.08,1,20.73,3.08,4194304,ALM-DQ-DRIFT,0,70,HYP-LOOSE-CONN,ALM-K-WARN;ALM-K-ALM;ALM-TTL-14D
2026-08-04T07:15:00+00:00,2813,1379,255.7,6.05,38.79,9.49,DSYA3_L2,24.23,3.058,2,24.23,3.058,4194304,ALM-DQ-DRIFT,0,70,HYP-LOOSE-CONN,ALM-K-WARN;ALM-K-ALM;ALM-TTL-14D
2026-08-04T07:30:00+00:00,2814,1512,274.9,5.84,39,9.65,DSYA3_L2,28.04,3.033,1324,28.04,3.033,4194304,ALM-DQ-DRIFT,0,50,HYP-LOOSE-CONN,ALM-K-WARN;ALM-K-ALM
2026-08-04T07:45:00+00:00,2815,1638,291.7,5.63,39.21,9.81,DSYA3_L2,32.88,2.998,1323,32.88,2.998,0,,0,50,HYP-LOOSE-CONN,ALM-K-WARN;ALM-K-ALM
2026-08-04T08:00:00+00:00,2816,1759,310.3,5.45,39.43,9.97,DSYA3_L2,37.8,2.967,1515,37.8,2.967,0,,0,50,HYP-LOOSE-CONN,ALM-K-WARN;ALM-K-ALM;ALM-PANEL-TEMP
2026-08-04T08:15:00+00:00,2817,1812,318,5.36,39.66,10.14,DSYA3_L2,43.66,2.931,411,43.66,2.931,0,,0,50,HYP-LOOSE-CONN,ALM-K-WARN;ALM-K-ALM;ALM-PANEL-TEMP
2026-08-04T08:30:00+00:00,2818,1851,322.7,5.3,39.88,10.31,DSYA3_L2,46.86,2.926,1322,46.86,2.926,0,,0,50,HYP-LOOSE-CONN,ALM-K-WARN;ALM-K-ALM;ALM-PANEL-TEMP
2026-08-04T08:45:00+00:00,2819,1871,325.5,5.27,40.11,10.49,DSYA3_L2,49.41,2.928,1658,49.41,2.928,0,,0,50,HYP-LOOSE-CONN,ALM-K-WARN;ALM-K-ALM;ALM-PANEL-TEMP
2026-08-04T09:00:00+00:00,2820,1902,327.5,5.22,40.34,10.67,DSYA3_L2,50.77,2.941,1658,50.77,2.941,0,,0,50,HYP-LOOSE-CONN,ALM-THR-TERM-WARN;ALM-K-WARN;ALM-K-ALM;ALM-PANEL-TEMP
2026-08-04T09:15:00+00:00,2821,1884,322.8,5.24,40.57,10.85,DSYA3_L2,53.68,2.938,2090,53.68,2.938,0,,0,50,HYP-LOOSE-CONN,ALM-THR-TERM-WARN;ALM-K-WARN;ALM-K-ALM;ALM-PANEL-TEMP
2026-08-04T09:30:00+00:00,2822,1889,325.3,5.24,40.8,11.03,DSYA3_L2,54.05,2.497,,54.05,2.497,0,,0,50,HYP-LOOSE-CONN,ALM-THR-TERM-WARN;ALM-K-WARN;ALM-K-ALM;ALM-PANEL-TEMP
2026-08-04T09:45:00+00:00,2823,1867,320,5.27,41.03,11.21,DSYA3_L2,54.54,2.542,,54.54,2.542,0,,0,50,HYP-LOOSE-CONN,ALM-THR-TERM-WARN;ALM-K-WARN;ALM-K-ALM;ALM-PANEL-TEMP
2026-08-04T10:00:00+00:00,2824,1855,318.9,5.29,41.25,11.39,DSYA3_L2,55.05,1.138,,55.05,0.0986,0,,0,0,HYP-NORMAL,ALM-THR-TERM-WARN;ALM-PANEL-TEMP
2026-08-04T10:15:00+00:00,2825,1877,319,5.25,41.47,11.57,DSYA3_L2,55.57,1.091,,55.57,,0,,0,0,HYP-NORMAL,ALM-THR-TERM-WARN;ALM-PANEL-TEMP
2026-08-04T10:30:00+00:00,2826,1890,320.4,5.23,41.68,11.75,DSYA3_L2,56.77,1.073,,56.77,,0,,0,0,HYP-NORMAL,ALM-THR-TERM-WARN;ALM-PANEL-TEMP
2026-08-04T10:45:00+00:00,2827,1911,325.1,5.2,41.89,11.92,DSYA3_L2,57.99,1.059,,57.99,,0,,0,0,HYP-NORMAL,ALM-THR-TERM-WARN;ALM-PANEL-TEMP
2026-08-04T11:00:00+00:00,2828,1922,324.6,5.18,42.1,12.09,DSYA3_L2,59.31,1.051,,59.31,,0,,0,0,HYP-NORMAL,ALM-THR-TERM-WARN;ALM-PANEL-TEMP
2026-08-04T11:15:00+00:00,2829,1917,322.8,5.18,42.29,12.26,DSYA3_L2,60.54,1.04,,60.54,,0,,0,0,HYP-NORMAL,ALM-THR-TERM-WARN;ALM-PANEL-TEMP
2026-08-04T11:30:00+00:00,2830,1902,317.7,5.2,42.48,12.42,DSYA3_L2,60.96,1.029,,60.96,,0,,0,0,HYP-NORMAL,ALM-THR-TERM-WARN;ALM-PANEL-TEMP
2026-08-04T11:45:00+00:00,2831,1905,317.8,5.2,42.65,12.57,DSYA3_L2,61.43,1.4,,61.43,1.4,0,,0,30,HYP-LOOSE-CONN,ALM-THR-TERM-WARN;ALM-K-WARN;ALM-PANEL-TEMP
2026-08-04T12:00:00+00:00,2832,1902,316,5.2,42.82,12.72,DSYA3_L2,61.92,2.848,,61.92,2.848,0,,0,50,HYP-LOOSE-CONN,ALM-THR-TERM-WARN;ALM-K-WARN;ALM-K-ALM;ALM-PANEL-TEMP
2026-08-04T12:15:00+00:00,2833,1856,306.5,5.27,42.98,12.85,DSYA3_L2,62.7,2.315,,62.7,2.315,0,,0,50,HYP-LOOSE-CONN,ALM-THR-TERM-WARN;ALM-K-WARN;ALM-K-ALM;ALM-PANEL-TEMP
2026-08-04T12:30:00+00:00,2834,1832,301.5,5.3,43.12,12.98,DSYA3_L2,61.73,2.779,,61.73,2.779,0,,0,50,HYP-LOOSE-CONN,ALM-THR-TERM-WARN;ALM-K-WARN;ALM-K-ALM;ALM-PANEL-TEMP
2026-08-04T12:45:00+00:00,2835,1816,300.1,5.33,43.26,13.1,DSYA3_L2,60.74,2.727,,60.74,2.727,0,,0,50,HYP-LOOSE-CONN,ALM-THR-TERM-WARN;ALM-K-WARN;ALM-K-ALM;ALM-PANEL-TEMP
2026-08-04T13:00:00+00:00,2836,1777,293.5,5.39,43.38,13.21,DSYA3_L2,60.76,2.753,,60.76,2.753,0,,0,50,HYP-LOOSE-CONN,ALM-THR-TERM-WARN;ALM-K-WARN;ALM-K-ALM;ALM-PANEL-TEMP
2026-08-04T13:15:00+00:00,2837,1775,292.6,5.39,43.49,13.31,DSYA3_L2,59.56,2.734,,59.56,2.734,0,,0,50,HYP-LOOSE-CONN,ALM-THR-TERM-WARN;ALM-K-WARN;ALM-K-ALM;ALM-PANEL-TEMP
2026-08-04T13:30:00+00:00,2838,1783,292.6,5.38,43.58,13.39,DSYA3_L2,59.76,2.763,,59.76,2.763,0,,0,50,HYP-LOOSE-CONN,ALM-THR-TERM-WARN;ALM-K-WARN;ALM-K-ALM;ALM-PANEL-TEMP
2026-08-04T13:45:00+00:00,2839,1791,292.8,5.36,43.66,13.47,DSYA3_L2,59.82,2.78,,59.82,2.78,0,,0,50,HYP-LOOSE-CONN,ALM-THR-TERM-WARN;ALM-K-WARN;ALM-K-ALM;ALM-PANEL-TEMP
2026-08-04T14:00:00+00:00,2840,1795,293,5.36,43.73,13.53,DSYA3_L2,60.41,2.81,,60.41,2.81,0,,0,50,HYP-LOOSE-CONN,ALM-THR-TERM-WARN;ALM-K-WARN;ALM-K-ALM;ALM-PANEL-TEMP
2026-08-04T14:15:00+00:00,2841,1810,292.5,5.33,43.78,13.58,DSYA3_L2,60.89,2.837,,60.89,2.837,0,,0,50,HYP-LOOSE-CONN,ALM-THR-TERM-WARN;ALM-K-WARN;ALM-K-ALM;ALM-PANEL-TEMP
2026-08-04T14:30:00+00:00,2842,1827,293.6,5.3,43.82,13.61,DSYA3_L2,61.79,2.876,,61.79,2.876,0,,0,50,HYP-LOOSE-CONN,ALM-THR-TERM-WARN;ALM-K-WARN;ALM-K-ALM;ALM-PANEL-TEMP
2026-08-04T14:45:00+00:00,2843,1846,296.1,5.27,43.84,13.63,DSYA3_L2,62.84,2.92,,62.84,2.92,0,,0,50,HYP-LOOSE-CONN,ALM-THR-TERM-WARN;ALM-K-WARN;ALM-K-ALM;ALM-PANEL-TEMP
2026-08-04T15:00:00+00:00,2844,1865,296.6,5.24,43.85,13.64,DSYA3_L2,63.78,2.959,,63.78,2.959,0,,0,50,HYP-LOOSE-CONN,ALM-THR-TERM-WARN;ALM-K-WARN;ALM-K-ALM;ALM-PANEL-TEMP
2026-08-04T15:15:00+00:00,2845,1856,296.4,5.25,43.84,13.63,DSYA3_L2,65.29,3.024,,65.29,3.024,0,,0,50,HYP-LOOSE-CONN,ALM-THR-TERM-WARN;ALM-K-WARN;ALM-K-ALM;ALM-PANEL-TEMP
2026-08-04T15:30:00+00:00,2846,1859,295.6,5.25,43.82,13.61,DSYA3_L2,65.39,3.018,,65.39,3.018,4194304,ALM-DQ-DRIFT,0,50,HYP-LOOSE-CONN,ALM-THR-TERM-WARN;ALM-K-WARN;ALM-K-ALM;ALM-PANEL-TEMP
2026-08-04T15:45:00+00:00,2847,1849,293.6,5.26,43.78,13.58,DSYA3_L2,65.74,3.029,,65.74,3.029,4194304,ALM-DQ-DRIFT,0,50,HYP-LOOSE-CONN,ALM-THR-TERM-WARN;ALM-K-WARN;ALM-K-ALM;ALM-PANEL-TEMP
2026-08-04T16:00:00+00:00,2848,1848,292.7,5.26,43.73,13.53,DSYA3_L2,66,3.039,,66,3.039,4194304,ALM-DQ-DRIFT,0,50,HYP-LOOSE-CONN,ALM-THR-TERM-WARN;ALM-K-WARN;ALM-K-ALM;ALM-PANEL-TEMP
2026-08-04T16:15:00+00:00,2849,1843,293.5,5.27,43.66,13.47,DSYA3_L2,65.79,3.015,,65.79,3.015,4194304,ALM-DQ-DRIFT,0,50,HYP-LOOSE-CONN,ALM-THR-TERM-WARN;ALM-K-WARN;ALM-K-ALM;ALM-PANEL-TEMP
2026-08-04T16:30:00+00:00,2850,1846,293.5,5.27,43.58,13.39,DSYA3_L2,65.98,3.023,40,65.98,3.023,4194304,ALM-DQ-DRIFT,0,70,HYP-LOOSE-CONN,ALM-THR-TERM-WARN;ALM-K-WARN;ALM-K-ALM;ALM-TTL-14D;ALM-PANEL-TEMP
2026-08-04T16:45:00+00:00,2851,1842,293.4,5.27,43.49,13.31,DSYA3_L2,66.36,3.041,40,66.36,3.041,4194304,ALM-DQ-DRIFT,0,70,HYP-LOOSE-CONN,ALM-THR-TERM-WARN;ALM-K-WARN;ALM-K-ALM;ALM-TTL-14D;ALM-PANEL-TEMP
2026-08-04T17:00:00+00:00,2852,1831,291,5.29,43.38,13.21,DSYA3_L2,66.08,3.02,40,66.08,3.02,4194304,ALM-DQ-DRIFT,0,70,HYP-LOOSE-CONN,ALM-THR-TERM-WARN;ALM-K-WARN;ALM-K-ALM;ALM-TTL-14D;ALM-PANEL-TEMP
2026-08-04T17:15:00+00:00,2853,1808,288.9,5.33,43.26,13.1,DSYA3_L2,65.79,3.004,40,65.79,3.004,4194304,ALM-DQ-DRIFT,0,70,HYP-LOOSE-CONN,ALM-THR-TERM-WARN;ALM-K-WARN;ALM-K-ALM;ALM-TTL-14D;ALM-PANEL-TEMP
2026-08-04T17:30:00+00:00,2854,1780,282.6,5.37,43.12,12.98,DSYA3_L2,65.34,2.989,39,65.34,2.989,4194304,ALM-DQ-DRIFT,0,70,HYP-LOOSE-CONN,ALM-THR-TERM-WARN;ALM-K-WARN;ALM-K-ALM;ALM-TTL-14D;ALM-PANEL-TEMP
2026-08-04T17:45:00+00:00,2855,1762,280.4,5.4,42.98,12.85,DSYA3_L2,64.23,2.954,39,64.23,2.954,4194304,ALM-DQ-DRIFT,0,70,HYP-LOOSE-CONN,ALM-THR-TERM-WARN;ALM-K-WARN;ALM-K-ALM;ALM-TTL-14D;ALM-PANEL-TEMP
2026-08-04T18:00:00+00:00,2856,1733,277.3,5.44,42.82,12.72,DSYA3_L2,63.58,2.946,,63.58,2.946,4194304,ALM-DQ-DRIFT,0,50,HYP-LOOSE-CONN,ALM-THR-TERM-WARN;ALM-K-WARN;ALM-K-ALM;ALM-PANEL-TEMP
2026-08-04T18:15:00+00:00,2857,1700,272.4,5.49,42.65,12.57,DSYA3_L2,62.38,2.928,,62.38,2.928,4194304,ALM-DQ-DRIFT,0,50,HYP-LOOSE-CONN,ALM-THR-TERM-WARN;ALM-K-WARN;ALM-K-ALM;ALM-PANEL-TEMP
2026-08-04T18:30:00+00:00,2858,1680,269.3,5.53,42.48,12.42,DSYA3_L2,61.01,2.915,,61.01,2.915,4194304,ALM-DQ-DRIFT,0,50,HYP-LOOSE-CONN,ALM-THR-TERM-WARN;ALM-K-WARN;ALM-K-ALM;ALM-PANEL-TEMP
2026-08-04T18:45:00+00:00,2859,1664,265.4,5.55,42.29,12.26,DSYA3_L2,60.18,2.914,,60.18,2.914,4194304,ALM-DQ-DRIFT,0,50,HYP-LOOSE-CONN,ALM-THR-TERM-WARN;ALM-K-WARN;ALM-K-ALM;ALM-PANEL-TEMP
2026-08-04T19:00:00+00:00,2860,1635,260.4,5.59,42.1,12.09,DSYA3_L2,59.82,2.921,,59.82,2.921,4194304,ALM-DQ-DRIFT,0,50,HYP-LOOSE-CONN,ALM-THR-TERM-WARN;ALM-K-WARN;ALM-K-ALM;ALM-PANEL-TEMP
2026-08-04T19:15:00+00:00,2861,1652,262.2,5.56,41.89,11.92,DSYA3_L2,58.51,2.915,,58.51,2.915,4194304,ALM-DQ-DRIFT,0,50,HYP-LOOSE-CONN,ALM-THR-TERM-WARN;ALM-K-WARN;ALM-K-ALM;ALM-PANEL-TEMP
2026-08-04T19:30:00+00:00,2862,1660,263.5,5.55,41.68,11.75,DSYA3_L2,58.71,2.926,,58.71,2.926,4194304,ALM-DQ-DRIFT,0,50,HYP-LOOSE-CONN,ALM-THR-TERM-WARN;ALM-K-WARN;ALM-K-ALM;ALM-PANEL-TEMP
2026-08-04T19:45:00+00:00,2863,1668,262.4,5.54,41.47,11.57,DSYA3_L2,59.09,2.94,,59.09,2.94,4194304,ALM-DQ-DRIFT,0,50,HYP-LOOSE-CONN,ALM-THR-TERM-WARN;ALM-K-WARN;ALM-K-ALM;ALM-PANEL-TEMP
2026-08-04T20:00:00+00:00,2864,1671,262.5,5.53,41.25,11.39,DSYA3_L2,59.62,2.955,,59.62,2.955,4194304,ALM-DQ-DRIFT,0,50,HYP-LOOSE-CONN,ALM-THR-TERM-WARN;ALM-K-WARN;ALM-K-ALM;ALM-PANEL-TEMP
2026-08-04T20:15:00+00:00,2865,1646,259.3,5.57,41.03,11.21,DSYA3_L2,59.15,2.955,,59.15,2.955,4194304,ALM-DQ-DRIFT,0,50,HYP-LOOSE-CONN,ALM-THR-TERM-WARN;ALM-K-WARN;ALM-K-ALM;ALM-PANEL-TEMP
2026-08-04T20:30:00+00:00,2866,1634,261,5.59,40.8,11.03,DSYA3_L2,58.83,2.959,,58.83,2.959,4194304,ALM-DQ-DRIFT,0,50,HYP-LOOSE-CONN,ALM-THR-TERM-WARN;ALM-K-WARN;ALM-K-ALM;ALM-PANEL-TEMP
2026-08-04T20:45:00+00:00,2867,1611,260,5.63,40.57,10.85,DSYA3_L2,58.11,2.958,,58.11,2.958,4194304,ALM-DQ-DRIFT,0,50,HYP-LOOSE-CONN,ALM-THR-TERM-WARN;ALM-K-WARN;ALM-K-ALM;ALM-PANEL-TEMP
2026-08-04T21:00:00+00:00,2868,1591,260.1,5.67,40.34,10.67,DSYA3_L2,56.97,2.952,,56.97,2.952,4194304,ALM-DQ-DRIFT,0,50,HYP-LOOSE-CONN,ALM-THR-TERM-WARN;ALM-K-WARN;ALM-K-ALM;ALM-PANEL-TEMP
2026-08-04T21:15:00+00:00,2869,1541,253.8,5.75,40.11,10.49,DSYA3_L2,56.11,2.951,,56.11,2.951,4194304,ALM-DQ-DRIFT,0,50,HYP-LOOSE-CONN,ALM-THR-TERM-WARN;ALM-K-WARN;ALM-K-ALM
2026-08-04T21:30:00+00:00,2870,1485,245.2,5.84,39.88,10.31,DSYA3_L2,54.21,2.943,,54.21,2.943,4194304,ALM-DQ-DRIFT,0,50,HYP-LOOSE-CONN,ALM-THR-TERM-WARN;ALM-K-WARN;ALM-K-ALM
2026-08-04T21:45:00+00:00,2871,1425,236,5.93,39.66,10.14,DSYA3_L2,51.98,2.936,,51.98,2.936,4194304,ALM-DQ-DRIFT,0,50,HYP-LOOSE-CONN,ALM-THR-TERM-WARN;ALM-K-WARN;ALM-K-ALM
2026-08-04T22:00:00+00:00,2872,1372,228.6,6.02,39.43,9.97,DSYA3_L2,49.63,2.932,,49.63,2.932,4194304,ALM-DQ-DRIFT,0,50,HYP-LOOSE-CONN,ALM-K-WARN;ALM-K-ALM
2026-08-04T22:15:00+00:00,2873,1264,212.7,6.19,39.21,9.81,DSYA3_L2,47.4,2.929,,47.4,2.929,4194304,ALM-DQ-DRIFT,0,50,HYP-LOOSE-CONN,ALM-K-WARN;ALM-K-ALM
2026-08-04T22:30:00+00:00,2874,1162,197.1,6.35,39,9.65,DSYA3_L2,44.47,2.928,,44.47,2.928,4194304,ALM-DQ-DRIFT,0,50,HYP-LOOSE-CONN,ALM-K-WARN;ALM-K-ALM
2026-08-04T22:45:00+00:00,2875,1066,184,6.5,38.79,9.49,DSYA3_L2,40.56,2.928,,40.56,2.928,4194304,ALM-DQ-DRIFT,0,50,HYP-LOOSE-CONN,ALM-K-WARN;ALM-K-ALM
2026-08-04T23:00:00+00:00,2876,966.5,169.1,6.66,38.59,9.35,DSYA3_L2,37.36,2.928,,37.36,2.928,4194304,ALM-DQ-DRIFT,0,50,HYP-LOOSE-CONN,ALM-K-WARN;ALM-K-ALM
2026-08-04T23:15:00+00:00,2877,876.2,155.2,6.8,38.39,9.21,DSYA3_L2,34.22,2.929,,34.22,2.929,4194304,ALM-DQ-DRIFT,0,50,HYP-LOOSE-CONN,ALM-K-WARN;ALM-K-ALM
2026-08-04T23:30:00+00:00,2878,788,142.5,6.95,38.21,9.07,DSYA3_L2,31.65,2.928,,31.65,2.928,4194304,ALM-DQ-DRIFT,0,50,HYP-LOOSE-CONN,ALM-K-WARN;ALM-K-ALM
2026-08-04T23:45:00+00:00,2879,697.6,127.4,7.09,38.03,8.95,DSYA3_L2,28.9,2.928,,28.9,2.928,4194304,ALM-DQ-DRIFT,0,50,HYP-LOOSE-CONN,ALM-K-WARN;ALM-K-ALM
2026-08-05T00:00:00+00:00,2880,604.7,111.2,7.24,37.82,8.8,DSYA3_L2,26.79,2.926,,26.79,2.926,4194304,ALM-DQ-DRIFT,0,50,HYP-LOOSE-CONN,ALM-K-WARN;ALM-K-ALM
