ts,seq,i_ph_max,i_n,thd_i_mean,t_low_c,td_margin_k,worst_point,worst_dt_c,max_k_ratio,min_ttl_h,target_dt_c,target_k_ratio,q_any,pd_pps,risk_score,risk_mode,alarms
2026-07-06T00:15:00+00:00,1,637.6,108,7.17,36.75,8.06,DSYA4_L1,4.27,1,,3.58,1,0,0,0,HYP-NORMAL,
2026-07-06T00:30:00+00:00,2,623.5,106,7.19,36.6,7.97,DSYA4_L1,5.64,1,,4.32,1,0,0,0,HYP-NORMAL,
2026-07-06T00:45:00+00:00,3,612.1,104.4,7.21,36.47,7.88,DSYA4_L1,5.29,1,,4.26,1,0,0,0,HYP-NORMAL,
2026-07-06T01:00:00+00:00,4,593.4,101.4,7.24,36.35,7.79,DSYA4_L1,5.18,1,,3.96,1,0,0,0,HYP-NORMAL,
2026-07-06T01:15:00+00:00,5,580.7,99.7,7.26,36.24,7.72,DSYA4_L1,4.97,1,,4.01,1,0,0,0,HYP-NORMAL,
2026-07-06T01:30:00+00:00,6,569.6,98.1,7.28,36.14,7.66,DSYA7_L1,5.14,1,,3.39,1,0,0,0,HYP-NORMAL,
2026-07-06T01:45:00+00:00,7,560.3,96.9,7.29,36.06,7.61,DSYA3_L1,4.64,1,,3.51,1,0,0,0,HYP-NORMAL,
2026-07-06T02:00:00+00:00,8,550.3,95.1,7.31,35.99,7.56,DSYA7_L1,4.59,1,,3.65,1,0,0,0,HYP-NORMAL,
2026-07-06T02:15:00+00:00,9,547.5,94.6,7.31,35.94,7.53,DSYA3_L1,4.39,1,,3.02,1,0,0,0,HYP-NORMAL,
2026-07-06T02:30:00+00:00,10,545.6,94.3,7.32,35.9,7.5,DSYA3_L1,4.27,1,,3.46,1,0,0,0,HYP-NORMAL,
2026-07-06T02:45:00+00:00,11,544.7,94.5,7.32,35.88,7.49,DSYA7_L1,4.31,1,,3.66,1,0,0,0,HYP-NORMAL,
2026-07-06T03:00:00+00:00,12,540.8,94,7.33,35.87,7.48,DSYA3_L1,4.29,1,,2.95,1,0,0,0,HYP-NORMAL,
2026-07-06T03:15:00+00:00,13,535,92.9,7.33,35.88,7.49,DSYA4_L1,4.26,1,,3.04,1,0,0,0,HYP-NORMAL,
2026-07-06T03:30:00+00:00,14,532.5,92.5,7.34,35.9,7.5,DSYA7_L1,4.33,1,,3.2,1,0,0,0,HYP-NORMAL,
2026-07-06T03:45:00+00:00,15,530.8,92.4,7.34,35.94,7.53,DSYA3_L1,4.09,1,,2.8,1,0,0,0,HYP-NORMAL,
2026-07-06T04:00:00+00:00,16,532.9,92.7,7.34,35.99,7.56,DSYA3_L1,4.2,1,,2.84,1,0,0,0,HYP-NORMAL,
2026-07-06T04:15:00+00:00,17,543.7,94.5,7.32,36.06,7.61,DSYA3_L1,4.23,1,,2.75,1,0,0,0,HYP-NORMAL,
2026-07-06T04:30:00+00:00,18,550.1,95.2,7.31,36.14,7.66,DSYA3_L1,4.2,1,,3.33,1,0,0,0,HYP-NORMAL,
2026-07-06T04:45:00+00:00,19,561.7,97,7.29,36.24,7.72,DSYA4_L1,4.29,1,,3.06,1,0,0,0,HYP-NORMAL,
2026-07-06T05:00:00+00:00,20,571.7,98.2,7.27,36.35,7.79,DSYA4_L1,4.36,1,,3.62,1,0,0,0,HYP-NORMAL,
2026-07-06T05:15:00+00:00,21,611.2,104.4,7.21,36.47,7.88,DSYA4_L1,4.69,1,,4.01,1,0,0,0,HYP-NORMAL,
2026-07-06T05:30:00+00:00,22,651.8,110.9,7.14,36.6,7.97,DSYA4_L1,5.06,1,,4.25,1,0,0,0,HYP-NORMAL,
2026-07-06T05:45:00+00:00,23,702.4,118.9,7.06,36.75,8.06,DSYA4_L1,5.96,1,,4.29,1,0,0,0,HYP-NORMAL,
2026-07-06T06:00:00+00:00,24,737.9,123.1,7,36.91,8.17,DSYA4_L1,6.92,1,,5.43,1,0,0,0,HYP-NORMAL,
2026-07-06T06:15:00+00:00,25,870.5,141.7,6.79,37.08,8.29,DSYA4_L1,7.25,1,,5.62,1,0,0,0,HYP-NORMAL,
2026-07-06T06:30:00+00:00,26,1003,158,6.57,37.26,8.41,DSYA4_L1,9.91,1,,7.73,1,0,0,0,HYP-NORMAL,
2026-07-06T06:45:00+00:00,27,1134,174.6,6.35,37.45,8.54,DSYA4_L1,12.97,1,,10.22,1,0,0,0,HYP-NORMAL,
2026-07-06T07:00:00+00:00,28,1268,189.6,6.13,37.64,8.68,DSYA4_L1,17.07,1,,13.41,1,0,0,0,HYP-NORMAL,
2026-07-06T07:15:00+00:00,29,1396,203.8,5.92,37.85,8.82,DSYA4_L1,20.78,1,,17.03,1,0,0,0,HYP-NORMAL,
2026-07-06T07:30:00+00:00,30,1538,220.2,5.7,38.06,8.97,DSYA4_L1,25.48,1,,20.28,1,0,0,0,HYP-NORMAL,
2026-07-06T07:45:00+00:00,31,1661,233.8,5.5,38.28,9.12,DSYA4_L1,31.37,1,,24.64,1,0,0,0,HYP-NORMAL,
2026-07-06T08:00:00+00:00,32,1787,249.5,5.3,38.5,9.28,DSYA4_L1,36.39,1,,29.24,1,0,0,0,HYP-NORMAL,ALM-PANEL-TEMP
2026-07-06T08:15:00+00:00,33,1834,254,5.22,38.73,9.45,DSYA4_L1,42.87,1,,33.71,1,0,0,0,HYP-NORMAL,ALM-PANEL-TEMP
2026-07-06T08:30:00+00:00,34,1869,256.6,5.17,38.96,9.62,DSYA4_L1,46.04,1,,36.13,1,0,0,0,HYP-NORMAL,ALM-PANEL-TEMP
2026-07-06T08:45:00+00:00,35,1909,259.9,5.1,39.19,9.79,DSYA4_L1,48.14,1,,37.93,1,0,0,0,HYP-NORMAL,ALM-PANEL-TEMP
2026-07-06T09:00:00+00:00,36,1960,266.2,5.02,39.42,9.96,DSYA4_L1,49.84,1,,39.53,1,0,0,0,HYP-NORMAL,ALM-PANEL-TEMP
2026-07-06T09:15:00+00:00,37,1957,265.4,5.02,39.65,10.14,DSYA4_L1,52.8,1,,41.49,1,0,0,0,HYP-NORMAL,ALM-THR-TERM-WARN;ALM-PANEL-TEMP
2026-07-06T09:30:00+00:00,38,1949,264.5,5.04,39.88,10.31,DSYA4_L1,53.66,1,,42,1,0,0,20,HYP-LOOSE-CONN,ALM-THR-TERM-WARN;ALM-THR-PHASE-DIF;ALM-PANEL-TEMP
2026-07-06T09:45:00+00:00,39,1942,264.3,5.05,40.11,10.49,DSYA4_L1,53.32,1,,41.86,1,0,0,20,HYP-LOOSE-CONN,ALM-THR-TERM-WARN;ALM-THR-PHASE-DIF;ALM-PANEL-TEMP
2026-07-06T10:00:00+00:00,40,1928,260.9,5.07,40.34,10.66,DSYA4_L1,52.92,1,,41.71,1,0,0,20,HYP-LOOSE-CONN,ALM-THR-TERM-WARN;ALM-THR-PHASE-DIF;ALM-PANEL-TEMP
2026-07-06T10:15:00+00:00,41,1946,263.8,5.04,40.56,10.84,DSYA4_L1,52.16,1,,40.81,1,0,0,20,HYP-LOOSE-CONN,ALM-THR-TERM-WARN;ALM-THR-PHASE-DIF;ALM-PANEL-TEMP
2026-07-06T10:30:00+00:00,42,1960,266.1,5.02,40.78,11.01,DSYA4_L1,52.4,1,,41.37,1,0,0,20,HYP-LOOSE-CONN,ALM-THR-TERM-WARN;ALM-THR-PHASE-DIF;ALM-PANEL-TEMP
2026-07-06T10:45:00+00:00,43,1972,268.8,5,40.99,11.18,DSYA4_L1,53.26,1,,41.98,1,0,0,20,HYP-LOOSE-CONN,ALM-THR-TERM-WARN;ALM-THR-PHASE-DIF;ALM-PANEL-TEMP
2026-07-06T11:00:00+00:00,44,1974,272,5,41.19,11.35,DSYA4_L1,53.63,1,,42.47,1,0,0,20,HYP-LOOSE-CONN,ALM-THR-TERM-WARN;ALM-THR-PHASE-DIF;ALM-PANEL-TEMP
2026-07-06T11:15:00+00:00,45,1986,276,4.99,41.39,11.51,DSYA4_L1,54.33,1,,42.45,1,0,0,20,HYP-LOOSE-CONN,ALM-THR-TERM-WARN;ALM-THR-PHASE-DIF;ALM-PANEL-TEMP
2026-07-06T11:30:00+00:00,46,1994,276.8,4.98,41.58,11.66,DSYA4_L1,55.03,1,,42.87,1,0,0,20,HYP-LOOSE-CONN,ALM-THR-TERM-WARN;ALM-THR-PHASE-DIF;ALM-PANEL-TEMP
2026-07-06T11:45:00+00:00,47,1980,276.1,5,41.76,11.81,DSYA4_L1,55.52,1,,42.96,1,0,0,20,HYP-LOOSE-CONN,ALM-THR-TERM-WARN;ALM-THR-PHASE-DIF;ALM-PANEL-TEMP
2026-07-06T12:00:00+00:00,48,1967,275.9,5.02,41.93,11.95,DSYA4_L1,54.84,1,,42.56,1,0,0,20,HYP-LOOSE-CONN,ALM-THR-TERM-WARN;ALM-THR-PHASE-DIF;ALM-PANEL-TEMP
2026-07-06T12:15:00+00:00,49,1949,275.6,5.06,42.09,12.09,DSYA4_L1,54.56,1,,42.02,1,0,0,20,HYP-LOOSE-CONN,ALM-THR-TERM-WARN;ALM-THR-PHASE-DIF;ALM-PANEL-TEMP
2026-07-06T12:30:00+00:00,50,1932,276.3,5.09,42.23,12.21,DSYA4_L1,53.51,1,,41.01,1,0,0,20,HYP-LOOSE-CONN,ALM-THR-TERM-WARN;ALM-THR-PHASE-DIF;ALM-PANEL-TEMP
2026-07-06T12:45:00+00:00,51,1905,273.9,5.13,42.37,12.33,DSYA3_L1,52.83,1,,40.5,1,0,0,20,HYP-LOOSE-CONN,ALM-THR-TERM-WARN;ALM-THR-PHASE-DIF;ALM-PANEL-TEMP
2026-07-06T13:00:00+00:00,52,1889,274.9,5.16,42.49,12.43,DSYA3_L1,51.69,1,,39.65,1,0,0,20,HYP-LOOSE-CONN,ALM-THR-TERM-WARN;ALM-THR-PHASE-DIF;ALM-PANEL-TEMP
2026-07-06T13:15:00+00:00,53,1904,278.7,5.14,42.6,12.53,DSYA3_L1,51.23,1,,38.27,1,0,0,20,HYP-LOOSE-CONN,ALM-THR-TERM-WARN;ALM-THR-PHASE-DIF;ALM-PANEL-TEMP
2026-07-06T13:30:00+00:00,54,1922,279.4,5.11,42.7,12.61,DSYA3_L1,50.89,1,,38.38,1,0,0,20,HYP-LOOSE-CONN,ALM-THR-TERM-WARN;ALM-THR-PHASE-DIF;ALM-PANEL-TEMP
2026-07-06T13:45:00+00:00,55,1945,285.6,5.08,42.78,12.68,DSYA4_L1,51.5,1,,39.55,1,0,0,20,HYP-LOOSE-CONN,ALM-THR-TERM-WARN;ALM-THR-PHASE-DIF;ALM-PANEL-TEMP
2026-07-06T14:00:00+00:00,56,1952,286.7,5.07,42.85,12.74,DSYA4_L1,52.54,1,,39.98,1,0,0,20,HYP-LOOSE-CONN,ALM-THR-TERM-WARN;ALM-THR-PHASE-DIF;ALM-PANEL-TEMP
2026-07-06T14:15:00+00:00,57,1977,291.2,5.03,42.9,12.78,DSYA4_L1,53.43,1,,40.29,1,0,0,20,HYP-LOOSE-CONN,ALM-THR-TERM-WARN;ALM-THR-PHASE-DIF;ALM-PANEL-TEMP
2026-07-06T14:30:00+00:00,58,1996,291.8,5,42.94,12.82,DSYA4_L1,54.01,1,,40.99,1,0,0,20,HYP-LOOSE-CONN,ALM-THR-TERM-WARN;ALM-THR-PHASE-DIF;ALM-PANEL-TEMP
2026-07-06T14:45:00+00:00,59,2015,295,4.97,42.96,12.84,DSYA4_L1,55.62,1,,41.79,1,0,0,20,HYP-LOOSE-CONN,ALM-THR-TERM-WARN;ALM-THR-PHASE-DIF;ALM-PANEL-TEMP
2026-07-06T15:00:00+00:00,60,2045,299.7,4.92,42.97,12.84,DSYA4_L1,56.17,1,,42.91,1,0,0,20,HYP-LOOSE-CONN,ALM-THR-TERM-WARN;ALM-THR-PHASE-DIF;ALM-PANEL-TEMP
2026-07-06T15:15:00+00:00,61,2049,299.9,4.92,42.96,12.84,DSYA4_L1,58.12,1,,43.86,1,0,0,20,HYP-LOOSE-CONN,ALM-THR-TERM-WARN;ALM-THR-PHASE-DIF;ALM-PANEL-TEMP
2026-07-06T15:30:00+00:00,62,2053,298.7,4.91,42.94,12.82,DSYA4_L1,58.64,1,,44.42,1,0,0,20,HYP-LOOSE-CONN,ALM-THR-TERM-WARN;ALM-THR-PHASE-DIF;ALM-PANEL-TEMP
2026-07-06T15:45:00+00:00,63,2061,301.9,4.9,42.9,12.78,DSYA4_L1,59.07,1,,44.45,1,0,0,20,HYP-LOOSE-CONN,ALM-THR-TERM-WARN;ALM-THR-PHASE-DIF;ALM-PANEL-TEMP
2026-07-06T16:00:00+00:00,64,2055,301,4.91,42.85,12.74,DSYA4_L1,59.27,1,,44.65,1,0,0,20,HYP-LOOSE-CONN,ALM-THR-TERM-WARN;ALM-THR-PHASE-DIF;ALM-PANEL-TEMP
2026-07-06T16:15:00+00:00,65,2059,299.3,4.9,42.78,12.68,DSYA4_L1,59.15,1,,44.5,1,0,0,20,HYP-LOOSE-CONN,ALM-THR-TERM-WARN;ALM-THR-PHASE-DIF;ALM-PANEL-TEMP
2026-07-06T16:30:00+00:00,66,2046,296.9,4.92,42.7,12.61,DSYA4_L1,59.26,1,,44.93,1,0,0,20,HYP-LOOSE-CONN,ALM-THR-TERM-WARN;ALM-THR-PHASE-DIF;ALM-PANEL-TEMP
2026-07-06T16:45:00+00:00,67,2031,295,4.94,42.6,12.53,DSYA4_L1,58.69,1,,44.82,1,0,0,20,HYP-LOOSE-CONN,ALM-THR-TERM-WARN;ALM-THR-PHASE-DIF;ALM-PANEL-TEMP
2026-07-06T17:00:00+00:00,68,2030,294.7,4.94,42.49,12.43,DSYA4_L1,58.02,1,,44.01,1,0,0,20,HYP-LOOSE-CONN,ALM-THR-TERM-WARN;ALM-THR-PHASE-DIF;ALM-PANEL-TEMP
2026-07-06T17:15:00+00:00,69,2004,294.1,4.99,42.37,12.33,DSYA3_L1,57.68,1,,43.79,1,0,0,20,HYP-LOOSE-CONN,ALM-THR-TERM-WARN;ALM-THR-PHASE-DIF;ALM-PANEL-TEMP
2026-07-06T17:30:00+00:00,70,1974,290,5.03,42.23,12.21,DSYA3_L1,56.8,1,,42.97,1,0,0,20,HYP-LOOSE-CONN,ALM-THR-TERM-WARN;ALM-THR-PHASE-DIF;ALM-PANEL-TEMP
2026-07-06T17:45:00+00:00,71,1948,287.2,5.08,42.09,12.09,DSYA3_L1,55.55,1,,41.69,1,0,0,20,HYP-LOOSE-CONN,ALM-THR-TERM-WARN;ALM-THR-PHASE-DIF;ALM-PANEL-TEMP
2026-07-06T18:00:00+00:00,72,1920,286.2,5.12,41.93,11.95,DSYA3_L1,54.26,1,,40.88,1,0,0,20,HYP-LOOSE-CONN,ALM-THR-TERM-WARN;ALM-THR-PHASE-DIF;ALM-PANEL-TEMP
2026-07-06T18:15:00+00:00,73,1884,281.1,5.18,41.76,11.81,DSYA7_L1,53,1,,39.5,1,0,0,20,HYP-LOOSE-CONN,ALM-THR-TERM-WARN;ALM-THR-PHASE-DIF;ALM-PANEL-TEMP
2026-07-06T18:30:00+00:00,74,1864,278.7,5.21,41.58,11.66,DSYA7_L1,51.54,1,,37.76,1,0,0,20,HYP-LOOSE-CONN,ALM-THR-TERM-WARN;ALM-THR-PHASE-DIF;ALM-PANEL-TEMP
2026-07-06T18:45:00+00:00,75,1829,272.7,5.26,41.39,11.51,DSYA7_L1,50.05,1,,37.31,1,0,0,20,HYP-LOOSE-CONN,ALM-THR-TERM-WARN;ALM-THR-PHASE-DIF;ALM-PANEL-TEMP
2026-07-06T19:00:00+00:00,76,1803,268.8,5.3,41.19,11.35,DSYA7_L1,48.41,1,,35.92,1,0,0,20,HYP-LOOSE-CONN,ALM-THR-PHASE-DIF;ALM-PANEL-TEMP
2026-07-06T19:15:00+00:00,77,1819,272.9,5.28,40.99,11.18,DSYA3_L1,47.1,1,,34.9,1,0,0,20,HYP-LOOSE-CONN,ALM-THR-PHASE-DIF;ALM-PANEL-TEMP
2026-07-06T19:30:00+00:00,78,1840,276.1,5.25,40.78,11.01,DSYA3_L1,46.66,1,,35.23,1,0,0,20,HYP-LOOSE-CONN,ALM-THR-PHASE-DIF;ALM-PANEL-TEMP
2026-07-06T19:45:00+00:00,79,1851,277.4,5.23,40.56,10.84,DSYA4_L1,47.11,1,,35.63,1,0,0,20,HYP-LOOSE-CONN,ALM-THR-PHASE-DIF;ALM-PANEL-TEMP
2026-07-06T20:00:00+00:00,80,1858,279,5.22,40.34,10.66,DSYA4_L1,47.45,1,,35.96,1,0,0,20,HYP-LOOSE-CONN,ALM-THR-PHASE-DIF;ALM-PANEL-TEMP
2026-07-06T20:15:00+00:00,81,1821,276.8,5.28,40.11,10.49,DSYA4_L1,48.2,1,,36.37,1,0,0,20,HYP-LOOSE-CONN,ALM-THR-PHASE-DIF;ALM-PANEL-TEMP
2026-07-06T20:30:00+00:00,82,1796,273.9,5.33,39.88,10.31,DSYA3_L1,46.89,1,,35.08,1,0,0,20,HYP-LOOSE-CONN,ALM-THR-PHASE-DIF;ALM-PANEL-TEMP
2026-07-06T20:45:00+00:00,83,1747,265.8,5.4,39.65,10.14,DSYA3_L1,46.06,1,,34.13,1,0,0,20,HYP-LOOSE-CONN,ALM-THR-PHASE-DIF;ALM-PANEL-TEMP
2026-07-06T21:00:00+00:00,84,1715,260,5.45,39.42,9.96,DSYA7_L1,44.39,1,,32.77,1,0,0,20,HYP-LOOSE-CONN,ALM-THR-PHASE-DIF;ALM-PANEL-TEMP
2026-07-06T21:15:00+00:00,85,1642,246.9,5.56,39.19,9.79,DSYA3_L1,43.02,1,,31.62,1,0,0,20,HYP-LOOSE-CONN,ALM-THR-PHASE-DIF
2026-07-06T21:30:00+00:00,86,1580,238.1,5.65,38.96,9.62,DSYA3_L1,40.9,1,,29.5,1,0,0,0,HYP-NORMAL,
2026-07-06T21:45:00+00:00,87,1508,229.2,5.77,38.73,9.45,DSYA7_L1,37.85,1,,27.28,1,0,0,0,HYP-NORMAL,
2026-07-06T22:00:00+00:00,88,1444,221.1,5.87,38.5,9.28,DSYA7_L1,35.49,1,,25.36,1,0,0,0,HYP-NORMAL,
2026-07-06T22:15:00+00:00,89,1343,207.9,6.03,38.28,9.12,DSYA3_L1,32.62,1,,23.36,1,0,0,0,HYP-NORMAL,
2026-07-06T22:30:00+00:00,90,1235,194.7,6.21,38.06,8.97,DSYA3_L1,29.83,1,,20.61,1,0,0,0,HYP-NORMAL,
2026-07-06T22:45:00+00:00,91,1133,181.3,6.37,37.85,8.82,DSYA7_L1,26.15,1,,17.26,1,0,0,0,HYP-NORMAL,
2026-07-06T23:00:00+00:00,92,1026,167.7,6.54,37.64,8.68,DSYA3_L1,22.84,1,,14.95,1,0,0,0,HYP-NORMAL,
2026-07-06T23:15:00+00:00,93,928.1,152.8,6.7,37.45,8.54,DSYA7_L1,19.25,1,,12.1,1,0,0,0,HYP-NORMAL,
2026-07-06T23:30:00+00:00,94,834.9,139.9,6.85,37.26,8.41,DSYA3_L1,16.4,1,,9.99,1,0,0,0,HYP-NORMAL,
2026-07-06T23:45:00+00:00,95,741,126.7,7.01,37.08,8.29,DSYA7_L1,13.81,1,,8.06,1,0,0,0,HYP-NORMAL,
2026-07-07T00:00:00+00:00,96,644.4,111.3,7.16,37.01,8.24,DSYA3_L1,11.43,1,,6.75,1,0,0,0,HYP-NORMAL,
2026-07-07T00:15:00+00:00,97,625.1,108.5,7.19,36.85,8.13,DSYA7_L1,9.02,1,,4.83,1,0,0,0,HYP-NORMAL,
2026-07-07T00:30:00+00:00,98,609.8,106.6,7.22,36.71,8.03,DSYA7_L1,7.64,1,,4.61,1,0,0,0,HYP-NORMAL,
2026-07-07T00:45:00+00:00,99,595.3,104.1,7.24,36.57,7.94,DSYA3_L1,6.58,1,,4.15,1,0,0,0,HYP-NORMAL,
2026-07-07T01:00:00+00:00,100,584.6,101.6,7.26,36.45,7.86,DSYA3_L1,6.07,1,,3.88,1,0,0,0,HYP-NORMAL,
2026-07-07T01:15:00+00:00,101,569.8,99.2,7.28,36.34,7.79,DSYA3_L1,5.73,1,,3.68,1,0,0,0,HYP-NORMAL,
2026-07-07T01:30:00+00:00,102,558.5,97.1,7.3,36.24,7.73,DSYA3_L1,5.49,1,,3.14,1,0,0,0,HYP-NORMAL,
2026-07-07T01:45:00+00:00,103,551.8,97,7.31,36.16,7.67,DSYA3_L1,4.74,1,,3.41,1,0,0,0,HYP-NORMAL,
2026-07-07T02:00:00+00:00,104,540.7,95.6,7.33,36.1,7.63,DSYA7_L1,4.55,1,,3.32,1,0,0,0,HYP-NORMAL,
2026-07-07T02:15:00+00:00,105,536.9,94.7,7.33,36.04,7.6,DSYA4_L1,4.56,1,,3.28,1,0,0,0,HYP-NORMAL,
2026-07-07T02:30:00+00:00,106,531.4,94.1,7.34,36,7.57,DSYA7_L1,4.27,1,,3.02,1,0,0,0,HYP-NORMAL,
2026-07-07T02:45:00+00:00,107,528.6,94,7.35,35.98,7.56,DSYA3_L1,4.29,1,,2.87,1,0,0,0,HYP-NORMAL,
2026-07-07T03:00:00+00:00,108,526.3,93.2,7.35,35.97,7.55,DSYA3_L1,4.14,1,,2.81,1,0,0,0,HYP-NORMAL,
2026-07-07T03:15:00+00:00,109,526,93.2,7.35,35.98,7.56,DSYA4_L1,3.88,1,,2.66,1,0,0,0,HYP-NORMAL,
2026-07-07T03:30:00+00:00,110,526.1,93.2,7.35,36,7.57,DSYA4_L1,3.94,1,,3.1,1,0,0,0,HYP-NORMAL,
2026-07-07T03:45:00+00:00,111,525.1,93.3,7.35,36.04,7.6,DSYA1_L1,4.1,1,,3.02,1,0,0,0,HYP-NORMAL,
2026-07-07T04:00:00+00:00,112,527.2,93.5,7.35,36.1,7.63,DSYA7_L1,4.49,1,,2.88,1,0,0,0,HYP-NORMAL,
2026-07-07T04:15:00+00:00,113,531.9,93.7,7.34,36.16,7.67,DSYA3_L1,3.97,1,,2.73,1,0,0,0,HYP-NORMAL,
2026-07-07T04:30:00+00:00,114,543.7,95.5,7.32,36.24,7.73,DSYA4_L1,4.13,1,,2.9,1,0,0,0,HYP-NORMAL,
2026-07-07T04:45:00+00:00,115,550.4,96.4,7.31,36.34,7.79,DSYA4_L1,4.21,1,,3.17,1,0,0,0,HYP-NORMAL,
2026-07-07T05:00:00+00:00,116,563.1,98.4,7.29,36.45,7.86,DSYA3_L1,4.12,1,,3.39,1,0,0,0,HYP-NORMAL,
2026-07-07T05:15:00+00:00,117,603.7,105.1,7.23,36.57,7.94,DSYA3_L1,4.58,1,,3.5,1,0,0,0,HYP-NORMAL,
2026-07-07T05:30:00+00:00,118,646.7,112.1,7.16,36.71,8.03,DSYA4_L1,5,1,,3.84,1,0,0,0,HYP-NORMAL,
2026-07-07T05:45:00+00:00,119,683.3,117.3,7.1,36.85,8.13,DSYA4_L1,5.86,1,,4.06,1,0,0,0,HYP-NORMAL,
2026-07-07T06:00:00+00:00,120,722.4,123.2,7.03,37.01,8.24,DSYA4_L1,5.99,1,,5.01,1,0,0,0,HYP-NORMAL,
2026-07-07T06:15:00+00:00,121,851.3,142.8,6.83,37.18,8.36,DSYA4_L1,6.93,1,,5.47,1,0,0,0,HYP-NORMAL,
2026-07-07T06:30:00+00:00,122,979,161.4,6.62,37.36,8.48,DSYA4_L1,9.55,1,,7.28,1,0,0,0,HYP-NORMAL,
2026-07-07T06:45:00+00:00,123,1108,178.2,6.41,37.55,8.61,DSYA4_L1,12.49,1,,9.32,1,0,0,0,HYP-NORMAL,
2026-07-07T07:00:00+00:00,124,1238,194.3,6.2,37.75,8.75,DSYA4_L1,15.81,1,,12.58,1,0,0,0,HYP-NORMAL,
2026-07-07T07:15:00+00:00,125,1368,211.6,5.99,37.95,8.89,DSYA4_L1,20.22,1,,15.7,1,0,0,0,HYP-NORMAL,
2026-07-07T07:30:00+00:00,126,1492,226.4,5.79,38.16,9.04,DSYA4_L1,24.31,1,,19.05,1,0,0,0,HYP-NORMAL,
2026-07-07T07:45:00+00:00,127,1629,242.6,5.57,38.38,9.2,DSYA4_L1,29.36,1,,23.01,1,0,0,0,HYP-NORMAL,
2026-07-07T08:00:00+00:00,128,1773,261.8,5.35,38.6,9.36,DSYA4_L1,35.12,1,,27.16,1,0,0,0,HYP-NORMAL,
2026-07-07T08:15:00+00:00,129,1810,264.9,5.29,38.83,9.52,DSYA4_L1,41.75,1,,31.74,1,0,0,0,HYP-NORMAL,ALM-PANEL-TEMP
2026-07-07T08:30:00+00:00,130,1861,269.8,5.2,39.06,9.69,DSYA4_L1,45.1,1,,34.59,1,0,0,0,HYP-NORMAL,ALM-PANEL-TEMP
2026-07-07T08:45:00+00:00,131,1888,271.9,5.16,39.29,9.86,DSYA4_L1,47.73,1,,36.11,1,0,0,0,HYP-NORMAL,ALM-PANEL-TEMP
2026-07-07T09:00:00+00:00,132,1917,275.6,5.11,39.52,10.03,DSYA4_L1,49.23,1,,38.04,1,0,0,0,HYP-NORMAL,ALM-PANEL-TEMP
2026-07-07T09:15:00+00:00,133,1901,275.6,5.14,39.75,10.21,DSYA4_L1,50.72,1,,39.23,1,0,0,20,HYP-LOOSE-CONN,ALM-THR-TERM-WARN;ALM-THR-PHASE-DIF;ALM-PANEL-TEMP
2026-07-07T09:30:00+00:00,134,1877,271.9,5.18,39.98,10.39,DSYA4_L1,50.65,1,,38.59,1,0,0,20,HYP-LOOSE-CONN,ALM-THR-TERM-WARN;ALM-THR-PHASE-DIF;ALM-PANEL-TEMP
2026-07-07T09:45:00+00:00,135,1865,271.9,5.2,40.21,10.56,DSYA4_L1,49.48,1,,38.36,1,0,0,20,HYP-LOOSE-CONN,ALM-THR-PHASE-DIF;ALM-PANEL-TEMP
2026-07-07T10:00:00+00:00,136,1856,269.6,5.21,40.44,10.74,DSYA4_L1,49.16,1,,37.66,1,0,0,20,HYP-LOOSE-CONN,ALM-THR-PHASE-DIF;ALM-PANEL-TEMP
2026-07-07T10:15:00+00:00,137,1865,271.6,5.2,40.66,10.92,DSYA4_L1,48.35,1,,36.88,1,0,0,20,HYP-LOOSE-CONN,ALM-THR-PHASE-DIF;ALM-PANEL-TEMP
2026-07-07T10:30:00+00:00,138,1880,271.5,5.17,40.87,11.09,DSYA4_L1,48.28,1,,37.38,1,0,0,20,HYP-LOOSE-CONN,ALM-THR-PHASE-DIF;ALM-PANEL-TEMP
2026-07-07T10:45:00+00:00,139,1896,273.9,5.15,41.09,11.26,DSYA4_L1,49.34,1,,37.72,1,0,0,20,HYP-LOOSE-CONN,ALM-THR-PHASE-DIF;ALM-PANEL-TEMP
2026-07-07T11:00:00+00:00,140,1909,277.1,5.13,41.29,11.42,DSYA4_L1,49.85,1,,38.87,1,0,0,20,HYP-LOOSE-CONN,ALM-THR-PHASE-DIF;ALM-PANEL-TEMP
2026-07-07T11:15:00+00:00,141,1910,276.1,5.13,41.49,11.59,DSYA4_L1,50.8,1,,38.38,1,0,0,20,HYP-LOOSE-CONN,ALM-THR-TERM-WARN;ALM-THR-PHASE-DIF;ALM-PANEL-TEMP
2026-07-07T11:30:00+00:00,142,1901,275.6,5.14,41.68,11.74,DSYA4_L1,51.44,1,,38.94,1,0,0,20,HYP-LOOSE-CONN,ALM-THR-TERM-WARN;ALM-THR-PHASE-DIF;ALM-PANEL-TEMP
2026-07-07T11:45:00+00:00,143,1895,273.3,5.15,41.86,11.89,DSYA4_L1,50.68,1,,38.68,1,0,0,20,HYP-LOOSE-CONN,ALM-THR-TERM-WARN;ALM-THR-PHASE-DIF;ALM-PANEL-TEMP
2026-07-07T12:00:00+00:00,144,1887,271.4,5.16,42.02,12.03,DSYA4_L1,50.17,1,,38.81,1,0,0,20,HYP-LOOSE-CONN,ALM-THR-TERM-WARN;ALM-THR-PHASE-DIF;ALM-PANEL-TEMP
2026-07-07T12:15:00+00:00,145,1855,267,5.21,42.18,12.17,DSYA3_L1,49.76,1,,38.36,1,0,0,20,HYP-LOOSE-CONN,ALM-THR-PHASE-DIF;ALM-PANEL-TEMP
2026-07-07T12:30:00+00:00,146,1838,268,5.24,42.33,12.29,DSYA3_L1,48.99,1,,37.49,1,0,0,20,HYP-LOOSE-CONN,ALM-THR-PHASE-DIF;ALM-PANEL-TEMP
2026-07-07T12:45:00+00:00,147,1815,267.1,5.28,42.47,12.41,DSYA3_L1,48.03,1,,36.47,1,0,0,20,HYP-LOOSE-CONN,ALM-THR-PHASE-DIF;ALM-PANEL-TEMP
2026-07-07T13:00:00+00:00,148,1795,263.7,5.31,42.59,12.51,DSYA7_L1,46.82,1,,35.48,1,0,0,20,HYP-LOOSE-CONN,ALM-THR-PHASE-DIF;ALM-PANEL-TEMP
2026-07-07T13:15:00+00:00,149,1795,261.4,5.31,42.7,12.61,DSYA3_L1,46.12,1,,34.99,1,0,0,20,HYP-LOOSE-CONN,ALM-THR-PHASE-DIF;ALM-PANEL-TEMP
2026-07-07T13:30:00+00:00,150,1824,264.9,5.26,42.79,12.69,DSYA3_L1,45.59,1,,34.59,1,0,0,20,HYP-LOOSE-CONN,ALM-THR-PHASE-DIF;ALM-PANEL-TEMP
2026-07-07T13:45:00+00:00,151,1832,266.3,5.25,42.87,12.76,DSYA4_L1,46.02,1,,35.55,1,0,0,20,HYP-LOOSE-CONN,ALM-THR-PHASE-DIF;ALM-PANEL-TEMP
2026-07-07T14:00:00+00:00,152,1843,267.3,5.23,42.94,12.82,DSYA4_L1,46.8,1,,36,1,0,0,20,HYP-LOOSE-CONN,ALM-THR-PHASE-DIF;ALM-PANEL-TEMP
2026-07-07T14:15:00+00:00,153,1862,270.2,5.2,42.99,12.87,DSYA4_L1,47.23,1,,36.49,1,0,0,20,HYP-LOOSE-CONN,ALM-THR-PHASE-DIF;ALM-PANEL-TEMP
2026-07-07T14:30:00+00:00,154,1863,269.4,5.2,43.03,12.9,DSYA4_L1,48.11,1,,36.87,1,0,0,20,HYP-LOOSE-CONN,ALM-THR-PHASE-DIF;ALM-PANEL-TEMP
2026-07-07T14:45:00+00:00,155,1887,272.7,5.16,43.05,12.92,DSYA4_L1,48.31,1,,37.38,1,0,0,20,HYP-LOOSE-CONN,ALM-THR-PHASE-DIF;ALM-PANEL-TEMP
2026-07-07T15:00:00+00:00,156,1916,275.1,5.11,43.06,12.93,DSYA4_L1,49.53,1,,38.07,1,0,0,20,HYP-LOOSE-CONN,ALM-THR-PHASE-DIF;ALM-PANEL-TEMP
2026-07-07T15:15:00+00:00,157,1909,274.4,5.12,43.05,12.92,DSYA4_L1,50.46,1,,39,1,0,0,20,HYP-LOOSE-CONN,ALM-THR-TERM-WARN;ALM-THR-PHASE-DIF;ALM-PANEL-TEMP
2026-07-07T15:30:00+00:00,158,1902,273,5.13,43.03,12.9,DSYA4_L1,51,1,,39.05,1,0,0,20,HYP-LOOSE-CONN,ALM-THR-TERM-WARN;ALM-THR-PHASE-DIF;ALM-PANEL-TEMP
2026-07-07T15:45:00+00:00,159,1901,271.9,5.13,42.99,12.87,DSYA4_L1,50.7,1,,39.23,1,0,0,20,HYP-LOOSE-CONN,ALM-THR-TERM-WARN;ALM-THR-PHASE-DIF;ALM-PANEL-TEMP
2026-07-07T16:00:00+00:00,160,1904,273.3,5.13,42.94,12.82,DSYA4_L1,50.9,1,,39.33,1,0,0,20,HYP-LOOSE-CONN,ALM-THR-TERM-WARN;ALM-THR-PHASE-DIF;ALM-PANEL-TEMP
2026-07-07T16:15:00+00:00,161,1906,271.2,5.12,42.87,12.76,DSYA4_L1,50.53,1,,38.97,1,0,0,20,HYP-LOOSE-CONN,ALM-THR-TERM-WARN;ALM-THR-PHASE-DIF;ALM-PANEL-TEMP
2026-07-07T16:30:00+00:00,162,1905,271.3,5.13,42.79,12.69,DSYA4_L1,50.86,1,,39.29,1,0,0,20,HYP-LOOSE-CONN,ALM-THR-TERM-WARN;ALM-THR-PHASE-DIF;ALM-PANEL-TEMP
2026-07-07T16:45:00+00:00,163,1891,270.6,5.15,42.7,12.61,DSYA3_L1,50.69,1,,39.45,1,0,0,20,HYP-LOOSE-CONN,ALM-THR-TERM-WARN;ALM-THR-PHASE-DIF;ALM-PANEL-TEMP
2026-07-07T17:00:00+00:00,164,1878,269,5.17,42.59,12.51,DSYA3_L1,50.3,1,,38.84,1,0,0,20,HYP-LOOSE-CONN,ALM-THR-TERM-WARN;ALM-THR-PHASE-DIF;ALM-PANEL-TEMP
2026-07-07T17:15:00+00:00,165,1854,266.6,5.21,42.47,12.41,DSYA7_L1,49.52,1,,38.46,1,0,0,20,HYP-LOOSE-CONN,ALM-THR-PHASE-DIF;ALM-PANEL-TEMP
2026-07-07T17:30:00+00:00,166,1830,265,5.25,42.33,12.29,DSYA4_L1,48.7,1,,37.57,1,0,0,20,HYP-LOOSE-CONN,ALM-THR-PHASE-DIF;ALM-PANEL-TEMP
2026-07-07T17:45:00+00:00,167,1809,262.7,5.28,42.18,12.17,DSYA3_L1,47.84,1,,36.56,1,0,0,20,HYP-LOOSE-CONN,ALM-THR-PHASE-DIF;ALM-PANEL-TEMP
2026-07-07T18:00:00+00:00,168,1779,259.3,5.33,42.02,12.03,DSYA7_L1,46.76,1,,35.9,1,0,0,20,HYP-LOOSE-CONN,ALM-THR-PHASE-DIF;ALM-PANEL-TEMP
2026-07-07T18:15:00+00:00,169,1749,255.9,5.38,41.86,11.89,DSYA3_L1,45.5,1,,34.44,1,0,0,20,HYP-LOOSE-CONN,ALM-THR-PHASE-DIF;ALM-PANEL-TEMP
2026-07-07T18:30:00+00:00,170,1724,252.9,5.42,41.68,11.74,DSYA7_L1,44.62,1,,33.57,1,0,0,20,HYP-LOOSE-CONN,ALM-THR-PHASE-DIF;ALM-PANEL-TEMP
2026-07-07T18:45:00+00:00,171,1704,250.2,5.45,41.49,11.59,DSYA7_L1,42.88,1,,32.86,1,0,0,20,HYP-LOOSE-CONN,ALM-THR-PHASE-DIF;ALM-PANEL-TEMP
2026-07-07T19:00:00+00:00,172,1688,249.1,5.48,41.29,11.42,DSYA3_L1,41.98,1,,31.77,1,0,0,0,HYP-NORMAL,ALM-PANEL-TEMP
2026-07-07T19:15:00+00:00,173,1703,250.2,5.45,41.09,11.26,DSYA3_L1,40.98,1,,31,1,0,0,0,HYP-NORMAL,ALM-PANEL-TEMP
2026-07-07T19:30:00+00:00,174,1736,256.4,5.4,40.87,11.09,DSYA3_L1,40.71,1,,31.21,1,0,0,0,HYP-NORMAL,ALM-PANEL-TEMP
2026-07-07T19:45:00+00:00,175,1748,259.2,5.39,40.66,10.92,DSYA4_L1,41.82,1,,32.08,1,0,0,0,HYP-NORMAL,ALM-PANEL-TEMP
2026-07-07T20:00:00+00:00,176,1767,259,5.35,40.44,10.74,DSYA4_L1,42.31,1,,32.55,1,0,0,0,HYP-NORMAL,ALM-PANEL-TEMP
2026-07-07T20:15:00+00:00,177,1738,255,5.4,40.21,10.56,DSYA4_L1,43.24,1,,33.18,1,0,0,0,HYP-NORMAL,ALM-PANEL-TEMP
2026-07-07T20:30:00+00:00,178,1707,253.9,5.45,39.98,10.39,DSYA4_L1,42.44,1,,32.64,1,0,0,0,HYP-NORMAL,ALM-PANEL-TEMP
2026-07-07T20:45:00+00:00,179,1677,249.5,5.5,39.75,10.21,DSYA3_L1,41.58,1,,31.46,1,0,0,0,HYP-NORMAL,ALM-PANEL-TEMP
2026-07-07T21:00:00+00:00,180,1649,246.6,5.54,39.52,10.03,DSYA7_L1,40.42,1,,30.14,1,0,0,0,HYP-NORMAL,ALM-PANEL-TEMP
2026-07-07T21:15:00+00:00,181,1572,238.1,5.67,39.29,9.86,DSYA7_L1,39.58,1,,29.71,1,0,0,0,HYP-NORMAL,
2026-07-07T21:30:00+00:00,182,1501,228.1,5.78,39.06,9.69,DSYA3_L1,37.29,1,,27.63,1,0,0,0,HYP-NORMAL,
2026-07-07T21:45:00+00:00,183,1428,218.2,5.89,38.83,9.52,DSYA3_L1,34.9,1,,25.31,1,0,0,0,HYP-NORMAL,
2026-07-07T22:00:00+00:00,184,1376,212.6,5.98,38.6,9.36,DSYA3_L1,32.13,1,,23,1,0,0,0,HYP-NORMAL,
2026-07-07T22:15:00+00:00,185,1285,201.8,6.13,38.38,9.2,DSYA3_L1,29.74,1,,20.92,1,0,0,0,HYP-NORMAL,
2026-07-07T22:30:00+00:00,186,1182,188.5,6.29,38.16,9.04,DSYA3_L1,27.09,1,,18.77,1,0,0,0,HYP-NORMAL,
2026-07-07T22:45:00+00:00,187,1091,177.1,6.44,37.95,8.89,DSYA7_L1,24.07,1,,15.73,1,0,0,0,HYP-NORMAL,
2026-07-07T23:00:00+00:00,188,996.2,165.2,6.6,37.75,8.75,DSYA3_L1,21.12,1,,13.82,1,0,0,0,HYP-NORMAL,
2026-07-07T23:15:00+00:00,189,900,151.7,6.75,37.55,8.61,DSYA3_L1,18.2,1,,11.4,1,0,0,0,HYP-NORMAL,
2026-07-07T23:30:00+00:00,190,809.9,138.7,6.9,37.36,8.48,DSYA3_L1,15.26,1,,9.23,1,0,0,0,HYP-NORMAL,
2026-07-07T23:45:00+00:00,191,718,124.1,7.04,37.18,8.36,DSYA7_L1,13.11,1,,7.58,1,0,0,0,HYP-NORMAL,
2026-07-08T00:00:00+00:00,192,622.7,108.4,7.2,37.11,8.31,DSYA7_L1,10.57,1,,6.24,1,0,0,0,HYP-NORMAL,
2026-07-08T00:15:00+00:00,193,607.8,105.8,7.22,36.95,8.2,DSYA3_L1,8.73,1,,4.46,1,0,0,0,HYP-NORMAL,
2026-07-08T00:30:00+00:00,194,594.5,103.5,7.24,36.81,8.1,DSYA7_L1,7.33,1,,4.1,1,0,0,0,HYP-NORMAL,
2026-07-08T00:45:00+00:00,195,579.1,100.9,7.27,36.67,8.01,DSYA1_L1,6.12,1,,3.83,1,0,0,0,HYP-NORMAL,
2026-07-08T01:00:00+00:00,196,566.7,99.2,7.29,36.55,7.93,DSYA7_L1,5.8,1,,3.79,1,0,0,0,HYP-NORMAL,
2026-07-08T01:15:00+00:00,197,556.9,97.8,7.3,36.44,7.86,DSYA7_L1,5.35,1,,3.77,1,0,0,0,HYP-NORMAL,
2026-07-08T01:30:00+00:00,198,546,96.1,7.32,36.34,7.79,DSYA3_L1,4.83,1,,3.13,1,0,0,0,HYP-NORMAL,
2026-07-08T01:45:00+00:00,199,536,94.4,7.34,36.26,7.74,DSYA4_L1,4.49,1,,3.56,1,0,0,0,HYP-NORMAL,
2026-07-08T02:00:00+00:00,200,521.3,92.2,7.36,36.19,7.69,DSYA1_L1,4.27,1,,3.35,1,0,0,0,HYP-NORMAL,
2026-07-08T02:15:00+00:00,201,518.4,91.4,7.36,36.14,7.66,DSYA7_L1,4.39,1,,2.68,1,0,0,0,HYP-NORMAL,
2026-07-08T02:30:00+00:00,202,512.5,90.6,7.37,36.1,7.64,DSYA3_L1,4.04,1,,3.23,1,0,0,0,HYP-NORMAL,
2026-07-08T02:45:00+00:00,203,512.4,90.6,7.37,36.08,7.62,DSYA1_L1,3.86,1,,2.88,1,0,0,0,HYP-NORMAL,
2026-07-08T03:00:00+00:00,204,511.4,90.1,7.37,36.07,7.62,DSYA7_L1,3.96,1,,2.55,1,0,0,0,HYP-NORMAL,
2026-07-08T03:15:00+00:00,205,512.4,90.4,7.37,36.08,7.62,DSYA4_L1,3.86,1,,3.06,1,0,0,0,HYP-NORMAL,
2026-07-08T03:30:00+00:00,206,512.6,90.4,7.37,36.1,7.64,DSYA3_L1,4.38,1,,2.81,1,0,0,0,HYP-NORMAL,
2026-07-08T03:45:00+00:00,207,512.6,90.6,7.37,36.14,7.66,DSYA3_L1,3.95,1,,2.48,1,0,0,0,HYP-NORMAL,
2026-07-08T04:00:00+00:00,208,513.4,90.7,7.37,36.19,7.69,DSYA1_L1,4.07,1,,3.04,1,0,0,0,HYP-NORMAL,
2026-07-08T04:15:00+00:00,209,522.7,92.2,7.36,36.26,7.74,DSYA3_L1,3.79,1,,3.08,1,0,0,0,HYP-NORMAL,
2026-07-08T04:30:00+00:00,210,533.1,93.4,7.34,36.34,7.79,DSYA2_L1,3.59,1,,2.86,1,0,0,0,HYP-NORMAL,
2026-07-08T04:45:00+00:00,211,542.9,95.2,7.32,36.44,7.86,DSYA3_L1,4.03,1,,3.02,1,0,0,0,HYP-NORMAL,
2026-07-08T05:00:00+00:00,212,551.9,96.6,7.31,36.55,7.93,DSYA3_L1,4.41,1,,3.25,1,0,0,0,HYP-NORMAL,
2026-07-08T05:15:00+00:00,213,589.7,102.5,7.25,36.67,8.01,DSYA3_L1,4.24,1,,3.5,1,0,0,0,HYP-NORMAL,
2026-07-08T05:30:00+00:00,214,627.8,107.8,7.18,36.81,8.1,DSYA4_L1,4.75,1,,4.05,1,0,0,0,HYP-NORMAL,
2026-07-08T05:45:00+00:00,215,661.8,113.1,7.13,36.95,8.2,DSYA4_L1,5.17,1,,3.92,1,0,0,0,HYP-NORMAL,
2026-07-08T06:00:00+00:00,216,705.8,119.8,7.06,37.11,8.31,DSYA4_L1,5.66,1,,4.76,1,0,0,0,HYP-NORMAL,
2026-07-08T06:15:00+00:00,217,828.5,137.5,6.86,37.28,8.42,DSYA4_L1,6.77,1,,5.05,1,0,0,0,HYP-NORMAL,
2026-07-08T06:30:00+00:00,218,958.2,156.3,6.65,37.46,8.55,DSYA4_L1,8.65,1,,6.73,1,0,0,0,HYP-NORMAL,
2026-07-08T06:45:00+00:00,219,1090,175.7,6.44,37.65,8.68,DSYA4_L1,12.37,1,,9.29,1,0,0,0,HYP-NORMAL,
2026-07-08T07:00:00+00:00,220,1216,192.5,6.24,37.84,8.82,DSYA4_L1,15.29,1,,11.83,1,0,0,0,HYP-NORMAL,
2026-07-08T07:15:00+00:00,221,1345,210.2,6.03,38.05,8.96,DSYA4_L1,19.34,1,,15.19,1,0,0,0,HYP-NORMAL,
2026-07-08T07:30:00+00:00,222,1476,227,5.82,38.26,9.11,DSYA4_L1,23.63,1,,18.43,1,0,0,0,HYP-NORMAL,
2026-07-08T07:45:00+00:00,223,1606,241.3,5.61,38.48,9.27,DSYA4_L1,28.49,1,,22.42,1,0,0,0,HYP-NORMAL,
2026-07-08T08:00:00+00:00,224,1728,255.8,5.42,38.7,9.43,DSYA4_L1,33.87,1,,26.69,1,0,0,0,HYP-NORMAL,
2026-07-08T08:15:00+00:00,225,1764,258.5,5.36,38.92,9.59,DSYA4_L1,40.16,1,,30.73,1,0,0,0,HYP-NORMAL,ALM-PANEL-TEMP
2026-07-08T08:30:00+00:00,226,1801,260.9,5.29,39.15,9.76,DSYA4_L1,42.49,1,,32.7,1,0,0,0,HYP-NORMAL,ALM-PANEL-TEMP
2026-07-08T08:45:00+00:00,227,1846,265.8,5.22,39.38,9.93,DSYA4_L1,44.84,1,,34.5,1,0,0,0,HYP-NORMAL,ALM-PANEL-TEMP
2026-07-08T09:00:00+00:00,228,1911,272.2,5.12,39.61,10.11,DSYA4_L1,46.9,1,,36.22,1,0,0,0,HYP-NORMAL,ALM-PANEL-TEMP
2026-07-08T09:15:00+00:00,229,1902,270.6,5.13,39.84,10.28,DSYA4_L1,50.23,1,,38.9,1,0,0,0,HYP-NORMAL,ALM-THR-TERM-WARN;ALM-PANEL-TEMP
2026-07-08T09:30:00+00:00,230,1885,269.8,5.16,40.08,10.46,DSYA4_L1,50.16,1,,39.49,1,0,0,20,HYP-LOOSE-CONN,ALM-THR-TERM-WARN;ALM-THR-PHASE-DIF;ALM-PANEL-TEMP
2026-07-08T09:45:00+00:00,231,1871,268.1,5.18,40.3,10.64,DSYA4_L1,50.08,1,,38.72,1,0,0,20,HYP-LOOSE-CONN,ALM-THR-TERM-WARN;ALM-THR-PHASE-DIF;ALM-PANEL-TEMP
2026-07-08T10:00:00+00:00,232,1868,267.1,5.19,40.53,10.81,DSYA4_L1,49.09,1,,37.89,1,0,0,20,HYP-LOOSE-CONN,ALM-THR-PHASE-DIF;ALM-PANEL-TEMP
2026-07-08T10:15:00+00:00,233,1882,267.3,5.16,40.75,10.99,DSYA4_L1,49.05,1,,37.82,1,0,0,20,HYP-LOOSE-CONN,ALM-THR-PHASE-DIF;ALM-PANEL-TEMP
2026-07-08T10:30:00+00:00,234,1888,270.3,5.16,40.97,11.16,DSYA4_L1,49.1,1,,38.16,1,0,0,20,HYP-LOOSE-CONN,ALM-THR-PHASE-DIF;ALM-PANEL-TEMP
2026-07-08T10:45:00+00:00,235,1891,269.3,5.15,41.18,11.33,DSYA4_L1,49.57,1,,38.35,1,0,0,20,HYP-LOOSE-CONN,ALM-THR-PHASE-DIF;ALM-PANEL-TEMP
2026-07-08T11:00:00+00:00,236,1907,272.7,5.13,41.38,11.5,DSYA4_L1,50.03,1,,38.56,1,0,0,20,HYP-LOOSE-CONN,ALM-THR-TERM-WARN;ALM-THR-PHASE-DIF;ALM-PANEL-TEMP
2026-07-08T11:15:00+00:00,237,1904,275.3,5.13,41.58,11.66,DSYA4_L1,50.82,1,,39.13,1,0,0,20,HYP-LOOSE-CONN,ALM-THR-TERM-WARN;ALM-THR-PHASE-DIF;ALM-PANEL-TEMP
2026-07-08T11:30:00+00:00,238,1902,273.5,5.13,41.77,11.82,DSYA4_L1,50.51,1,,38.99,1,0,0,20,HYP-LOOSE-CONN,ALM-THR-TERM-WARN;ALM-THR-PHASE-DIF;ALM-PANEL-TEMP
2026-07-08T11:45:00+00:00,239,1902,274.6,5.14,41.95,11.97,DSYA4_L1,50.76,1,,38.88,1,0,0,20,HYP-LOOSE-CONN,ALM-THR-TERM-WARN;ALM-THR-PHASE-DIF;ALM-PANEL-TEMP
2026-07-08T12:00:00+00:00,240,1894,277.4,5.16,42.12,12.11,DSYA4_L1,50.66,1,,38.87,1,0,0,20,HYP-LOOSE-CONN,ALM-THR-TERM-WARN;ALM-THR-PHASE-DIF;ALM-PANEL-TEMP
2026-07-08T12:15:00+00:00,241,1865,271.9,5.2,42.27,12.24,DSYA4_L1,50.1,1,,38.28,1,0,0,20,HYP-LOOSE-CONN,ALM-THR-TERM-WARN;ALM-THR-PHASE-DIF;ALM-PANEL-TEMP
2026-07-08T12:30:00+00:00,242,1841,267.4,5.23,42.42,12.37,DSYA4_L1,49.2,1,,37.78,1,0,0,20,HYP-LOOSE-CONN,ALM-THR-PHASE-DIF;ALM-PANEL-TEMP
2026-07-08T12:45:00+00:00,243,1818,265.5,5.27,42.56,12.49,DSYA3_L1,48.42,1,,36.68,1,0,0,20,HYP-LOOSE-CONN,ALM-THR-PHASE-DIF;ALM-PANEL-TEMP
2026-07-08T13:00:00+00:00,244,1792,261.2,5.31,42.68,12.59,DSYA3_L1,47.41,1,,36.06,1,0,0,20,HYP-LOOSE-CONN,ALM-THR-PHASE-DIF;ALM-PANEL-TEMP
2026-07-08T13:15:00+00:00,245,1815,261.6,5.27,42.79,12.69,DSYA3_L1,46.37,1,,34.75,1,0,0,20,HYP-LOOSE-CONN,ALM-THR-PHASE-DIF;ALM-PANEL-TEMP
2026-07-08T13:30:00+00:00,246,1819,261.3,5.26,42.88,12.77,DSYA3_L1,45.99,1,,35.44,1,0,0,0,HYP-NORMAL,ALM-PANEL-TEMP
2026-07-08T13:45:00+00:00,247,1835,265,5.24,42.97,12.84,DSYA4_L1,46.19,1,,35.62,1,0,0,20,HYP-LOOSE-CONN,ALM-THR-PHASE-DIF;ALM-PANEL-TEMP
2026-07-08T14:00:00+00:00,248,1855,266.6,5.21,43.03,12.9,DSYA4_L1,46.97,1,,35.95,1,0,0,0,HYP-NORMAL,ALM-PANEL-TEMP
2026-07-08T14:15:00+00:00,249,1870,266.3,5.18,43.08,12.95,DSYA4_L1,47.8,1,,36.95,1,0,0,20,HYP-LOOSE-CONN,ALM-THR-PHASE-DIF;ALM-PANEL-TEMP
2026-07-08T14:30:00+00:00,250,1883,268.2,5.16,43.12,12.98,DSYA4_L1,48.69,1,,37.79,1,0,0,0,HYP-NORMAL,ALM-PANEL-TEMP
2026-07-08T14:45:00+00:00,251,1921,271.5,5.1,43.15,13,DSYA4_L1,49.36,1,,38.53,1,0,0,20,HYP-LOOSE-CONN,ALM-THR-PHASE-DIF;ALM-PANEL-TEMP
2026-07-08T15:00:00+00:00,252,1940,273,5.07,43.15,13.01,DSYA4_L1,50.72,1,,39.4,1,0,0,20,HYP-LOOSE-CONN,ALM-THR-TERM-WARN;ALM-THR-PHASE-DIF;ALM-PANEL-TEMP
2026-07-08T15:15:00+00:00,253,1940,272.7,5.07,43.15,13,DSYA4_L1,52.16,1,,40.39,1,0,0,20,HYP-LOOSE-CONN,ALM-THR-TERM-WARN;ALM-THR-PHASE-DIF;ALM-PANEL-TEMP
2026-07-08T15:30:00+00:00,254,1944,273.5,5.06,43.12,12.98,DSYA4_L1,52.41,1,,40.88,1,0,0,20,HYP-LOOSE-CONN,ALM-THR-TERM-WARN;ALM-THR-PHASE-DIF;ALM-PANEL-TEMP
2026-07-08T15:45:00+00:00,255,1945,273,5.06,43.08,12.95,DSYA4_L1,52.64,1,,40.5,1,0,0,20,HYP-LOOSE-CONN,ALM-THR-TERM-WARN;ALM-THR-PHASE-DIF;ALM-PANEL-TEMP
2026-07-08T16:00:00+00:00,256,1941,269.5,5.06,43.03,12.9,DSYA4_L1,52.94,1,,41.01,1,0,0,20,HYP-LOOSE-CONN,ALM-THR-TERM-WARN;ALM-THR-PHASE-DIF;ALM-PANEL-TEMP
2026-07-08T16:15:00+00:00,257,1931,267.9,5.07,42.97,12.84,DSYA4_L1,52.51,1,,41.15,1,0,0,20,HYP-LOOSE-CONN,ALM-THR-TERM-WARN;ALM-THR-PHASE-DIF;ALM-PANEL-TEMP
2026-07-08T16:30:00+00:00,258,1934,271.7,5.08,42.88,12.77,DSYA4_L1,52.2,1,,40.9,1,0,0,20,HYP-LOOSE-CONN,ALM-THR-TERM-WARN;ALM-THR-PHASE-DIF;ALM-PANEL-TEMP
2026-07-08T16:45:00+00:00,259,1921,270.8,5.1,42.79,12.69,DSYA4_L1,52.39,1,,40.19,1,0,0,20,HYP-LOOSE-CONN,ALM-THR-TERM-WARN;ALM-THR-PHASE-DIF;ALM-PANEL-TEMP
2026-07-08T17:00:00+00:00,260,1929,273.1,5.09,42.68,12.59,DSYA3_L1,51.94,1,,40.33,1,0,0,20,HYP-LOOSE-CONN,ALM-THR-TERM-WARN;ALM-THR-PHASE-DIF;ALM-PANEL-TEMP
2026-07-08T17:15:00+00:00,261,1914,273.5,5.11,42.56,12.49,DSYA4_L1,51.78,1,,40.2,1,0,0,20,HYP-LOOSE-CONN,ALM-THR-TERM-WARN;ALM-THR-PHASE-DIF;ALM-PANEL-TEMP
2026-07-08T17:30:00+00:00,262,1882,270.2,5.16,42.42,12.37,DSYA3_L1,51.73,1,,39.48,1,0,0,20,HYP-LOOSE-CONN,ALM-THR-TERM-WARN;ALM-THR-PHASE-DIF;ALM-PANEL-TEMP
2026-07-08T17:45:00+00:00,263,1858,265.3,5.2,42.27,12.24,DSYA3_L1,50.28,1,,38.74,1,0,0,20,HYP-LOOSE-CONN,ALM-THR-TERM-WARN;ALM-THR-PHASE-DIF;ALM-PANEL-TEMP
2026-07-08T18:00:00+00:00,264,1836,261.7,5.23,42.12,12.11,DSYA3_L1,49.3,1,,38.01,1,0,0,20,HYP-LOOSE-CONN,ALM-THR-PHASE-DIF;ALM-PANEL-TEMP
2026-07-08T18:15:00+00:00,265,1812,258.5,5.27,41.95,11.97,DSYA3_L1,48.3,1,,36.71,1,0,0,20,HYP-LOOSE-CONN,ALM-THR-PHASE-DIF;ALM-PANEL-TEMP
2026-07-08T18:30:00+00:00,266,1791,255.8,5.3,41.77,11.82,DSYA3_L1,47.13,1,,36.07,1,0,0,20,HYP-LOOSE-CONN,ALM-THR-PHASE-DIF;ALM-PANEL-TEMP
2026-07-08T18:45:00+00:00,267,1783,257.7,5.32,41.58,11.66,DSYA3_L1,46.3,1,,34.7,1,0,0,20,HYP-LOOSE-CONN,ALM-THR-PHASE-DIF;ALM-PANEL-TEMP
2026-07-08T19:00:00+00:00,268,1760,257.3,5.36,41.38,11.5,DSYA3_L1,45.38,1,,34.65,1,0,0,20,HYP-LOOSE-CONN,ALM-THR-PHASE-DIF;ALM-PANEL-TEMP
2026-07-08T19:15:00+00:00,269,1792,260.7,5.31,41.18,11.33,DSYA3_L1,44.75,1,,33.86,1,0,0,0,HYP-NORMAL,ALM-PANEL-TEMP
2026-07-08T19:30:00+00:00,270,1796,259.5,5.3,40.97,11.16,DSYA4_L1,44.83,1,,34.63,1,0,0,20,HYP-LOOSE-CONN,ALM-THR-PHASE-DIF;ALM-PANEL-TEMP
2026-07-08T19:45:00+00:00,271,1803,258.4,5.29,40.75,10.99,DSYA3_L1,45.05,1,,35,1,0,0,0,HYP-NORMAL,ALM-PANEL-TEMP
2026-07-08T20:00:00+00:00,272,1816,258.6,5.26,40.53,10.81,DSYA4_L1,45.26,1,,35.06,1,0,0,0,HYP-NORMAL,ALM-PANEL-TEMP
2026-07-08T20:15:00+00:00,273,1785,256.3,5.32,40.3,10.64,DSYA4_L1,46.04,1,,35.97,1,0,0,0,HYP-NORMAL,ALM-PANEL-TEMP
2026-07-08T20:30:00+00:00,274,1746,252.7,5.38,40.08,10.46,DSYA4_L1,44.99,1,,34.4,1,0,0,20,HYP-LOOSE-CONN,ALM-THR-PHASE-DIF;ALM-PANEL-TEMP
2026-07-08T20:45:00+00:00,275,1701,246.9,5.45,39.84,10.28,DSYA3_L1,43.66,1,,33.34,1,0,0,0,HYP-NORMAL,ALM-PANEL-TEMP
2026-07-08T21:00:00+00:00,276,1672,243.4,5.5,39.61,10.11,DSYA3_L1,42.21,1,,31.91,1,0,0,0,HYP-NORMAL,ALM-PANEL-TEMP
2026-07-08T21:15:00+00:00,277,1602,236.4,5.61,39.38,9.93,DSYA3_L1,40.97,1,,30.79,1,0,0,0,HYP-NORMAL,
2026-07-08T21:30:00+00:00,278,1543,228.9,5.7,39.15,9.76,DSYA3_L1,38.94,1,,28.91,1,0,0,0,HYP-NORMAL,
2026-07-08T21:45:00+00:00,279,1475,220.4,5.81,38.92,9.59,DSYA3_L1,36.72,1,,26.48,1,0,0,0,HYP-NORMAL,
2026-07-08T22:00:00+00:00,280,1415,213.8,5.91,38.7,9.43,DSYA3_L1,33.97,1,,24.42,1,0,0,0,HYP-NORMAL,
2026-07-08T22:15:00+00:00,281,1313,201.4,6.07,38.48,9.27,DSYA7_L1,31.41,1,,22.57,1,0,0,0,HYP-NORMAL,
2026-07-08T22:30:00+00:00,282,1223,192,6.22,38.26,9.11,DSYA3_L1,28.5,1,,19.66,1,0,0,0,HYP-NORMAL,
2026-07-08T22:45:00+00:00,283,1128,180.2,6.38,38.05,8.96,DSYA7_L1,25.3,1,,17.4,1,0,0,0,HYP-NORMAL,
2026-07-08T23:00:00+00:00,284,1027,167,6.54,37.84,8.82,DSYA3_L1,22.24,1,,14.98,1,0,0,0,HYP-NORMAL,
2026-07-08T23:15:00+00:00,285,929.5,152.8,6.7,37.65,8.68,DSYA7_L1,19.48,1,,11.79,1,0,0,0,HYP-NORMAL,
2026-07-08T23:30:00+00:00,286,835.8,140,6.85,37.46,8.55,DSYA3_L1,16.34,1,,10.05,1,0,0,0,HYP-NORMAL,
2026-07-08T23:45:00+00:00,287,739.3,126.2,7.01,37.28,8.42,DSYA7_L1,13.64,1,,8.14,1,0,0,0,HYP-NORMAL,
2026-07-09T00:00:00+00:00,288,642.9,110.3,7.16,37.2,8.37,DSYA3_L1,11.23,1,,6.39,1,0,0,0,HYP-NORMAL,
2026-07-09T00:15:00+00:00,289,630.6,108.5,7.18,37.05,8.26,DSYA3_L1,9.06,1,,4.85,1,0,0,0,HYP-NORMAL,
2026-07-09T00:30:00+00:00,290,619.3,106.8,7.2,36.9,8.16,DSYA3_L1,7.58,1,,4.43,1,0,0,0,HYP-NORMAL,
2026-07-09T00:45:00+00:00,291,602.4,104.1,7.23,36.76,8.07,DSYA7_L1,6.43,1,,4.5,1,0,0,0,HYP-NORMAL,
2026-07-09T01:00:00+00:00,292,584.5,101.2,7.26,36.64,7.99,DSYA3_L1,6.09,1,,4.25,1,0,0,0,HYP-NORMAL,
2026-07-09T01:15:00+00:00,293,572.9,99.5,7.27,36.53,7.92,DSYA3_L1,5.75,1,,4.02,1,0,0,0,HYP-NORMAL,
2026-07-09T01:30:00+00:00,294,564.1,98.3,7.29,36.44,7.85,DSYA3_L1,5.01,1,,3.52,1,0,0,0,HYP-NORMAL,
2026-07-09T01:45:00+00:00,295,549.7,95.9,7.31,36.36,7.8,DSYA7_L1,5.07,1,,3.61,1,0,0,0,HYP-NORMAL,
2026-07-09T02:00:00+00:00,296,541.3,95.1,7.33,36.29,7.76,DSYA3_L1,4.98,1,,3.34,1,0,0,0,HYP-NORMAL,
2026-07-09T02:15:00+00:00,297,538.1,94.2,7.33,36.24,7.72,DSYA7_L1,4.58,1,,2.99,1,0,0,0,HYP-NORMAL,
2026-07-09T02:30:00+00:00,298,531.6,93.3,7.34,36.2,7.7,DSYA3_L1,4.29,1,,3.35,1,0,0,0,HYP-NORMAL,
2026-07-09T02:45:00+00:00,299,525.4,92.4,7.35,36.18,7.68,DSYA7_L1,3.95,1,,2.98,1,0,0,0,HYP-NORMAL,
2026-07-09T03:00:00+00:00,300,527.1,92.4,7.35,36.17,7.68,DSYA3_L1,4.07,1,,2.78,1,0,0,0,HYP-NORMAL,
2026-07-09T03:15:00+00:00,301,527.3,92.1,7.35,36.18,7.68,DSYA1_L1,4.08,1,,3.18,1,0,0,0,HYP-NORMAL,
2026-07-09T03:30:00+00:00,302,528,92.5,7.35,36.2,7.7,DSYA2_L1,3.75,1,,3.09,1,0,0,0,HYP-NORMAL,
2026-07-09T03:45:00+00:00,303,526.2,92,7.35,36.24,7.72,DSYA1_L1,3.97,1,,2.87,1,0,0,0,HYP-NORMAL,
2026-07-09T04:00:00+00:00,304,526.9,92.5,7.35,36.29,7.76,DSYA4_L1,3.99,1,,3.25,1,0,0,0,HYP-NORMAL,
2026-07-09T04:15:00+00:00,305,537.3,93.9,7.33,36.36,7.8,DSYA4_L1,4,1,,3.26,1,0,0,0,HYP-NORMAL,
2026-07-09T04:30:00+00:00,306,551.2,96.2,7.31,36.44,7.85,DSYA4_L1,4,1,,3.22,1,0,0,0,HYP-NORMAL,
2026-07-09T04:45:00+00:00,307,562.9,98.4,7.29,36.53,7.92,DSYA3_L1,4.25,1,,3.5,1,0,0,0,HYP-NORMAL,
2026-07-09T05:00:00+00:00,308,574.1,100.5,7.27,36.64,7.99,DSYA4_L1,4.71,1,,3.14,1,0,0,0,HYP-NORMAL,
2026-07-09T05:15:00+00:00,309,618.2,107.3,7.2,36.76,8.07,DSYA4_L1,4.51,1,,3.29,1,0,0,0,HYP-NORMAL,
2026-07-09T05:30:00+00:00,310,661.3,114.5,7.13,36.9,8.16,DSYA4_L1,4.95,1,,3.86,1,0,0,0,HYP-NORMAL,
2026-07-09T05:45:00+00:00,311,708.3,121.9,7.06,37.05,8.26,DSYA4_L1,5.66,1,,4.49,1,0,0,0,HYP-NORMAL,
2026-07-09T06:00:00+00:00,312,746.3,127.6,7,37.2,8.37,DSYA4_L1,6.73,1,,5.14,1,0,0,0,HYP-NORMAL,
2026-07-09T06:15:00+00:00,313,874.2,146.2,6.79,37.37,8.49,DSYA4_L1,7.43,1,,5.92,1,0,0,0,HYP-NORMAL,
2026-07-09T06:30:00+00:00,314,1001,163.5,6.58,37.55,8.61,DSYA4_L1,9.83,1,,7.9,1,0,0,0,HYP-NORMAL,
2026-07-09T06:45:00+00:00,315,1129,181.9,6.38,37.74,8.74,DSYA4_L1,12.99,1,,10.37,1,0,0,0,HYP-NORMAL,
2026-07-09T07:00:00+00:00,316,1246,198,6.19,37.94,8.88,DSYA4_L1,16.02,1,,13.16,1,0,0,0,HYP-NORMAL,
2026-07-09T07:15:00+00:00,317,1374,213,5.98,38.14,9.02,DSYA4_L1,20.26,1,,15.81,1,0,0,0,HYP-NORMAL,
2026-07-09T07:30:00+00:00,318,1510,228.5,5.76,38.35,9.18,DSYA4_L1,24.69,1,,19.42,1,0,0,0,HYP-NORMAL,
2026-07-09T07:45:00+00:00,319,1634,242.3,5.56,38.57,9.33,DSYA4_L1,30.25,1,,23.26,1,0,0,0,HYP-NORMAL,
2026-07-09T08:00:00+00:00,320,1769,255.6,5.34,38.79,9.49,DSYA4_L1,35.85,1,,27.54,1,0,0,0,HYP-NORMAL,ALM-PANEL-TEMP
2026-07-09T08:15:00+00:00,321,1817,262.1,5.27,39.01,9.66,DSYA4_L1,41.9,1,,32.23,1,0,0,0,HYP-NORMAL,ALM-PANEL-TEMP
2026-07-09T08:30:00+00:00,322,1842,262.7,5.22,39.24,9.83,DSYA4_L1,44.99,1,,34.8,1,0,0,0,HYP-NORMAL,ALM-PANEL-TEMP
2026-07-09T08:45:00+00:00,323,1871,263.2,5.17,39.47,10,DSYA4_L1,46.79,1,,36.56,1,0,0,0,HYP-NORMAL,ALM-PANEL-TEMP
2026-07-09T09:00:00+00:00,324,1922,268.3,5.09,39.7,10.17,DSYA4_L1,48.38,1,,37.43,1,0,0,0,HYP-NORMAL,ALM-PANEL-TEMP
2026-07-09T09:15:00+00:00,325,1922,268.7,5.09,39.93,10.35,DSYA4_L1,50.75,1,,39.96,1,0,0,0,HYP-NORMAL,ALM-THR-TERM-WARN;ALM-PANEL-TEMP
2026-07-09T09:30:00+00:00,326,1905,269.1,5.12,40.16,10.53,DSYA4_L1,51.98,1,,40.01,1,0,0,20,HYP-LOOSE-CONN,ALM-THR-TERM-WARN;ALM-THR-PHASE-DIF;ALM-PANEL-TEMP
2026-07-09T09:45:00+00:00,327,1900,269.8,5.13,40.39,10.71,DSYA4_L1,50.91,1,,39.22,1,0,0,20,HYP-LOOSE-CONN,ALM-THR-TERM-WARN;ALM-THR-PHASE-DIF;ALM-PANEL-TEMP
2026-07-09T10:00:00+00:00,328,1900,269.4,5.13,40.62,10.88,DSYA4_L1,50.64,1,,39.05,1,0,0,20,HYP-LOOSE-CONN,ALM-THR-TERM-WARN;ALM-THR-PHASE-DIF;ALM-PANEL-TEMP
2026-07-09T10:15:00+00:00,329,1920,274.7,5.1,40.84,11.06,DSYA4_L1,50.3,1,,39.14,1,0,0,20,HYP-LOOSE-CONN,ALM-THR-TERM-WARN;ALM-THR-PHASE-DIF;ALM-PANEL-TEMP
2026-07-09T10:30:00+00:00,330,1932,277.7,5.09,41.06,11.23,DSYA4_L1,51.07,1,,39.48,1,0,0,20,HYP-LOOSE-CONN,ALM-THR-TERM-WARN;ALM-THR-PHASE-DIF;ALM-PANEL-TEMP
2026-07-09T10:45:00+00:00,331,1937,277.6,5.08,41.27,11.41,DSYA4_L1,52,1,,39.7,1,0,0,20,HYP-LOOSE-CONN,ALM-THR-TERM-WARN;ALM-THR-PHASE-DIF;ALM-PANEL-TEMP
2026-07-09T11:00:00+00:00,332,1954,278.7,5.05,41.47,11.57,DSYA4_L1,52.38,1,,40.19,1,0,0,20,HYP-LOOSE-CONN,ALM-THR-TERM-WARN;ALM-THR-PHASE-DIF;ALM-PANEL-TEMP
2026-07-09T11:15:00+00:00,333,1938,276.3,5.08,41.67,11.73,DSYA4_L1,53.38,1,,40.79,1,0,0,20,HYP-LOOSE-CONN,ALM-THR-TERM-WARN;ALM-THR-PHASE-DIF;ALM-PANEL-TEMP
2026-07-09T11:30:00+00:00,334,1934,277.6,5.09,41.86,11.89,DSYA4_L1,52.43,1,,40.85,1,0,0,20,HYP-LOOSE-CONN,ALM-THR-TERM-WARN;ALM-THR-PHASE-DIF;ALM-PANEL-TEMP
2026-07-09T11:45:00+00:00,335,1946,280.9,5.07,42.03,12.04,DSYA4_L1,52.75,1,,40.17,1,0,0,20,HYP-LOOSE-CONN,ALM-THR-TERM-WARN;ALM-THR-PHASE-DIF;ALM-PANEL-TEMP
2026-07-09T12:00:00+00:00,336,1942,278.1,5.07,42.2,12.18,DSYA4_L1,52.97,1,,40.71,1,0,0,20,HYP-LOOSE-CONN,ALM-THR-TERM-WARN;ALM-THR-PHASE-DIF;ALM-PANEL-TEMP
2026-07-09T12:15:00+00:00,337,1915,278.4,5.12,42.36,12.32,DSYA4_L1,52.5,1,,40.12,1,0,0,20,HYP-LOOSE-CONN,ALM-THR-TERM-WARN;ALM-THR-PHASE-DIF;ALM-PANEL-TEMP
2026-07-09T12:30:00+00:00,338,1890,276.1,5.16,42.51,12.45,DSYA3_L1,51.78,1,,39.55,1,0,0,20,HYP-LOOSE-CONN,ALM-THR-TERM-WARN;ALM-THR-PHASE-DIF;ALM-PANEL-TEMP
2026-07-09T12:45:00+00:00,339,1853,270.8,5.22,42.64,12.56,DSYA3_L1,50.94,1,,38.7,1,0,0,20,HYP-LOOSE-CONN,ALM-THR-TERM-WARN;ALM-THR-PHASE-DIF;ALM-PANEL-TEMP
2026-07-09T13:00:00+00:00,340,1827,267.9,5.26,42.77,12.67,DSYA3_L1,49.48,1,,37.16,1,0,0,20,HYP-LOOSE-CONN,ALM-THR-PHASE-DIF;ALM-PANEL-TEMP
2026-07-09T13:15:00+00:00,341,1840,267.7,5.24,42.87,12.76,DSYA3_L1,48.31,1,,36.13,1,0,0,20,HYP-LOOSE-CONN,ALM-THR-PHASE-DIF;ALM-PANEL-TEMP
2026-07-09T13:30:00+00:00,342,1869,270.4,5.19,42.97,12.85,DSYA4_L1,47.73,1,,36.39,1,0,0,20,HYP-LOOSE-CONN,ALM-THR-PHASE-DIF;ALM-PANEL-TEMP
2026-07-09T13:45:00+00:00,343,1878,269.5,5.17,43.05,12.92,DSYA4_L1,48.09,1,,37.22,1,0,0,20,HYP-LOOSE-CONN,ALM-THR-PHASE-DIF;ALM-PANEL-TEMP
2026-07-09T14:00:00+00:00,344,1902,274.6,5.14,43.12,12.98,DSYA4_L1,48.97,1,,37.84,1,0,0,20,HYP-LOOSE-CONN,ALM-THR-PHASE-DIF;ALM-PANEL-TEMP
2026-07-09T14:15:00+00:00,345,1931,277.5,5.09,43.17,13.03,DSYA4_L1,50.57,1,,38.51,1,0,0,20,HYP-LOOSE-CONN,ALM-THR-TERM-WARN;ALM-THR-PHASE-DIF;ALM-PANEL-TEMP
2026-07-09T14:30:00+00:00,346,1946,279.1,5.07,43.21,13.06,DSYA4_L1,51.78,1,,39.65,1,0,0,20,HYP-LOOSE-CONN,ALM-THR-TERM-WARN;ALM-THR-PHASE-DIF;ALM-PANEL-TEMP
2026-07-09T14:45:00+00:00,347,1970,284.1,5.03,43.23,13.08,DSYA4_L1,52.75,1,,40.02,1,0,0,20,HYP-LOOSE-CONN,ALM-THR-TERM-WARN;ALM-THR-PHASE-DIF;ALM-PANEL-TEMP
2026-07-09T15:00:00+00:00,348,1992,288,5,43.24,13.09,DSYA4_L1,53.6,1,,41.54,1,0,0,20,HYP-LOOSE-CONN,ALM-THR-TERM-WARN;ALM-THR-PHASE-DIF;ALM-PANEL-TEMP
2026-07-09T15:15:00+00:00,349,1976,286,5.02,43.23,13.08,DSYA4_L1,55.14,1,,41.94,1,0,0,20,HYP-LOOSE-CONN,ALM-THR-TERM-WARN;ALM-THR-PHASE-DIF;ALM-PANEL-TEMP
2026-07-09T15:30:00+00:00,350,1968,282.3,5.03,43.21,13.06,DSYA4_L1,55.05,1,,41.74,1,0,0,20,HYP-LOOSE-CONN,ALM-THR-TERM-WARN;ALM-THR-PHASE-DIF;ALM-PANEL-TEMP
2026-07-09T15:45:00+00:00,351,1981,285.1,5.01,43.17,13.03,DSYA4_L1,54.31,1,,41.66,1,0,0,20,HYP-LOOSE-CONN,ALM-THR-TERM-WARN;ALM-THR-PHASE-DIF;ALM-PANEL-TEMP
2026-07-09T16:00:00+00:00,352,1970,284.5,5.03,43.12,12.98,DSYA4_L1,55.26,1,,42.02,1,0,0,20,HYP-LOOSE-CONN,ALM-THR-TERM-WARN;ALM-THR-PHASE-DIF;ALM-PANEL-TEMP
2026-07-09T16:15:00+00:00,353,1960,283.1,5.05,43.05,12.92,DSYA4_L1,54.23,1,,41.34,1,0,0,20,HYP-LOOSE-CONN,ALM-THR-TERM-WARN;ALM-THR-PHASE-DIF;ALM-PANEL-TEMP
2026-07-09T16:30:00+00:00,354,1946,282.3,5.07,42.97,12.85,DSYA3_L1,54.03,1,,41.33,1,0,0,20,HYP-LOOSE-CONN,ALM-THR-TERM-WARN;ALM-THR-PHASE-DIF;ALM-PANEL-TEMP
2026-07-09T16:45:00+00:00,355,1945,282.6,5.07,42.87,12.76,DSYA3_L1,53.42,1,,40.56,1,0,0,20,HYP-LOOSE-CONN,ALM-THR-TERM-WARN;ALM-THR-PHASE-DIF;ALM-PANEL-TEMP
2026-07-09T17:00:00+00:00,356,1938,283.1,5.09,42.77,12.67,DSYA4_L1,53,1,,40.69,1,0,0,20,HYP-LOOSE-CONN,ALM-THR-TERM-WARN;ALM-THR-PHASE-DIF;ALM-PANEL-TEMP
2026-07-09T17:15:00+00:00,357,1918,280.5,5.12,42.64,12.56,DSYA4_L1,52.57,1,,39.81,1,0,0,20,HYP-LOOSE-CONN,ALM-THR-TERM-WARN;ALM-THR-PHASE-DIF;ALM-PANEL-TEMP
2026-07-09T17:30:00+00:00,358,1897,280.3,5.15,42.51,12.45,DSYA7_L1,51.74,1,,39.36,1,0,0,20,HYP-LOOSE-CONN,ALM-THR-TERM-WARN;ALM-THR-PHASE-DIF;ALM-PANEL-TEMP
2026-07-09T17:45:00+00:00,359,1871,278.5,5.2,42.36,12.32,DSYA3_L1,51.31,1,,38.5,1,0,0,20,HYP-LOOSE-CONN,ALM-THR-TERM-WARN;ALM-THR-PHASE-DIF;ALM-PANEL-TEMP
2026-07-09T18:00:00+00:00,360,1845,274.3,5.24,42.2,12.18,DSYA3_L1,50.37,1,,37.99,1,0,0,20,HYP-LOOSE-CONN,ALM-THR-TERM-WARN;ALM-THR-PHASE-DIF;ALM-PANEL-TEMP
2026-07-09T18:15:00+00:00,361,1829,272.8,5.26,42.03,12.04,DSYA7_L1,48.76,1,,36.05,1,0,0,20,HYP-LOOSE-CONN,ALM-THR-PHASE-DIF;ALM-PANEL-TEMP
2026-07-09T18:30:00+00:00,362,1804,270.3,5.3,41.86,11.89,DSYA3_L1,48.16,1,,35.83,1,0,0,20,HYP-LOOSE-CONN,ALM-THR-PHASE-DIF;ALM-PANEL-TEMP
2026-07-09T18:45:00+00:00,363,1779,265.3,5.34,41.67,11.73,DSYA3_L1,46.92,1,,35.15,1,0,0,20,HYP-LOOSE-CONN,ALM-THR-PHASE-DIF;ALM-PANEL-TEMP
2026-07-09T19:00:00+00:00,364,1749,262.4,5.39,41.47,11.57,DSYA3_L1,45.75,1,,34.35,1,0,0,20,HYP-LOOSE-CONN,ALM-THR-PHASE-DIF;ALM-PANEL-TEMP
2026-07-09T19:15:00+00:00,365,1768,263,5.36,41.27,11.41,DSYA7_L1,44.59,1,,32.88,1,0,0,20,HYP-LOOSE-CONN,ALM-THR-PHASE-DIF;ALM-PANEL-TEMP
2026-07-09T19:30:00+00:00,366,1787,264.2,5.32,41.06,11.23,DSYA3_L1,44.14,1,,33.28,1,0,0,20,HYP-LOOSE-CONN,ALM-THR-PHASE-DIF;ALM-PANEL-TEMP
2026-07-09T19:45:00+00:00,367,1789,264.6,5.32,40.84,11.06,DSYA4_L1,44.31,1,,34.37,1,0,0,20,HYP-LOOSE-CONN,ALM-THR-PHASE-DIF;ALM-PANEL-TEMP
2026-07-09T20:00:00+00:00,368,1815,268.9,5.28,40.62,10.88,DSYA4_L1,44.71,1,,34.19,1,0,0,0,HYP-NORMAL,ALM-PANEL-TEMP
2026-07-09T20:15:00+00:00,369,1804,268.5,5.3,40.39,10.71,DSYA4_L1,45.67,1,,34.89,1,0,0,20,HYP-LOOSE-CONN,ALM-THR-PHASE-DIF;ALM-PANEL-TEMP
2026-07-09T20:30:00+00:00,370,1780,267.4,5.34,40.16,10.53,DSYA4_L1,45.81,1,,34.65,1,0,0,20,HYP-LOOSE-CONN,ALM-THR-PHASE-DIF;ALM-PANEL-TEMP
2026-07-09T20:45:00+00:00,371,1751,262.6,5.39,39.93,10.35,DSYA3_L1,44.84,1,,33.94,1,0,0,20,HYP-LOOSE-CONN,ALM-THR-PHASE-DIF;ALM-PANEL-TEMP
2026-07-09T21:00:00+00:00,372,1728,260.3,5.42,39.7,10.17,DSYA3_L1,44.14,1,,33.13,1,0,0,0,HYP-NORMAL,ALM-PANEL-TEMP
2026-07-09T21:15:00+00:00,373,1658,253,5.54,39.47,10,DSYA3_L1,43.16,1,,32.07,1,0,0,20,HYP-LOOSE-CONN,ALM-THR-PHASE-DIF
2026-07-09T21:30:00+00:00,374,1600,245.9,5.63,39.24,9.83,DSYA3_L1,41.23,1,,29.98,1,0,0,0,HYP-NORMAL,
2026-07-09T21:45:00+00:00,375,1549,240.9,5.71,39.01,9.66,DSYA3_L1,38.56,1,,28.23,1,0,0,0,HYP-NORMAL,
2026-07-09T22:00:00+00:00,376,1484,232.1,5.82,38.79,9.49,DSYA3_L1,36.48,1,,26.02,1,0,0,0,HYP-NORMAL,
2026-07-09T22:15:00+00:00,377,1377,219.6,5.99,38.57,9.33,DSYA7_L1,34.05,1,,24.03,1,0,0,0,HYP-NORMAL,
2026-07-09T22:30:00+00:00,378,1270,205.8,6.16,38.35,9.18,DSYA3_L1,30.97,1,,21.23,1,0,0,0,HYP-NORMAL,
2026-07-09T22:45:00+00:00,379,1166,192.8,6.33,38.14,9.02,DSYA7_L1,27.59,1,,17.95,1,0,0,0,HYP-NORMAL,
2026-07-09T23:00:00+00:00,380,1061,179.3,6.5,37.94,8.88,DSYA3_L1,24.11,1,,15.23,1,0,0,0,HYP-NORMAL,
2026-07-09T23:15:00+00:00,381,960.9,164.2,6.66,37.74,8.74,DSYA3_L1,20.54,1,,12.63,1,0,0,0,HYP-NORMAL,
2026-07-09T23:30:00+00:00,382,868.4,149.5,6.81,37.55,8.61,DSYA3_L1,17.84,1,,10.6,1,0,0,0,HYP-NORMAL,
2026-07-09T23:45:00+00:00,383,767.8,134.2,6.97,37.37,8.49,DSYA3_L1,14.45,1,,8.79,1,0,0,0,HYP-NORMAL,
2026-07-10T00:00:00+00:00,384,667.6,117.6,7.13,37.29,8.43,DSYA7_L1,12.03,1,,6.92,1,0,0,0,HYP-NORMAL,
2026-07-10T00:15:00+00:00,385,652.4,114.8,7.15,37.13,8.32,DSYA3_L1,9.69,1,,5.42,1,0,0,0,HYP-NORMAL,
2026-07-10T00:30:00+00:00,386,637.9,112.4,7.18,36.99,8.22,DSYA7_L1,8.32,1,,4.66,1,0,0,0,HYP-NORMAL,
2026-07-10T00:45:00+00:00,387,620.7,109.3,7.2,36.85,8.13,DSYA3_L1,7.11,1,,4.24,1,0,0,0,HYP-NORMAL,
2026-07-10T01:00:00+00:00,388,609.3,107.9,7.22,36.73,8.05,DSYA7_L1,6.17,1,,4.06,1,0,0,0,HYP-NORMAL,
2026-07-10T01:15:00+00:00,389,597.9,106.2,7.24,36.62,7.98,DSYA3_L1,5.9,1,,4.04,1,0,0,0,HYP-NORMAL,
2026-07-10T01:30:00+00:00,390,586.4,104.6,7.26,36.53,7.91,DSYA7_L1,5.44,1,,3.88,1,0,0,0,HYP-NORMAL,
2026-07-10T01:45:00+00:00,391,574.1,103.1,7.28,36.44,7.86,DSYA3_L1,5.2,1,,3.97,1,0,0,0,HYP-NORMAL,
2026-07-10T02:00:00+00:00,392,566.5,101.6,7.29,36.38,7.82,DSYA7_L1,4.96,1,,3.42,1,0,0,0,HYP-NORMAL,
2026-07-10T02:15:00+00:00,393,564,101,7.3,36.32,7.78,DSYA3_L1,4.89,1,,3.36,1,0,0,0,HYP-NORMAL,
2026-07-10T02:30:00+00:00,394,561.9,100.9,7.3,36.29,7.76,DSYA7_L1,4.87,1,,3.06,1,0,0,0,HYP-NORMAL,
2026-07-10T02:45:00+00:00,395,560.2,100.3,7.3,36.26,7.74,DSYA3_L1,4.7,1,,3.43,1,0,0,0,HYP-NORMAL,
2026-07-10T03:00:00+00:00,396,556.1,99.3,7.31,36.26,7.74,DSYA4_L1,4.47,1,,3.05,1,0,0,0,HYP-NORMAL,
2026-07-10T03:15:00+00:00,397,556.6,99.8,7.31,36.26,7.74,DSYA7_L1,4.65,1,,3.63,1,0,0,0,HYP-NORMAL,
2026-07-10T03:30:00+00:00,398,559.8,100.9,7.3,36.29,7.76,DSYA3_L1,4.4,1,,3.09,1,0,0,0,HYP-NORMAL,
2026-07-10T03:45:00+00:00,399,557.9,100.2,7.31,36.32,7.78,DSYA3_L1,4.5,1,,3.29,1,0,0,0,HYP-NORMAL,
2026-07-10T04:00:00+00:00,400,556.8,99.7,7.31,36.38,7.82,DSYA4_L1,4.4,1,,3.51,1,0,0,0,HYP-NORMAL,
2026-07-10T04:15:00+00:00,401,567.2,101.2,7.29,36.44,7.86,DSYA3_L1,4.48,1,,3.26,1,0,0,0,HYP-NORMAL,
2026-07-10T04:30:00+00:00,402,578.4,103.1,7.27,36.53,7.91,DSYA3_L1,4.43,1,,3.65,1,0,0,0,HYP-NORMAL,
2026-07-10T04:45:00+00:00,403,588.6,105,7.26,36.62,7.98,DSYA4_L1,4.85,1,,3.26,1,0,0,0,HYP-NORMAL,
2026-07-10T05:00:00+00:00,404,604.2,107.1,7.23,36.73,8.05,DSYA7_L1,4.78,1,,3.45,1,0,0,0,HYP-NORMAL,
2026-07-10T05:15:00+00:00,405,649.5,115.4,7.16,36.85,8.13,DSYA4_L1,5.04,1,,3.63,1,0,0,0,HYP-NORMAL,
2026-07-10T05:30:00+00:00,406,695,123,7.09,36.99,8.22,DSYA4_L1,5.81,1,,4.43,1,0,0,0,HYP-NORMAL,
2026-07-10T05:45:00+00:00,407,735.8,129.1,7.02,37.13,8.32,DSYA4_L1,6.6,1,,5.02,1,0,0,0,HYP-NORMAL,
2026-07-10T06:00:00+00:00,408,782,136.3,6.95,37.29,8.43,DSYA4_L1,7.26,1,,5.77,1,0,0,0,HYP-NORMAL,
2026-07-10T06:15:00+00:00,409,911.8,155.4,6.74,37.46,8.55,DSYA4_L1,8.23,1,,6.18,1,0,0,0,HYP-NORMAL,
2026-07-10T06:30:00+00:00,410,1050,176.7,6.52,37.64,8.67,DSYA4_L1,10.56,1,,8.19,1,0,0,0,HYP-NORMAL,
2026-07-10T06:45:00+00:00,411,1180,195.1,6.31,37.83,8.8,DSYA4_L1,14.48,1,,10.81,1,0,0,0,HYP-NORMAL,
2026-07-10T07:00:00+00:00,412,1315,213.4,6.09,38.02,8.94,DSYA4_L1,18.31,1,,13.38,1,0,0,0,HYP-NORMAL,
2026-07-10T07:15:00+00:00,413,1449,230.3,5.88,38.23,9.09,DSYA4_L1,22.39,1,,16.98,1,0,0,0,HYP-NORMAL,
2026-07-10T07:30:00+00:00,414,1579,245.6,5.67,38.44,9.24,DSYA4_L1,28.09,1,,21.08,1,0,0,0,HYP-NORMAL,
2026-07-10T07:45:00+00:00,415,1714,260.5,5.45,38.65,9.39,DSYA4_L1,33.01,1,,25.2,1,0,0,0,HYP-NORMAL,
2026-07-10T08:00:00+00:00,416,1853,276.4,5.23,38.87,9.56,DSYA4_L1,39.19,1,,29.47,1,0,0,0,HYP-NORMAL,ALM-PANEL-TEMP
2026-07-10T08:15:00+00:00,417,1894,278.8,5.16,39.1,9.72,DSYA4_L1,45.84,1,,34.61,1,0,0,0,HYP-NORMAL,ALM-PANEL-TEMP
2026-07-10T08:30:00+00:00,418,1939,283.4,5.09,39.33,9.89,DSYA4_L1,49.28,1,,37.24,1,0,0,0,HYP-NORMAL,ALM-PANEL-TEMP
2026-07-10T08:45:00+00:00,419,1974,287.2,5.03,39.56,10.06,DSYA4_L1,51.38,1,,39.37,1,0,0,0,HYP-NORMAL,ALM-THR-TERM-WARN;ALM-PANEL-TEMP
2026-07-10T09:00:00+00:00,420,2026,296.7,4.95,39.79,10.24,DSYA4_L1,54.29,1,,40.78,1,0,0,20,HYP-LOOSE-CONN,ALM-THR-TERM-WARN;ALM-THR-PHASE-DIF;ALM-PANEL-TEMP
2026-07-10T09:15:00+00:00,421,2003,291.3,4.99,40.02,10.42,DSYA4_L1,56.51,1,,42.6,1,0,0,20,HYP-LOOSE-CONN,ALM-THR-TERM-WARN;ALM-THR-PHASE-DIF;ALM-PANEL-TEMP
2026-07-10T09:30:00+00:00,422,1988,290.9,5.01,40.25,10.6,DSYA4_L1,56.25,1,,42.69,1,0,0,20,HYP-LOOSE-CONN,ALM-THR-TERM-WARN;ALM-THR-PHASE-DIF;ALM-PANEL-TEMP
2026-07-10T09:45:00+00:00,423,1978,290.2,5.03,40.48,10.77,DSYA4_L1,55.75,1,,42.03,1,0,0,20,HYP-LOOSE-CONN,ALM-THR-TERM-WARN;ALM-THR-PHASE-DIF;ALM-PANEL-TEMP
2026-07-10T10:00:00+00:00,424,1972,289.4,5.04,40.7,10.95,DSYA4_L1,54.99,1,,41.55,1,0,0,20,HYP-LOOSE-CONN,ALM-THR-TERM-WARN;ALM-THR-PHASE-DIF;ALM-PANEL-TEMP
2026-07-10T10:15:00+00:00,425,1973,288.3,5.03,40.92,11.13,DSYA4_L1,54.62,1,,41.37,1,0,0,20,HYP-LOOSE-CONN,ALM-THR-TERM-WARN;ALM-THR-PHASE-DIF;ALM-PANEL-TEMP
2026-07-10T10:30:00+00:00,426,1978,288.5,5.02,41.14,11.3,DSYA4_L1,54.7,1,,41.24,1,0,0,20,HYP-LOOSE-CONN,ALM-THR-TERM-WARN;ALM-THR-PHASE-DIF;ALM-PANEL-TEMP
2026-07-10T10:45:00+00:00,427,1993,295.2,5.01,41.35,11.47,DSYA4_L1,54.61,1,,41.59,1,0,0,20,HYP-LOOSE-CONN,ALM-THR-TERM-WARN;ALM-THR-PHASE-DIF;ALM-PANEL-TEMP
2026-07-10T11:00:00+00:00,428,2011,300.8,4.98,41.55,11.64,DSYA4_L1,55.34,1,,42.02,1,0,0,20,HYP-LOOSE-CONN,ALM-THR-TERM-WARN;ALM-THR-PHASE-DIF;ALM-PANEL-TEMP
2026-07-10T11:15:00+00:00,429,1994,298.6,5.01,41.75,11.8,DSYA4_L1,55.75,1,,42.27,1,0,0,20,HYP-LOOSE-CONN,ALM-THR-TERM-WARN;ALM-THR-PHASE-DIF;ALM-PANEL-TEMP
2026-07-10T11:30:00+00:00,430,1987,299.1,5.02,41.94,11.96,DSYA4_L1,55.4,1,,41.59,1,0,0,20,HYP-LOOSE-CONN,ALM-THR-TERM-WARN;ALM-THR-PHASE-DIF;ALM-PANEL-TEMP
2026-07-10T11:45:00+00:00,431,1980,298.3,5.04,42.12,12.11,DSYA4_L1,55.24,1,,41.4,1,0,0,20,HYP-LOOSE-CONN,ALM-THR-TERM-WARN;ALM-THR-PHASE-DIF;ALM-PANEL-TEMP
2026-07-10T12:00:00+00:00,432,1988,298.2,5.02,42.29,12.25,DSYA3_L1,54.74,1,,41.3,1,0,0,20,HYP-LOOSE-CONN,ALM-THR-TERM-WARN;ALM-THR-PHASE-DIF;ALM-PANEL-TEMP
2026-07-10T12:15:00+00:00,433,1958,294.3,5.07,42.44,12.39,DSYA4_L1,55.32,1,,41.17,1,0,0,20,HYP-LOOSE-CONN,ALM-THR-TERM-WARN;ALM-THR-PHASE-DIF;ALM-PANEL-TEMP
2026-07-10T12:30:00+00:00,434,1922,289.7,5.13,42.59,12.52,DSYA3_L1,54.15,1,,40.43,1,0,0,20,HYP-LOOSE-CONN,ALM-THR-TERM-WARN;ALM-THR-PHASE-DIF;ALM-PANEL-TEMP
2026-07-10T12:45:00+00:00,435,1883,285.8,5.19,42.73,12.63,DSYA3_L1,53.13,1,,39.13,1,0,0,20,HYP-LOOSE-CONN,ALM-THR-TERM-WARN;ALM-THR-PHASE-DIF;ALM-PANEL-TEMP
2026-07-10T13:00:00+00:00,436,1854,281.4,5.23,42.85,12.74,DSYA3_L1,51.32,1,,37.78,1,0,0,20,HYP-LOOSE-CONN,ALM-THR-TERM-WARN;ALM-THR-PHASE-DIF;ALM-PANEL-TEMP
2026-07-10T13:15:00+00:00,437,1871,284.6,5.21,42.96,12.84,DSYA3_L1,49.66,1,,36.49,1,0,0,20,HYP-LOOSE-CONN,ALM-THR-PHASE-DIF;ALM-PANEL-TEMP
2026-07-10T13:30:00+00:00,438,1878,287.8,5.2,43.05,12.92,DSYA3_L1,49.44,1,,36.38,1,0,0,20,HYP-LOOSE-CONN,ALM-THR-PHASE-DIF;ALM-PANEL-TEMP
2026-07-10T13:45:00+00:00,439,1888,290.7,5.19,43.13,12.99,DSYA4_L1,49.19,1,,36.8,1,0,0,20,HYP-LOOSE-CONN,ALM-THR-PHASE-DIF;ALM-PANEL-TEMP
2026-07-10T14:00:00+00:00,440,1890,289.8,5.18,43.2,13.05,DSYA4_L1,49.82,1,,37.32,1,0,0,20,HYP-LOOSE-CONN,ALM-THR-PHASE-DIF;ALM-PANEL-TEMP
2026-07-10T14:15:00+00:00,441,1920,296.5,5.14,43.25,13.1,DSYA4_L1,49.58,1,,37.33,1,0,0,20,HYP-LOOSE-CONN,ALM-THR-PHASE-DIF;ALM-PANEL-TEMP
2026-07-10T14:30:00+00:00,442,1943,299.1,5.1,43.29,13.13,DSYA4_L1,51.35,1,,37.81,1,0,0,20,HYP-LOOSE-CONN,ALM-THR-TERM-WARN;ALM-THR-PHASE-DIF;ALM-PANEL-TEMP
2026-07-10T14:45:00+00:00,443,1965,299.9,5.06,43.31,13.15,DSYA4_L1,52.52,1,,38.64,1,0,0,20,HYP-LOOSE-CONN,ALM-THR-TERM-WARN;ALM-THR-PHASE-DIF;ALM-PANEL-TEMP
2026-07-10T15:00:00+00:00,444,1983,299.3,5.03,43.32,13.16,DSYA4_L1,54.02,1,,39.56,1,0,0,20,HYP-LOOSE-CONN,ALM-THR-TERM-WARN;ALM-THR-PHASE-DIF;ALM-PANEL-TEMP
2026-07-10T15:15:00+00:00,445,1988,300.8,5.03,43.31,13.15,DSYA4_L1,54.83,1,,40.94,1,0,0,20,HYP-LOOSE-CONN,ALM-THR-TERM-WARN;ALM-THR-PHASE-DIF;ALM-PANEL-TEMP
2026-07-10T15:30:00+00:00,446,1997,301.3,5.01,43.29,13.13,DSYA4_L1,54.87,1,,41.44,1,0,0,20,HYP-LOOSE-CONN,ALM-THR-TERM-WARN;ALM-THR-PHASE-DIF;ALM-PANEL-TEMP
2026-07-10T15:45:00+00:00,447,1989,298.1,5.02,43.25,13.1,DSYA4_L1,55.64,1,,41.59,1,0,0,20,HYP-LOOSE-CONN,ALM-THR-TERM-WARN;ALM-THR-PHASE-DIF;ALM-PANEL-TEMP
2026-07-10T16:00:00+00:00,448,1974,295.4,5.04,43.2,13.05,DSYA4_L1,55.45,1,,41.8,1,0,0,20,HYP-LOOSE-CONN,ALM-THR-TERM-WARN;ALM-THR-PHASE-DIF;ALM-PANEL-TEMP
2026-07-10T16:15:00+00:00,449,1970,295.3,5.05,43.13,12.99,DSYA4_L1,54.89,1,,40.93,1,0,0,20,HYP-LOOSE-CONN,ALM-THR-TERM-WARN;ALM-THR-PHASE-DIF;ALM-PANEL-TEMP
2026-07-10T16:30:00+00:00,450,1979,297.1,5.04,43.05,12.92,DSYA4_L1,54.41,1,,40.62,1,0,0,20,HYP-LOOSE-CONN,ALM-THR-TERM-WARN;ALM-THR-PHASE-DIF;ALM-PANEL-TEMP
2026-07-10T16:45:00+00:00,451,1977,297.8,5.04,42.96,12.84,DSYA4_L1,54.72,1,,41.13,1,0,0,20,HYP-LOOSE-CONN,ALM-THR-TERM-WARN;ALM-THR-PHASE-DIF;ALM-PANEL-TEMP
2026-07-10T17:00:00+00:00,452,1982,301.5,5.04,42.85,12.74,DSYA4_L1,54.73,1,,41.03,1,0,0,20,HYP-LOOSE-CONN,ALM-THR-TERM-WARN;ALM-THR-PHASE-DIF;ALM-PANEL-TEMP
2026-07-10T17:15:00+00:00,453,1947,297.8,5.09,42.73,12.63,DSYA4_L1,54.6,1,,41.09,1,0,0,20,HYP-LOOSE-CONN,ALM-THR-TERM-WARN;ALM-THR-PHASE-DIF;ALM-PANEL-TEMP
2026-07-10T17:30:00+00:00,454,1922,292.5,5.13,42.59,12.52,DSYA7_L1,53.68,1,,39.92,1,0,0,20,HYP-LOOSE-CONN,ALM-THR-TERM-WARN;ALM-THR-PHASE-DIF;ALM-PANEL-TEMP
2026-07-10T17:45:00+00:00,455,1894,287.9,5.17,42.44,12.39,DSYA3_L1,52.42,1,,38.88,1,0,0,20,HYP-LOOSE-CONN,ALM-THR-TERM-WARN;ALM-THR-PHASE-DIF;ALM-PANEL-TEMP
2026-07-10T18:00:00+00:00,456,1855,286.3,5.24,42.29,12.25,DSYA7_L1,51.42,1,,37.87,1,0,0,20,HYP-LOOSE-CONN,ALM-THR-TERM-WARN;ALM-THR-PHASE-DIF;ALM-PANEL-TEMP
2026-07-10T18:15:00+00:00,457,1834,284.3,5.27,42.12,12.11,DSYA3_L1,50.15,1,,36.38,1,0,0,20,HYP-LOOSE-CONN,ALM-THR-TERM-WARN;ALM-THR-PHASE-DIF;ALM-PANEL-TEMP
2026-07-10T18:30:00+00:00,458,1816,282.5,5.3,41.94,11.96,DSYA3_L1,48.64,1,,35.61,1,0,0,20,HYP-LOOSE-CONN,ALM-THR-PHASE-DIF;ALM-PANEL-TEMP
2026-07-10T18:45:00+00:00,459,1770,277.3,5.38,41.75,11.8,DSYA3_L1,47.46,1,,34.44,1,0,0,20,HYP-LOOSE-CONN,ALM-THR-PHASE-DIF;ALM-PANEL-TEMP
2026-07-10T19:00:00+00:00,460,1759,274.9,5.39,41.55,11.64,DSYA3_L1,45.8,1,,32.85,1,0,0,20,HYP-LOOSE-CONN,ALM-THR-PHASE-DIF;ALM-PANEL-TEMP
2026-07-10T19:15:00+00:00,461,1764,273.8,5.38,41.35,11.47,DSYA7_L1,44.78,1,,32.87,1,0,0,20,HYP-LOOSE-CONN,ALM-THR-PHASE-DIF;ALM-PANEL-TEMP
2026-07-10T19:30:00+00:00,462,1778,275.9,5.36,41.14,11.3,DSYA3_L1,44.2,1,,32.84,1,0,0,20,HYP-LOOSE-CONN,ALM-THR-PHASE-DIF;ALM-PANEL-TEMP
2026-07-10T19:45:00+00:00,463,1774,275.2,5.37,40.92,11.13,DSYA3_L1,44.34,1,,32.55,1,0,0,20,HYP-LOOSE-CONN,ALM-THR-PHASE-DIF;ALM-PANEL-TEMP
2026-07-10T20:00:00+00:00,464,1788,278.4,5.35,40.7,10.95,DSYA4_L1,44.07,1,,32.84,1,0,0,20,HYP-LOOSE-CONN,ALM-THR-PHASE-DIF;ALM-PANEL-TEMP
2026-07-10T20:15:00+00:00,465,1760,274.8,5.39,40.48,10.77,DSYA4_L1,44.45,1,,33.28,1,0,0,20,HYP-LOOSE-CONN,ALM-THR-PHASE-DIF;ALM-PANEL-TEMP
2026-07-10T20:30:00+00:00,466,1727,268.1,5.44,40.25,10.6,DSYA3_L1,43.65,1,,32.38,1,0,0,20,HYP-LOOSE-CONN,ALM-THR-PHASE-DIF;ALM-PANEL-TEMP
2026-07-10T20:45:00+00:00,467,1702,262.2,5.47,40.02,10.42,DSYA7_L1,42.81,1,,31.72,1,0,0,20,HYP-LOOSE-CONN,ALM-THR-PHASE-DIF;ALM-PANEL-TEMP
2026-07-10T21:00:00+00:00,468,1674,258.2,5.52,39.79,10.24,DSYA3_L1,41.97,1,,30.75,1,0,0,20,HYP-LOOSE-CONN,ALM-THR-PHASE-DIF;ALM-PANEL-TEMP
2026-07-10T21:15:00+00:00,469,1610,250,5.62,39.56,10.06,DSYA3_L1,40.46,1,,30.2,1,0,0,0,HYP-NORMAL,
2026-07-10T21:30:00+00:00,470,1558,244.3,5.7,39.33,9.89,DSYA3_L1,38.65,1,,28.33,1,0,0,0,HYP-NORMAL,
2026-07-10T21:45:00+00:00,471,1503,235.8,5.79,39.1,9.72,DSYA3_L1,36.72,1,,26.29,1,0,0,0,HYP-NORMAL,
2026-07-10T22:00:00+00:00,472,1434,228,5.9,38.87,9.56,DSYA7_L1,34.42,1,,24.57,1,0,0,0,HYP-NORMAL,
2026-07-10T22:15:00+00:00,473,1331,214.2,6.06,38.65,9.39,DSYA3_L1,31.93,1,,22.35,1,0,0,0,HYP-NORMAL,
2026-07-10T22:30:00+00:00,474,1234,201.8,6.22,38.44,9.24,DSYA7_L1,29.02,1,,19.38,1,0,0,0,HYP-NORMAL,
2026-07-10T22:45:00+00:00,475,1129,187.1,6.39,38.23,9.09,DSYA3_L1,25.89,1,,17.04,1,0,0,0,HYP-NORMAL,
2026-07-10T23:00:00+00:00,476,1025,172.7,6.56,38.02,8.94,DSYA3_L1,22.47,1,,14.23,1,0,0,0,HYP-NORMAL,
2026-07-10T23:15:00+00:00,477,950.7,162.5,6.68,37.83,8.8,DSYA7_L1,19.31,1,,11.88,1,0,0,0,HYP-NORMAL,
2026-07-10T23:30:00+00:00,478,871.3,151.7,6.81,37.64,8.67,DSYA3_L1,16.98,1,,10.13,1,0,0,0,HYP-NORMAL,
2026-07-10T23:45:00+00:00,479,785.6,138,6.94,37.46,8.55,DSYA7_L1,14.2,1,,8.73,1,0,0,0,HYP-NORMAL,
2026-07-11T00:00:00+00:00,480,704.7,124.8,7.07,37.37,8.49,DSYA7_L1,11.89,1,,7.27,1,0,0,0,HYP-NORMAL,
2026-07-11T00:15:00+00:00,481,682.1,121.8,7.11,37.22,8.38,DSYA7_L1,10.25,1,,5.76,1,0,0,0,HYP-NORMAL,
2026-07-11T00:30:00+00:00,482,664.1,118.5,7.14,37.07,8.28,DSYA3_L1,8.6,1,,5.04,1,0,0,0,HYP-NORMAL,
2026-07-11T00:45:00+00:00,483,644.8,114.9,7.17,36.94,8.19,DSYA3_L1,7.76,1,,4.89,1,0,0,0,HYP-NORMAL,
2026-07-11T01:00:00+00:00,484,626.7,111.3,7.19,36.81,8.11,DSYA7_L1,6.81,1,,4.5,1,0,0,0,HYP-NORMAL,
2026-07-11T01:15:00+00:00,485,619.7,110.4,7.21,36.71,8.03,DSYA7_L1,6.24,1,,4.42,1,0,0,0,HYP-NORMAL,
2026-07-11T01:30:00+00:00,486,599.8,107.4,7.24,36.61,7.97,DSYA7_L1,6.21,1,,3.88,1,0,0,0,HYP-NORMAL,
2026-07-11T01:45:00+00:00,487,586.1,105.1,7.26,36.53,7.92,DSYA1_L1,5.52,1,,3.86,1,0,0,0,HYP-NORMAL,
2026-07-11T02:00:00+00:00,488,575.7,103.7,7.28,36.46,7.87,DSYA7_L1,5.31,1,,3.39,1,0,0,0,HYP-NORMAL,
2026-07-11T02:15:00+00:00,489,570.3,102.6,7.29,36.41,7.84,DSYA3_L1,4.9,1,,3.81,1,0,0,0,HYP-NORMAL,
2026-07-11T02:30:00+00:00,490,562.9,101.4,7.3,36.37,7.81,DSYA4_L1,4.85,1,,3.5,1,0,0,0,HYP-NORMAL,
2026-07-11T02:45:00+00:00,491,553.1,98.7,7.31,36.35,7.8,DSYA4_L1,4.51,1,,3.3,1,0,0,0,HYP-NORMAL,
2026-07-11T03:00:00+00:00,492,547.1,97.7,7.32,36.34,7.79,DSYA7_L1,4.63,1,,3.37,1,0,0,0,HYP-NORMAL,
2026-07-11T03:15:00+00:00,493,546.4,97.5,7.32,36.35,7.8,DSYA3_L1,4.29,1,,3.03,1,0,0,0,HYP-NORMAL,
2026-07-11T03:30:00+00:00,494,546.2,97.8,7.32,36.37,7.81,DSYA7_L1,4.46,1,,3.46,1,0,0,0,HYP-NORMAL,
2026-07-11T03:45:00+00:00,495,540.2,96.8,7.33,36.41,7.84,DSYA7_L1,4.46,1,,3.13,1,0,0,0,HYP-NORMAL,
2026-07-11T04:00:00+00:00,496,538.4,96.6,7.34,36.46,7.87,DSYA4_L1,4.13,1,,2.99,1,0,0,0,HYP-NORMAL,
2026-07-11T04:15:00+00:00,497,537.8,96.6,7.34,36.53,7.92,DSYA4_L1,3.99,1,,3.24,1,0,0,0,HYP-NORMAL,
2026-07-11T04:30:00+00:00,498,541,97.1,7.33,36.61,7.97,DSYA3_L1,4.2,1,,3.14,1,0,0,0,HYP-NORMAL,
2026-07-11T04:45:00+00:00,499,549.3,98.7,7.32,36.71,8.03,DSYA3_L1,4.34,1,,3.3,1,0,0,0,HYP-NORMAL,
2026-07-11T05:00:00+00:00,500,555.2,99.2,7.31,36.81,8.11,DSYA3_L1,4.18,1,,2.99,1,0,0,0,HYP-NORMAL,
2026-07-11T05:15:00+00:00,501,574.1,102.3,7.28,36.94,8.19,DSYA3_L1,4.51,1,,3.22,1,0,0,0,HYP-NORMAL,
2026-07-11T05:30:00+00:00,502,593.1,105.8,7.25,37.07,8.28,DSYA4_L1,4.44,1,,3.46,1,0,0,0,HYP-NORMAL,
2026-07-11T05:45:00+00:00,503,610.3,108.4,7.22,37.22,8.38,DSYA7_L1,4.93,1,,3.89,1,0,0,0,HYP-NORMAL,
2026-07-11T06:00:00+00:00,504,629.2,111.6,7.19,37.37,8.49,DSYA4_L1,5.32,1,,3.69,1,0,0,0,HYP-NORMAL,
2026-07-11T06:15:00+00:00,505,670.9,118,7.12,37.54,8.61,DSYA4_L1,5.31,1,,4.15,1,0,0,0,HYP-NORMAL,
2026-07-11T06:30:00+00:00,506,706.1,123.2,7.07,37.72,8.73,DSYA4_L1,6.16,1,,4.59,1,0,0,0,HYP-NORMAL,
2026-07-11T06:45:00+00:00,507,747.9,129.8,7,37.91,8.86,DSYA4_L1,6.7,1,,5.46,1,0,0,0,HYP-NORMAL,
2026-07-11T07:00:00+00:00,508,792.9,137.5,6.93,38.11,9,DSYA4_L1,7.66,1,,5.96,1,0,0,0,HYP-NORMAL,
2026-07-11T07:15:00+00:00,509,860.4,148.1,6.82,38.31,9.15,DSYA4_L1,8.71,1,,6.76,1,0,0,0,HYP-NORMAL,
2026-07-11T07:30:00+00:00,510,928.5,159.3,6.71,38.52,9.3,DSYA4_L1,10,1,,7.46,1,0,0,0,HYP-NORMAL,
2026-07-11T07:45:00+00:00,511,1001,169.5,6.6,38.74,9.45,DSYA4_L1,11.76,1,,8.95,1,0,0,0,HYP-NORMAL,
2026-07-11T08:00:00+00:00,512,1069,181,6.49,38.96,9.62,DSYA4_L1,13.47,1,,10.01,1,0,0,0,HYP-NORMAL,
2026-07-11T08:15:00+00:00,513,1115,187.6,6.42,39.18,9.78,DSYA4_L1,15.13,1,,11.92,1,0,0,0,HYP-NORMAL,
2026-07-11T08:30:00+00:00,514,1174,195.2,6.32,39.41,9.95,DSYA4_L1,17.16,1,,12.88,1,0,0,0,HYP-NORMAL,
2026-07-11T08:45:00+00:00,515,1238,202.5,6.22,39.64,10.13,DSYA4_L1,18.64,1,,13.99,1,0,0,0,HYP-NORMAL,
2026-07-11T09:00:00+00:00,516,1296,210.4,6.12,39.87,10.3,DSYA4_L1,20.67,1,,15.74,1,0,0,0,HYP-NORMAL,
2026-07-11T09:15:00+00:00,517,1323,213.7,6.08,40.1,10.48,DSYA4_L1,22.55,1,,17.03,1,0,0,0,HYP-NORMAL,
2026-07-11T09:30:00+00:00,518,1343,217.1,6.05,40.33,10.66,DSYA4_L1,24.44,1,,17.98,1,0,0,0,HYP-NORMAL,
2026-07-11T09:45:00+00:00,519,1378,223.7,6,40.56,10.84,DSYA4_L1,24.85,1,,19.04,1,0,0,0,HYP-NORMAL,
2026-07-11T10:00:00+00:00,520,1408,229.9,5.95,40.78,11.01,DSYA4_L1,25.87,1,,19.62,1,0,0,0,HYP-NORMAL,
2026-07-11T10:15:00+00:00,521,1416,230.6,5.94,41,11.19,DSYA4_L1,27.2,1,,20.57,1,0,0,0,HYP-NORMAL,ALM-PANEL-TEMP
2026-07-11T10:30:00+00:00,522,1413,231.5,5.95,41.22,11.37,DSYA4_L1,28.17,1,,20.78,1,0,0,0,HYP-NORMAL,ALM-PANEL-TEMP
2026-07-11T10:45:00+00:00,523,1415,231.1,5.94,41.43,11.54,DSYA4_L1,27.92,1,,20.4,1,0,0,0,HYP-NORMAL,ALM-PANEL-TEMP
2026-07-11T11:00:00+00:00,524,1416,231.7,5.94,41.63,11.71,DSYA4_L1,27.95,1,,20.67,1,0,0,0,HYP-NORMAL,ALM-PANEL-TEMP
2026-07-11T11:15:00+00:00,525,1403,228.2,5.96,41.83,11.87,DSYA4_L1,27.94,1,,20.75,1,0,0,0,HYP-NORMAL,ALM-PANEL-TEMP
2026-07-11T11:30:00+00:00,526,1399,226,5.96,42.02,12.03,DSYA4_L1,27.95,1,,20.98,1,0,0,0,HYP-NORMAL,ALM-PANEL-TEMP
2026-07-11T11:45:00+00:00,527,1390,223.3,5.97,42.2,12.18,DSYA4_L1,27.55,1,,20.37,1,0,0,0,HYP-NORMAL,ALM-PANEL-TEMP
2026-07-11T12:00:00+00:00,528,1396,223.6,5.96,42.36,12.32,DSYA4_L1,27.25,1,,20.35,1,0,0,0,HYP-NORMAL,ALM-PANEL-TEMP
2026-07-11T12:15:00+00:00,529,1377,223.3,6,42.52,12.46,DSYA4_L1,27.08,1,,20.89,1,0,0,0,HYP-NORMAL,ALM-PANEL-TEMP
2026-07-11T12:30:00+00:00,530,1349,219.5,6.04,42.67,12.58,DSYA3_L1,26.76,1,,20.03,1,0,0,0,HYP-NORMAL,ALM-PANEL-TEMP
2026-07-11T12:45:00+00:00,531,1342,219.1,6.05,42.8,12.7,DSYA7_L1,26.38,1,,19.38,1,0,0,0,HYP-NORMAL,ALM-PANEL-TEMP
2026-07-11T13:00:00+00:00,532,1325,216.7,6.08,42.93,12.81,DSYA3_L1,25.83,1,,18.85,1,0,0,0,HYP-NORMAL,ALM-PANEL-TEMP
2026-07-11T13:15:00+00:00,533,1320,216.9,6.09,43.03,12.9,DSYA3_L1,25.12,1,,18.67,1,0,0,0,HYP-NORMAL,ALM-PANEL-TEMP
2026-07-11T13:30:00+00:00,534,1291,212.7,6.14,43.13,12.99,DSYA7_L1,24.83,1,,18.41,1,0,0,0,HYP-NORMAL,ALM-PANEL-TEMP
2026-07-11T13:45:00+00:00,535,1272,208.6,6.16,43.21,13.06,DSYA7_L1,24.05,1,,17.53,1,0,0,0,HYP-NORMAL,ALM-PANEL-TEMP
2026-07-11T14:00:00+00:00,536,1242,204.1,6.21,43.28,13.12,DSYA3_L1,23.67,1,,16.97,1,0,0,0,HYP-NORMAL,ALM-PANEL-TEMP
2026-07-11T14:15:00+00:00,537,1229,203,6.23,43.33,13.17,DSYA3_L1,22.47,1,,16.3,1,0,0,0,HYP-NORMAL,ALM-PANEL-TEMP
2026-07-11T14:30:00+00:00,538,1215,201.1,6.26,43.37,13.2,DSYA3_L1,22.02,1,,16.08,1,0,0,0,HYP-NORMAL,ALM-PANEL-TEMP
2026-07-11T14:45:00+00:00,539,1215,202.2,6.26,43.39,13.22,DSYA3_L1,21.68,1,,15.72,1,0,0,0,HYP-NORMAL,ALM-PANEL-TEMP
2026-07-11T15:00:00+00:00,540,1198,200.2,6.29,43.4,13.23,DSYA3_L1,21.17,1,,15.69,1,0,0,0,HYP-NORMAL,ALM-PANEL-TEMP
2026-07-11T15:15:00+00:00,541,1196,198.8,6.29,43.39,13.22,DSYA3_L1,20.59,1,,15.05,1,0,0,0,HYP-NORMAL,ALM-PANEL-TEMP
2026-07-11T15:30:00+00:00,542,1201,199.9,6.28,43.37,13.2,DSYA3_L1,20.33,1,,14.96,1,0,0,0,HYP-NORMAL,ALM-PANEL-TEMP
2026-07-11T15:45:00+00:00,543,1204,200.7,6.27,43.33,13.17,DSYA4_L1,20.41,1,,15.12,1,0,0,0,HYP-NORMAL,ALM-PANEL-TEMP
2026-07-11T16:00:00+00:00,544,1203,199.8,6.27,43.28,13.12,DSYA4_L1,20.41,1,,14.88,1,0,0,0,HYP-NORMAL,ALM-PANEL-TEMP
2026-07-11T16:15:00+00:00,545,1204,199.7,6.27,43.21,13.06,DSYA4_L1,20.41,1,,15.39,1,0,0,0,HYP-NORMAL,ALM-PANEL-TEMP
2026-07-11T16:30:00+00:00,546,1219,200.7,6.25,43.13,12.99,DSYA7_L1,20.06,1,,15.44,1,0,0,0,HYP-NORMAL,ALM-PANEL-TEMP
2026-07-11T16:45:00+00:00,547,1231,201.4,6.23,43.03,12.9,DSYA4_L1,20.59,1,,15.58,1,0,0,0,HYP-NORMAL,ALM-PANEL-TEMP
2026-07-11T17:00:00+00:00,548,1257,206.2,6.19,42.93,12.81,DSYA3_L1,20.85,1,,15.86,1,0,0,0,HYP-NORMAL,ALM-PANEL-TEMP
2026-07-11T17:15:00+00:00,549,1292,211.3,6.13,42.8,12.7,DSYA4_L1,21.83,1,,16.54,1,0,0,0,HYP-NORMAL,ALM-PANEL-TEMP
2026-07-11T17:30:00+00:00,550,1328,216.8,6.08,42.67,12.58,DSYA4_L1,22.97,1,,17.15,1,0,0,0,HYP-NORMAL,ALM-PANEL-TEMP
2026-07-11T17:45:00+00:00,551,1369,221,6.01,42.52,12.46,DSYA4_L1,24.13,1,,18.28,1,0,0,0,HYP-NORMAL,ALM-PANEL-TEMP
2026-07-11T18:00:00+00:00,552,1409,225.4,5.94,42.36,12.32,DSYA4_L1,25.99,1,,19.34,1,0,0,0,HYP-NORMAL,ALM-PANEL-TEMP
2026-07-11T18:15:00+00:00,553,1436,228,5.9,42.2,12.18,DSYA4_L1,27.24,1,,20.2,1,0,0,0,HYP-NORMAL,ALM-PANEL-TEMP
2026-07-11T18:30:00+00:00,554,1460,229.3,5.86,42.02,12.03,DSYA4_L1,28.35,1,,21.43,1,0,0,0,HYP-NORMAL,ALM-PANEL-TEMP
2026-07-11T18:45:00+00:00,555,1496,233.2,5.8,41.83,11.87,DSYA4_L1,29.69,1,,22.43,1,0,0,0,HYP-NORMAL,ALM-PANEL-TEMP
2026-07-11T19:00:00+00:00,556,1538,239.2,5.73,41.63,11.71,DSYA4_L1,30.95,1,,23.18,1,0,0,0,HYP-NORMAL,ALM-PANEL-TEMP
2026-07-11T19:15:00+00:00,557,1554,239.4,5.7,41.43,11.54,DSYA4_L1,32.54,1,,24.61,1,0,0,0,HYP-NORMAL,ALM-PANEL-TEMP
2026-07-11T19:30:00+00:00,558,1562,239.7,5.69,41.22,11.37,DSYA4_L1,33.65,1,,25.52,1,0,0,0,HYP-NORMAL,ALM-PANEL-TEMP
2026-07-11T19:45:00+00:00,559,1586,241.8,5.65,41,11.19,DSYA4_L1,34.16,1,,25.82,1,0,0,0,HYP-NORMAL,ALM-PANEL-TEMP
2026-07-11T20:00:00+00:00,560,1607,246,5.62,40.78,11.01,DSYA4_L1,34.93,1,,26.69,1,0,0,0,HYP-NORMAL,ALM-PANEL-TEMP
2026-07-11T20:15:00+00:00,561,1587,242.9,5.65,40.56,10.84,DSYA4_L1,35.75,1,,27.47,1,0,0,0,HYP-NORMAL,ALM-PANEL-TEMP
2026-07-11T20:30:00+00:00,562,1566,240.9,5.68,40.33,10.66,DSYA4_L1,35.32,1,,27.04,1,0,0,0,HYP-NORMAL,ALM-PANEL-TEMP
2026-07-11T20:45:00+00:00,563,1548,239,5.71,40.1,10.48,DSYA4_L1,34.44,1,,26.49,1,0,0,0,HYP-NORMAL,
2026-07-11T21:00:00+00:00,564,1528,238.2,5.75,39.87,10.3,DSYA3_L1,33.81,1,,25.6,1,0,0,0,HYP-NORMAL,
2026-07-11T21:15:00+00:00,565,1487,232,5.81,39.64,10.13,DSYA3_L1,33.2,1,,25.17,1,0,0,0,HYP-NORMAL,
2026-07-11T21:30:00+00:00,566,1446,227.2,5.88,39.41,9.95,DSYA7_L1,32.38,1,,24.08,1,0,0,0,HYP-NORMAL,
2026-07-11T21:45:00+00:00,567,1406,221.9,5.94,39.18,9.78,DSYA7_L1,31.01,1,,23.09,1,0,0,0,HYP-NORMAL,
2026-07-11T22:00:00+00:00,568,1378,219.3,5.99,38.96,9.62,DSYA3_L1,29.37,1,,21.47,1,0,0,0,HYP-NORMAL,
2026-07-11T22:15:00+00:00,569,1298,209.8,6.12,38.74,9.45,DSYA3_L1,28.21,1,,20.54,1,0,0,0,HYP-NORMAL,
2026-07-11T22:30:00+00:00,570,1212,199,6.26,38.52,9.3,DSYA3_L1,26.4,1,,18.27,1,0,0,0,HYP-NORMAL,
2026-07-11T22:45:00+00:00,571,1131,188,6.39,38.31,9.15,DSYA7_L1,23.66,1,,16.68,1,0,0,0,HYP-NORMAL,
2026-07-11T23:00:00+00:00,572,1054,175.9,6.51,38.11,9,DSYA7_L1,21.36,1,,14.24,1,0,0,0,HYP-NORMAL,
2026-07-11T23:15:00+00:00,573,950.9,161.3,6.67,37.91,8.86,DSYA3_L1,19.2,1,,12.53,1,0,0,0,HYP-NORMAL,
2026-07-11T23:30:00+00:00,574,853,146.1,6.83,37.72,8.73,DSYA7_L1,16.21,1,,10.52,1,0,0,0,HYP-NORMAL,
2026-07-11T23:45:00+00:00,575,763.1,131.7,6.97,37.54,8.61,DSYA3_L1,13.72,1,,8.32,1,0,0,0,HYP-NORMAL,
2026-07-12T00:00:00+00:00,576,667,116.8,7.13,37.45,8.54,DSYA7_L1,11.53,1,,6.45,1,0,0,0,HYP-NORMAL,
2026-07-12T00:15:00+00:00,577,652.1,115,7.15,37.3,8.43,DSYA7_L1,9.48,1,,5.8,1,0,0,0,HYP-NORMAL,
2026-07-12T00:30:00+00:00,578,637.9,112.7,7.18,37.15,8.33,DSYA7_L1,8.29,1,,4.63,1,0,0,0,HYP-NORMAL,
2026-07-12T00:45:00+00:00,579,623.4,109.7,7.2,37.01,8.24,DSYA3_L1,6.95,1,,4.33,1,0,0,0,HYP-NORMAL,
2026-07-12T01:00:00+00:00,580,605,106.1,7.23,36.89,8.16,DSYA3_L1,6.53,1,,4.09,1,0,0,0,HYP-NORMAL,
2026-07-12T01:15:00+00:00,581,591.6,104,7.25,36.78,8.09,DSYA1_L1,5.98,1,,3.94,1,0,0,0,HYP-NORMAL,
2026-07-12T01:30:00+00:00,582,576.7,101.5,7.27,36.69,8.02,DSYA3_L1,5.63,1,,4.14,1,0,0,0,HYP-NORMAL,
2026-07-12T01:45:00+00:00,583,564.4,99.5,7.29,36.61,7.97,DSYA3_L1,5.66,1,,3.88,1,0,0,0,HYP-NORMAL,
2026-07-12T02:00:00+00:00,584,554.3,97.4,7.31,36.54,7.92,DSYA3_L1,4.6,1,,3.25,1,0,0,0,HYP-NORMAL,
2026-07-12T02:15:00+00:00,585,544.2,95.7,7.32,36.49,7.89,DSYA7_L1,4.81,1,,3.34,1,0,0,0,HYP-NORMAL,
2026-07-12T02:30:00+00:00,586,535.1,94.1,7.34,36.45,7.86,DSYA7_L1,4.72,1,,3.3,1,0,0,0,HYP-NORMAL,
2026-07-12T02:45:00+00:00,587,526.5,92.6,7.35,36.43,7.85,DSYA3_L1,4.53,1,,2.97,1,0,0,0,HYP-NORMAL,
2026-07-12T03:00:00+00:00,588,518.3,91,7.36,36.42,7.84,DSYA3_L1,4.27,1,,2.95,1,0,0,0,HYP-NORMAL,
2026-07-12T03:15:00+00:00,589,516,90.8,7.37,36.43,7.85,DSYA7_L1,4.13,1,,2.86,1,0,0,0,HYP-NORMAL,
2026-07-12T03:30:00+00:00,590,514.3,90.4,7.37,36.45,7.86,DSYA7_L1,3.69,1,,3.29,1,0,0,0,HYP-NORMAL,
2026-07-12T03:45:00+00:00,591,512.4,90.3,7.37,36.49,7.89,DSYA3_L1,3.87,1,,2.93,1,0,0,0,HYP-NORMAL,
2026-07-12T04:00:00+00:00,592,510.6,90,7.38,36.54,7.92,DSYA7_L1,3.94,1,,2.93,1,0,0,0,HYP-NORMAL,
2026-07-12T04:15:00+00:00,593,516.3,91.4,7.37,36.61,7.97,DSYA7_L1,3.77,1,,2.76,1,0,0,0,HYP-NORMAL,
2026-07-12T04:30:00+00:00,594,524.2,92.5,7.35,36.69,8.02,DSYA3_L1,4.04,1,,2.48,1,0,0,0,HYP-NORMAL,
2026-07-12T04:45:00+00:00,595,528.2,92.9,7.35,36.78,8.09,DSYA7_L1,3.84,1,,2.68,1,0,0,0,HYP-NORMAL,
2026-07-12T05:00:00+00:00,596,534.5,93.8,7.34,36.89,8.16,DSYA7_L1,3.82,1,,2.81,1,0,0,0,HYP-NORMAL,
2026-07-12T05:15:00+00:00,597,551.7,96.5,7.31,37.01,8.24,DSYA4_L1,3.82,1,,3.11,1,0,0,0,HYP-NORMAL,
2026-07-12T05:30:00+00:00,598,568.8,99.4,7.28,37.15,8.33,DSYA7_L1,4.12,1,,3.14,1,0,0,0,HYP-NORMAL,
2026-07-12T05:45:00+00:00,599,585,101.7,7.26,37.3,8.43,DSYA4_L1,4.26,1,,3.57,1,0,0,0,HYP-NORMAL,
2026-07-12T06:00:00+00:00,600,599,103.7,7.23,37.45,8.54,DSYA3_L1,4.73,1,,3.58,1,0,0,0,HYP-NORMAL,
2026-07-12T06:15:00+00:00,601,639.3,109.9,7.17,37.62,8.66,DSYA4_L1,5.03,1,,3.55,1,0,0,0,HYP-NORMAL,
2026-07-12T06:30:00+00:00,602,684.6,117,7.09,37.8,8.78,DSYA4_L1,5.57,1,,4.6,1,0,0,0,HYP-NORMAL,
2026-07-12T06:45:00+00:00,603,730,124,7.02,37.99,8.92,DSYA4_L1,6.56,1,,5.24,1,0,0,0,HYP-NORMAL,
2026-07-12T07:00:00+00:00,604,769.9,129.8,6.96,38.18,9.06,DSYA4_L1,7.43,1,,5.39,1,0,0,0,HYP-NORMAL,
2026-07-12T07:15:00+00:00,605,837.1,139.1,6.85,38.39,9.2,DSYA4_L1,7.53,1,,6.41,1,0,0,0,HYP-NORMAL,
2026-07-12T07:30:00+00:00,606,897.1,146.8,6.75,38.6,9.35,DSYA4_L1,9.25,1,,7.37,1,0,0,0,HYP-NORMAL,
2026-07-12T07:45:00+00:00,607,968.1,156.9,6.63,38.81,9.51,DSYA4_L1,10.3,1,,7.93,1,0,0,0,HYP-NORMAL,
2026-07-12T08:00:00+00:00,608,1037,165.8,6.52,39.03,9.67,DSYA4_L1,12.47,1,,9.95,1,0,0,0,HYP-NORMAL,
2026-07-12T08:15:00+00:00,609,1099,174.3,6.42,39.26,9.84,DSYA4_L1,14.28,1,,11.34,1,0,0,0,HYP-NORMAL,
2026-07-12T08:30:00+00:00,610,1162,182.2,6.32,39.49,10.01,DSYA4_L1,16.35,1,,12.58,1,0,0,0,HYP-NORMAL,
2026-07-12T08:45:00+00:00,611,1223,189.1,6.22,39.71,10.18,DSYA4_L1,18.4,1,,14.49,1,0,0,0,HYP-NORMAL,
2026-07-12T09:00:00+00:00,612,1279,195.6,6.13,39.95,10.36,DSYA4_L1,20.58,1,,15.71,1,0,0,0,HYP-NORMAL,
2026-07-12T09:15:00+00:00,613,1302,196.4,6.08,40.18,10.54,DSYA4_L1,22.44,1,,17.36,1,0,0,0,HYP-NORMAL,
2026-07-12T09:30:00+00:00,614,1332,199.9,6.04,40.41,10.72,DSYA4_L1,23.38,1,,18.56,1,0,0,0,HYP-NORMAL,
2026-07-12T09:45:00+00:00,615,1350,202.3,6.01,40.63,10.9,DSYA4_L1,24.01,1,,19.5,1,0,0,0,HYP-NORMAL,
2026-07-12T10:00:00+00:00,616,1377,205.1,5.96,40.86,11.07,DSYA4_L1,24.87,1,,19.6,1,0,0,0,HYP-NORMAL,
2026-07-12T10:15:00+00:00,617,1378,205.4,5.96,41.08,11.25,DSYA4_L1,26.09,1,,20.73,1,0,0,0,HYP-NORMAL,ALM-PANEL-TEMP
2026-07-12T10:30:00+00:00,618,1384,207,5.95,41.29,11.43,DSYA4_L1,26.67,1,,20.81,1,0,0,0,HYP-NORMAL,ALM-PANEL-TEMP
2026-07-12T10:45:00+00:00,619,1381,205.1,5.96,41.5,11.6,DSYA4_L1,26.83,1,,20.75,1,0,0,0,HYP-NORMAL,ALM-PANEL-TEMP
2026-07-12T11:00:00+00:00,620,1366,202.8,5.98,41.71,11.77,DSYA4_L1,26.77,1,,21.29,1,0,0,0,HYP-NORMAL,ALM-PANEL-TEMP
2026-07-12T11:15:00+00:00,621,1356,203.3,6,41.9,11.93,DSYA3_L1,26.14,1,,20.89,1,0,0,0,HYP-NORMAL,ALM-PANEL-TEMP
2026-07-12T11:30:00+00:00,622,1344,202.1,6.02,42.09,12.09,DSYA7_L1,25.74,1,,20.49,1,0,0,0,HYP-NORMAL,ALM-PANEL-TEMP
2026-07-12T11:45:00+00:00,623,1331,199.8,6.04,42.27,12.24,DSYA3_L1,25.73,1,,19.52,1,0,0,0,HYP-NORMAL,ALM-PANEL-TEMP
2026-07-12T12:00:00+00:00,624,1323,199.4,6.05,42.44,12.38,DSYA7_L1,25.29,1,,19.68,1,0,0,0,HYP-NORMAL,ALM-PANEL-TEMP
2026-07-12T12:15:00+00:00,625,1305,196.7,6.08,42.6,12.52,DSYA4_L1,24.98,1,,19.64,1,0,0,0,HYP-NORMAL,ALM-PANEL-TEMP
2026-07-12T12:30:00+00:00,626,1278,192.3,6.12,42.74,12.65,DSYA7_L1,24.48,1,,19.1,1,0,0,0,HYP-NORMAL,ALM-PANEL-TEMP
2026-07-12T12:45:00+00:00,627,1267,191.4,6.14,42.88,12.76,DSYA3_L1,23.85,1,,18.71,1,0,0,0,HYP-NORMAL,ALM-PANEL-TEMP
2026-07-12T13:00:00+00:00,628,1250,188.1,6.16,43,12.87,DSYA4_L1,23.06,1,,17.73,1,0,0,0,HYP-NORMAL,ALM-PANEL-TEMP
2026-07-12T13:15:00+00:00,629,1240,187.8,6.18,43.11,12.97,DSYA3_L1,22.73,1,,17.59,1,0,0,0,HYP-NORMAL,ALM-PANEL-TEMP
2026-07-12T13:30:00+00:00,630,1225,185.9,6.21,43.2,13.05,DSYA3_L1,22.02,1,,17.11,1,0,0,0,HYP-NORMAL,ALM-PANEL-TEMP
2026-07-12T13:45:00+00:00,631,1204,183.9,6.24,43.28,13.13,DSYA7_L1,21.34,1,,16.8,1,0,0,0,HYP-NORMAL,ALM-PANEL-TEMP
2026-07-12T14:00:00+00:00,632,1186,181.3,6.27,43.35,13.19,DSYA7_L1,21.05,1,,16.3,1,0,0,0,HYP-NORMAL,ALM-PANEL-TEMP
2026-07-12T14:15:00+00:00,633,1176,180.1,6.29,43.4,13.23,DSYA7_L1,20.2,1,,15.66,1,0,0,0,HYP-NORMAL,ALM-PANEL-TEMP
2026-07-12T14:30:00+00:00,634,1168,180,6.3,43.44,13.27,DSYA7_L1,19.84,1,,15.54,1,0,0,0,HYP-NORMAL,ALM-PANEL-TEMP
2026-07-12T14:45:00+00:00,635,1156,179.2,6.32,43.46,13.29,DSYA3_L1,19.48,1,,15.19,1,0,0,0,HYP-NORMAL,ALM-PANEL-TEMP
2026-07-12T15:00:00+00:00,636,1143,177.2,6.34,43.47,13.29,DSYA7_L1,18.98,1,,14.87,1,0,0,0,HYP-NORMAL,ALM-PANEL-TEMP
2026-07-12T15:15:00+00:00,637,1147,177.4,6.34,43.46,13.29,DSYA3_L1,18.56,1,,14.78,1,0,0,0,HYP-NORMAL,ALM-PANEL-TEMP
2026-07-12T15:30:00+00:00,638,1148,177.2,6.33,43.44,13.27,DSYA3_L1,18.68,1,,14.5,1,0,0,0,HYP-NORMAL,ALM-PANEL-TEMP
2026-07-12T15:45:00+00:00,639,1166,180.5,6.31,43.4,13.23,DSYA4_L1,18.49,1,,14.2,1,0,0,0,HYP-NORMAL,ALM-PANEL-TEMP
2026-07-12T16:00:00+00:00,640,1175,182.3,6.29,43.35,13.19,DSYA4_L1,18.96,1,,14.71,1,0,0,0,HYP-NORMAL,ALM-PANEL-TEMP
2026-07-12T16:15:00+00:00,641,1196,184.9,6.26,43.28,13.13,DSYA4_L1,18.95,1,,15.03,1,0,0,0,HYP-NORMAL,ALM-PANEL-TEMP
2026-07-12T16:30:00+00:00,642,1208,185.9,6.24,43.2,13.05,DSYA4_L1,19.87,1,,15.54,1,0,0,0,HYP-NORMAL,ALM-PANEL-TEMP
2026-07-12T16:45:00+00:00,643,1216,186.8,6.23,43.11,12.97,DSYA4_L1,20.42,1,,15.73,1,0,0,0,HYP-NORMAL,ALM-PANEL-TEMP
2026-07-12T17:00:00+00:00,644,1229,186.5,6.2,43,12.87,DSYA4_L1,20.86,1,,16.12,1,0,0,0,HYP-NORMAL,ALM-PANEL-TEMP
2026-07-12T17:15:00+00:00,645,1274,191.7,6.13,42.88,12.76,DSYA4_L1,20.88,1,,16.74,1,0,0,0,HYP-NORMAL,ALM-PANEL-TEMP
2026-07-12T17:30:00+00:00,646,1321,196.7,6.05,42.74,12.65,DSYA4_L1,21.95,1,,17.63,1,0,0,0,HYP-NORMAL,ALM-PANEL-TEMP
2026-07-12T17:45:00+00:00,647,1368,200.9,5.97,42.6,12.52,DSYA4_L1,23.8,1,,19.12,1,0,0,0,HYP-NORMAL,ALM-PANEL-TEMP
2026-07-12T18:00:00+00:00,648,1416,206.6,5.89,42.44,12.38,DSYA4_L1,25.56,1,,20.64,1,0,0,0,HYP-NORMAL,ALM-PANEL-TEMP
2026-07-12T18:15:00+00:00,649,1452,212.5,5.84,42.27,12.24,DSYA4_L1,27.51,1,,21.83,1,0,0,0,HYP-NORMAL,ALM-PANEL-TEMP
2026-07-12T18:30:00+00:00,650,1485,215.6,5.78,42.09,12.09,DSYA4_L1,28.86,1,,22.87,1,0,0,0,HYP-NORMAL,ALM-PANEL-TEMP
2026-07-12T18:45:00+00:00,651,1521,220.8,5.73,41.9,11.93,DSYA4_L1,30.27,1,,24.29,1,0,0,0,HYP-NORMAL,ALM-PANEL-TEMP
2026-07-12T19:00:00+00:00,652,1556,225.4,5.67,41.71,11.77,DSYA4_L1,31.92,1,,25.44,1,0,0,0,HYP-NORMAL,ALM-PANEL-TEMP
2026-07-12T19:15:00+00:00,653,1576,228.1,5.64,41.5,11.6,DSYA4_L1,33,1,,26.23,1,0,0,0,HYP-NORMAL,ALM-PANEL-TEMP
2026-07-12T19:30:00+00:00,654,1599,230.8,5.61,41.29,11.43,DSYA4_L1,34.46,1,,27.03,1,0,0,0,HYP-NORMAL,ALM-PANEL-TEMP
2026-07-12T19:45:00+00:00,655,1605,230.5,5.59,41.08,11.25,DSYA4_L1,35.32,1,,27.89,1,0,0,0,HYP-NORMAL,ALM-PANEL-TEMP
2026-07-12T20:00:00+00:00,656,1631,233.1,5.55,40.86,11.07,DSYA4_L1,35.64,1,,28.31,1,0,0,0,HYP-NORMAL,ALM-PANEL-TEMP
2026-07-12T20:15:00+00:00,657,1610,232,5.59,40.63,10.9,DSYA4_L1,36.99,1,,29.22,1,0,0,0,HYP-NORMAL,ALM-PANEL-TEMP
2026-07-12T20:30:00+00:00,658,1579,228.7,5.64,40.41,10.72,DSYA4_L1,36.67,1,,28.49,1,0,0,0,HYP-NORMAL,ALM-PANEL-TEMP
2026-07-12T20:45:00+00:00,659,1555,225.6,5.67,40.18,10.54,DSYA3_L1,35.39,1,,27.64,1,0,0,0,HYP-NORMAL,ALM-PANEL-TEMP
2026-07-12T21:00:00+00:00,660,1549,226.3,5.69,39.95,10.36,DSYA3_L1,34.88,1,,26.87,1,0,0,0,HYP-NORMAL,
2026-07-12T21:15:00+00:00,661,1512,221.6,5.75,39.71,10.18,DSYA3_L1,34.17,1,,26.56,1,0,0,0,HYP-NORMAL,
2026-07-12T21:30:00+00:00,662,1467,214.8,5.82,39.49,10.01,DSYA3_L1,32.89,1,,25.51,1,0,0,0,HYP-NORMAL,
2026-07-12T21:45:00+00:00,663,1414,208.3,5.9,39.26,9.84,DSYA7_L1,31.75,1,,24.07,1,0,0,0,HYP-NORMAL,
2026-07-12T22:00:00+00:00,664,1387,206.2,5.95,39.03,9.67,DSYA3_L1,30.19,1,,22.62,1,0,0,0,HYP-NORMAL,
2026-07-12T22:15:00+00:00,665,1300,195.8,6.09,38.81,9.51,DSYA3_L1,29.23,1,,21.74,1,0,0,0,HYP-NORMAL,
2026-07-12T22:30:00+00:00,666,1221,187.3,6.22,38.6,9.35,DSYA3_L1,26.45,1,,19.65,1,0,0,0,HYP-NORMAL,
2026-07-12T22:45:00+00:00,667,1131,175.6,6.36,38.39,9.2,DSYA3_L1,24.45,1,,17.1,1,0,0,0,HYP-NORMAL,
2026-07-12T23:00:00+00:00,668,1048,165,6.5,38.18,9.06,DSYA3_L1,21.93,1,,14.67,1,0,0,0,HYP-NORMAL,
2026-07-12T23:15:00+00:00,669,941.8,151,6.67,37.99,8.92,DSYA3_L1,19.09,1,,12.8,1,0,0,0,HYP-NORMAL,
2026-07-12T23:30:00+00:00,670,839.9,136.5,6.83,37.8,8.78,DSYA3_L1,16.41,1,,10.28,1,0,0,0,HYP-NORMAL,
2026-07-12T23:45:00+00:00,671,739,122.4,7,37.62,8.66,DSYA3_L1,13.77,1,,8.34,1,0,0,0,HYP-NORMAL,
2026-07-13T00:00:00+00:00,672,628.8,106.1,7.18,37.53,8.59,DSYA3_L1,11.07,1,,6.57,1,0,0,0,HYP-NORMAL,
2026-07-13T00:15:00+00:00,673,495.4,85.3,7.4,37.37,8.49,DSYA7_L1,8.97,1.162,,4.72,1,0,0,0,HYP-NORMAL,
2026-07-13T00:30:00+00:00,674,484,83.3,7.41,37.22,8.38,DSYA3_L1,7.31,1.152,,3.41,1,0,0,0,HYP-NORMAL,
2026-07-13T00:45:00+00:00,675,476.5,82.4,7.43,37.09,8.29,DSYA3_L1,5.49,1.154,,3.01,1,0,0,0,HYP-NORMAL,
2026-07-13T01:00:00+00:00,676,464.3,80.3,7.45,36.97,8.21,DSYA7_L1,4.51,1.161,,3.03,1,0,0,0,HYP-NORMAL,
2026-07-13T01:15:00+00:00,677,458.2,79.5,7.46,36.86,8.14,DSYA7_L1,3.91,1.168,,2.57,1,0,0,0,HYP-NORMAL,
2026-07-13T01:30:00+00:00,678,448.2,77.5,7.47,36.76,8.07,DSYA1_L1,3.61,1.167,,2.31,1,0,0,0,HYP-NORMAL,
2026-07-13T01:45:00+00:00,679,440,76.1,7.48,36.68,8.02,DSYA1_L1,3.38,1.167,,2.45,1,0,0,0,HYP-NORMAL,
2026-07-13T02:00:00+00:00,680,433,74.9,7.5,36.61,7.97,DSYA3_L1,3.1,1.164,,2.18,1,0,0,0,HYP-NORMAL,
2026-07-13T02:15:00+00:00,681,431.2,74.9,7.5,36.56,7.94,DSYA7_L1,2.99,1.164,,2.21,1,0,0,0,HYP-NORMAL,
2026-07-13T02:30:00+00:00,682,428.3,73.9,7.5,36.53,7.91,DSYA7_L1,2.79,1.167,,2.01,1,0,0,0,HYP-NORMAL,
2026-07-13T02:45:00+00:00,683,427.8,73.7,7.5,36.5,7.9,DSYA7_L1,2.87,1.166,,1.45,1,0,0,0,HYP-NORMAL,
2026-07-13T03:00:00+00:00,684,425.9,73.7,7.51,36.49,7.89,DSYA6_L1,2.89,1.165,,2.37,1,0,0,0,HYP-NORMAL,
2026-07-13T03:15:00+00:00,685,429.3,74.6,7.5,36.5,7.9,DSYA3_L1,2.67,1.164,,1.81,1,0,0,0,HYP-NORMAL,
2026-07-13T03:30:00+00:00,686,430,74.8,7.5,36.53,7.91,DSYA3_L1,2.79,1.168,,2.22,1,0,0,0,HYP-NORMAL,
2026-07-13T03:45:00+00:00,687,428.9,74.7,7.5,36.56,7.94,DSYA1_L1,2.69,1.17,,1.93,1,0,0,0,HYP-NORMAL,
2026-07-13T04:00:00+00:00,688,428.2,74.8,7.51,36.61,7.97,DSYA1_L1,2.73,1.172,,1.89,1,0,0,0,HYP-NORMAL,
2026-07-13T04:15:00+00:00,689,435.9,76.4,7.49,36.68,8.02,DSYA3_L1,2.54,1.168,,2.18,1,0,0,0,HYP-NORMAL,
2026-07-13T04:30:00+00:00,690,444.7,78.1,7.48,36.76,8.07,DSYA7_L1,2.81,1.165,,2.08,1,0,0,0,HYP-NORMAL,
2026-07-13T04:45:00+00:00,691,453.6,79.6,7.47,36.86,8.14,DSYA2_L1,2.83,1.172,,2.24,1,0,0,0,HYP-NORMAL,
2026-07-13T05:00:00+00:00,692,460.6,81.2,7.46,36.97,8.21,DSYA4_L1,2.84,1.158,,2.22,1,0,0,0,HYP-NORMAL,
2026-07-13T05:15:00+00:00,693,493.1,86.4,7.4,37.09,8.29,DSYA7_L1,2.9,1.152,,2.27,1,0,0,0,HYP-NORMAL,
2026-07-13T05:30:00+00:00,694,523.8,91.3,7.35,37.22,8.38,DSYA6_L1,3.07,1.151,,2.42,1,0,0,0,HYP-NORMAL,
2026-07-13T05:45:00+00:00,695,556.4,96.4,7.3,37.37,8.49,DSYA3_L1,3.47,1.15,,2.99,1,0,0,0,HYP-NORMAL,
2026-07-13T06:00:00+00:00,696,589.1,101,7.25,37.53,8.59,DSYA4_L1,4.09,1.135,,3.26,1,0,0,0,HYP-NORMAL,
2026-07-13T06:15:00+00:00,697,692.3,116.5,7.08,37.69,8.71,DSYA2_L1,4.47,1.138,,3.72,1,0,0,0,HYP-NORMAL,
2026-07-13T06:30:00+00:00,698,794.7,130.2,6.91,37.87,8.84,DSYA4_L1,6.29,1.144,,5.06,1,0,0,0,HYP-NORMAL,
2026-07-13T06:45:00+00:00,699,897.8,145.1,6.74,38.06,8.97,DSYA4_L1,7.91,1.142,,7.03,1.001,0,0,0,HYP-NORMAL,
2026-07-13T07:00:00+00:00,700,1004,158,6.57,38.26,9.11,DSYA4_L1,10.47,1.141,,8.59,1.001,0,0,0,HYP-NORMAL,
2026-07-13T07:15:00+00:00,701,1111,171.9,6.39,38.46,9.25,DSYA4_L1,13.26,1.152,,11,1.001,0,0,0,HYP-NORMAL,
2026-07-13T07:30:00+00:00,702,1216,184.8,6.22,38.67,9.41,DSYA4_L1,16.22,1.153,,13.39,1.001,0,0,0,HYP-NORMAL,
2026-07-13T07:45:00+00:00,703,1318,197.6,6.06,38.88,9.56,DSYA4_L1,19.84,1.153,,15.64,1.001,0,0,0,HYP-NORMAL,
2026-07-13T08:00:00+00:00,704,1419,210.8,5.9,39.11,9.73,DSYA4_L1,23.01,1.166,,19.02,1.001,0,0,0,HYP-NORMAL,
2026-07-13T08:15:00+00:00,705,1465,216.4,5.82,39.33,9.89,DSYA4_L1,27.05,1.169,,21.99,1.002,0,0,0,HYP-NORMAL,
2026-07-13T08:30:00+00:00,706,1506,221.6,5.76,39.56,10.06,DSYA4_L1,29.39,1.182,,23.98,1.002,0,0,0,HYP-NORMAL,
2026-07-13T08:45:00+00:00,707,1535,226.2,5.71,39.79,10.24,DSYA4_L1,31,1.18,,25.32,1.003,0,0,0,HYP-NORMAL,
2026-07-13T09:00:00+00:00,708,1568,229.7,5.66,40.02,10.41,DSYA4_L1,32.62,1.182,,26.07,1.003,0,0,0,HYP-NORMAL,ALM-PANEL-TEMP
2026-07-13T09:15:00+00:00,709,1572,228.8,5.65,40.25,10.59,DSYA4_L1,33.6,1.183,,27.77,1.004,0,0,0,HYP-NORMAL,ALM-PANEL-TEMP
2026-07-13T09:30:00+00:00,710,1565,226.9,5.66,40.48,10.77,DSYA4_L1,34.36,1.184,,27.85,1.005,0,0,0,HYP-NORMAL,ALM-PANEL-TEMP
2026-07-13T09:45:00+00:00,711,1549,224.8,5.69,40.7,10.95,DSYA4_L1,34.15,1.183,,27.96,1.006,0,0,0,HYP-NORMAL,ALM-PANEL-TEMP
2026-07-13T10:00:00+00:00,712,1544,222.5,5.69,40.93,11.13,DSYA4_L1,33.47,1.184,,27.19,1.006,0,0,0,HYP-NORMAL,ALM-PANEL-TEMP
2026-07-13T10:15:00+00:00,713,1548,224.5,5.69,41.15,11.31,DSYA3_L1,33.33,1.18,,27.44,1.007,0,0,0,HYP-NORMAL,ALM-PANEL-TEMP
2026-07-13T10:30:00+00:00,714,1558,223.9,5.67,41.36,11.48,DSYA4_L1,33.45,1.172,,27.61,1.008,0,0,0,HYP-NORMAL,ALM-PANEL-TEMP
2026-07-13T10:45:00+00:00,715,1571,226.1,5.65,41.57,11.66,DSYA4_L1,34.13,1.175,,28.21,1.009,0,0,0,HYP-NORMAL,ALM-PANEL-TEMP
2026-07-13T11:00:00+00:00,716,1592,227.5,5.61,41.78,11.83,DSYA4_L1,34.55,1.177,,28.58,1.01,0,0,0,HYP-NORMAL,ALM-PANEL-TEMP
2026-07-13T11:15:00+00:00,717,1589,227.4,5.62,41.97,11.99,DSYA4_L1,35.18,1.179,,28.63,1.01,0,0,0,HYP-NORMAL,ALM-PANEL-TEMP
2026-07-13T11:30:00+00:00,718,1592,225.8,5.61,42.16,12.15,DSYA4_L1,35.16,1.173,,28.98,1.011,0,0,0,HYP-NORMAL,ALM-PANEL-TEMP
2026-07-13T11:45:00+00:00,719,1585,224.1,5.62,42.34,12.3,DSYA4_L1,35.52,1.171,,29.36,1.012,0,0,0,HYP-NORMAL,ALM-PANEL-TEMP
2026-07-13T12:00:00+00:00,720,1581,221.8,5.62,42.51,12.44,DSYA4_L1,35.04,1.171,,29.39,1.013,0,0,0,HYP-NORMAL,ALM-PANEL-TEMP
2026-07-13T12:15:00+00:00,721,1557,219,5.66,42.66,12.58,DSYA4_L1,34.74,1.165,,29.24,1.014,0,0,0,HYP-NORMAL,ALM-PANEL-TEMP
2026-07-13T12:30:00+00:00,722,1529,216.5,5.7,42.81,12.71,DSYA7_L1,34.3,1.164,,28.42,1.014,0,0,0,HYP-NORMAL,ALM-PANEL-TEMP
2026-07-13T12:45:00+00:00,723,1514,216.6,5.73,42.94,12.82,DSYA7_L1,33.54,1.168,,27.69,1.015,0,0,0,HYP-NORMAL,ALM-PANEL-TEMP
2026-07-13T13:00:00+00:00,724,1494,215.7,5.77,43.07,12.93,DSYA3_L1,32.94,1.17,,26.66,1.015,0,0,0,HYP-NORMAL,ALM-PANEL-TEMP
2026-07-13T13:15:00+00:00,725,1509,217,5.74,43.18,13.03,DSYA7_L1,31.88,1.18,,26.11,1.016,0,0,0,HYP-NORMAL,ALM-PANEL-TEMP
2026-07-13T13:30:00+00:00,726,1519,219.1,5.73,43.27,13.11,DSYA4_L1,31.9,1.178,,26.28,1.016,0,0,0,HYP-NORMAL,ALM-PANEL-TEMP
2026-07-13T13:45:00+00:00,727,1530,221.9,5.71,43.35,13.19,DSYA7_L1,32.2,1.173,,26.7,1.017,0,0,0,HYP-NORMAL,ALM-PANEL-TEMP
2026-07-13T14:00:00+00:00,728,1530,221.3,5.71,43.42,13.25,DSYA3_L1,32.68,1.126,,27,1.018,0,0,0,HYP-NORMAL,ALM-PANEL-TEMP
2026-07-13T14:15:00+00:00,729,1551,224.9,5.68,43.47,13.29,DSYA4_L1,32.65,1.111,,27.16,1.018,0,0,0,HYP-NORMAL,ALM-PANEL-TEMP
2026-07-13T14:30:00+00:00,730,1568,227.5,5.66,43.51,13.33,DSYA4_L1,33.4,1.095,,27.78,1.019,0,0,0,HYP-NORMAL,ALM-PANEL-TEMP
2026-07-13T14:45:00+00:00,731,1591,229.5,5.62,43.53,13.35,DSYA4_L1,34.16,1.109,,28.3,1.02,0,0,0,HYP-NORMAL,ALM-PANEL-TEMP
2026-07-13T15:00:00+00:00,732,1614,230,5.58,43.54,13.35,DSYA4_L1,35.08,1.111,,29.3,1.02,0,0,0,HYP-NORMAL,ALM-PANEL-TEMP
2026-07-13T15:15:00+00:00,733,1604,229.1,5.59,43.53,13.35,DSYA4_L1,36,1.082,,30.15,1.021,0,0,0,HYP-NORMAL,ALM-PANEL-TEMP
2026-07-13T15:30:00+00:00,734,1610,229.1,5.58,43.51,13.33,DSYA4_L1,35.97,1.1,,30.15,1.022,0,0,0,HYP-NORMAL,ALM-PANEL-TEMP
2026-07-13T15:45:00+00:00,735,1594,224,5.6,43.47,13.29,DSYA4_L1,36.5,1.104,,30.22,1.023,0,0,0,HYP-NORMAL,ALM-PANEL-TEMP
2026-07-13T16:00:00+00:00,736,1592,222.1,5.6,43.42,13.25,DSYA4_L1,35.81,1.089,,29.95,1.023,0,0,0,HYP-NORMAL,ALM-PANEL-TEMP
2026-07-13T16:15:00+00:00,737,1586,224,5.61,43.35,13.19,DSYA4_L1,35.66,1.056,,29.91,1.024,0,0,0,HYP-NORMAL,ALM-PANEL-TEMP
2026-07-13T16:30:00+00:00,738,1578,224.5,5.63,43.27,13.11,DSYA4_L1,35.72,1.048,,29.59,1.025,0,0,0,HYP-NORMAL,ALM-PANEL-TEMP
2026-07-13T16:45:00+00:00,739,1573,224.4,5.64,43.18,13.03,DSYA4_L1,35.18,1.043,,29.07,1.025,0,0,0,HYP-NORMAL,ALM-PANEL-TEMP
2026-07-13T17:00:00+00:00,740,1569,226.2,5.65,43.07,12.93,DSYA3_L1,35.13,1.039,,29.2,1.026,0,0,0,HYP-NORMAL,ALM-PANEL-TEMP
2026-07-13T17:15:00+00:00,741,1544,223.4,5.69,42.94,12.82,DSYA4_L1,34.67,1.044,,29,1.026,0,0,0,HYP-NORMAL,ALM-PANEL-TEMP
2026-07-13T17:30:00+00:00,742,1516,219,5.73,42.81,12.71,DSYA4_L1,34.15,1.044,,28.22,1.027,0,0,0,HYP-NORMAL,ALM-PANEL-TEMP
2026-07-13T17:45:00+00:00,743,1492,216,5.77,42.66,12.58,DSYA7_L1,33.27,1.052,,27.32,1.028,0,0,0,HYP-NORMAL,ALM-PANEL-TEMP
2026-07-13T18:00:00+00:00,744,1474,214.9,5.8,42.51,12.44,DSYA7_L1,32.03,1.053,,26.49,1.028,0,0,0,HYP-NORMAL,ALM-PANEL-TEMP
2026-07-13T18:15:00+00:00,745,1453,212.9,5.84,42.34,12.3,DSYA7_L1,31.48,1.047,,25.9,1.029,0,0,0,HYP-NORMAL,ALM-PANEL-TEMP
2026-07-13T18:30:00+00:00,746,1446,213.4,5.85,42.16,12.15,DSYA3_L1,30.65,1.053,,25.16,1.029,0,0,0,HYP-NORMAL,ALM-PANEL-TEMP
2026-07-13T18:45:00+00:00,747,1418,209.7,5.9,41.97,11.99,DSYA7_L1,30.07,1.053,,24.42,1.029,0,0,0,HYP-NORMAL,ALM-PANEL-TEMP
2026-07-13T19:00:00+00:00,748,1395,206.5,5.93,41.78,11.83,DSYA7_L1,29.32,1.056,,23.91,1.03,0,0,0,HYP-NORMAL,ALM-PANEL-TEMP
2026-07-13T19:15:00+00:00,749,1401,205.9,5.92,41.57,11.66,DSYA3_L1,28.25,1.045,,23.05,1.03,0,0,0,HYP-NORMAL,ALM-PANEL-TEMP
2026-07-13T19:30:00+00:00,750,1405,206.2,5.91,41.36,11.48,DSYA3_L1,27.69,1.069,,23.06,1.03,0,0,0,HYP-NORMAL,ALM-PANEL-TEMP
2026-07-13T19:45:00+00:00,751,1413,206.5,5.9,41.15,11.31,DSYA4_L1,27.6,1.075,,23.46,1.031,0,0,0,HYP-NORMAL,ALM-PANEL-TEMP
2026-07-13T20:00:00+00:00,752,1429,208.1,5.87,40.93,11.13,DSYA3_L1,27.84,1.075,,23.44,1.031,0,0,0,HYP-NORMAL,ALM-PANEL-TEMP
2026-07-13T20:15:00+00:00,753,1412,207.1,5.9,40.7,10.95,DSYA4_L1,28.39,1.069,,23.74,1.032,0,0,0,HYP-NORMAL,
2026-07-13T20:30:00+00:00,754,1383,205.7,5.95,40.48,10.77,DSYA4_L1,28.15,1.065,,23.87,1.032,0,0,0,HYP-NORMAL,
2026-07-13T20:45:00+00:00,755,1359,202.9,5.99,40.25,10.59,DSYA3_L1,27.73,1.054,,22.72,1.032,0,0,0,HYP-NORMAL,
2026-07-13T21:00:00+00:00,756,1333,199.7,6.03,40.02,10.41,DSYA3_L1,26.85,1.053,,21.86,1.032,0,0,0,HYP-NORMAL,
2026-07-13T21:15:00+00:00,757,1289,196.6,6.11,39.79,10.24,DSYA3_L1,26.08,1.048,,21.31,1.033,0,0,0,HYP-NORMAL,
2026-07-13T21:30:00+00:00,758,1236,189,6.19,39.56,10.06,DSYA3_L1,25.07,1.054,,20.13,1.033,0,0,0,HYP-NORMAL,
2026-07-13T21:45:00+00:00,759,1191,184.1,6.27,39.33,9.89,DSYA7_L1,23.28,1.06,,18.64,1.033,0,0,0,HYP-NORMAL,
2026-07-13T22:00:00+00:00,760,1137,176.8,6.35,39.11,9.73,DSYA3_L1,21.62,1.056,377,17.48,1.033,0,0,0,HYP-NORMAL,
2026-07-13T22:15:00+00:00,761,1061,167.7,6.48,38.88,9.56,DSYA3_L1,20.45,1.055,253,16.18,1.034,0,0,30,HYP-LOOSE-CONN,ALM-TTL-14D
2026-07-13T22:30:00+00:00,762,987.5,158.1,6.6,38.67,9.41,DSYA7_L1,18.32,1.065,,14.05,1.034,0,0,0,HYP-NORMAL,
2026-07-13T22:45:00+00:00,763,903.1,146.3,6.73,38.46,9.25,DSYA7_L1,16.54,1.072,,12.17,1.034,0,0,0,HYP-NORMAL,
2026-07-13T23:00:00+00:00,764,822.1,135.7,6.87,38.26,9.11,DSYA7_L1,14.43,1.07,,10.18,1.034,0,0,0,HYP-NORMAL,
2026-07-13T23:15:00+00:00,765,745.5,124.2,6.99,38.06,8.97,DSYA3_L1,12.26,1.072,,8.47,1.034,0,0,0,HYP-NORMAL,
2026-07-13T23:30:00+00:00,766,667.3,112.2,7.12,37.87,8.84,DSYA3_L1,10.58,1.062,,7.11,1.034,0,0,0,HYP-NORMAL,
2026-07-13T23:45:00+00:00,767,593.1,100.5,7.24,37.69,8.71,DSYA7_L1,8.72,1.074,,5.71,1.034,0,0,0,HYP-NORMAL,
2026-07-14T00:00:00+00:00,768,519.7,89,7.36,37.59,8.64,DSYA7_L1,7.31,1.075,,4.44,1.033,0,0,0,HYP-NORMAL,
2026-07-14T00:15:00+00:00,769,503.8,86.6,7.38,37.44,8.53,DSYA7_L1,5.77,1.072,,3.72,1.034,0,0,0,HYP-NORMAL,
2026-07-14T00:30:00+00:00,770,490.8,84.5,7.4,37.29,8.43,DSYA3_L1,5.2,1.087,,3.13,1.034,0,0,0,HYP-NORMAL,
2026-07-14T00:45:00+00:00,771,480.6,82.9,7.42,37.16,8.34,DSYA7_L1,4.34,1.105,,3.15,1.034,0,0,0,HYP-NORMAL,
2026-07-14T01:00:00+00:00,772,472.8,82.1,7.43,37.04,8.26,DSYA3_L1,3.77,1.103,,2.9,1.034,0,0,0,HYP-NORMAL,
2026-07-14T01:15:00+00:00,773,465.9,80.9,7.44,36.93,8.18,DSYA3_L1,3.6,1.104,,2.69,1.034,0,0,0,HYP-NORMAL,
2026-07-14T01:30:00+00:00,774,458.4,80,7.46,36.83,8.12,DSYA3_L1,3.32,1.103,,2.81,1.034,0,0,0,HYP-NORMAL,
2026-07-14T01:45:00+00:00,775,452.5,79.3,7.47,36.75,8.06,DSYA3_L1,3.25,1.104,,2.85,1.034,0,0,0,HYP-NORMAL,
2026-07-14T02:00:00+00:00,776,444.8,77.9,7.48,36.68,8.02,DSYA7_L1,3.23,1.106,,2.51,1.034,0,0,0,HYP-NORMAL,
2026-07-14T02:15:00+00:00,777,443.9,77.5,7.48,36.63,7.98,DSYA2_L1,3.28,1.114,5,2.48,1.034,0,0,30,HYP-LOOSE-CONN,ALM-TTL-14D
2026-07-14T02:30:00+00:00,778,441.1,76.9,7.48,36.59,7.96,DSYA3_L1,2.95,1.117,4,2.42,1.034,0,0,30,HYP-LOOSE-CONN,ALM-TTL-14D
2026-07-14T02:45:00+00:00,779,439.1,76.5,7.49,36.57,7.94,DSYA1_L1,2.88,1.109,4,2.79,1.034,0,0,30,HYP-LOOSE-CONN,ALM-TTL-14D
2026-07-14T03:00:00+00:00,780,438.8,76.1,7.49,36.56,7.94,DSYA7_L1,3.07,1.126,4,2.55,1.034,0,0,30,HYP-LOOSE-CONN,ALM-TTL-14D
2026-07-14T03:15:00+00:00,781,441.4,76.7,7.48,36.57,7.94,DSYA7_L1,2.97,1.089,4,2.35,1.034,0,0,30,HYP-LOOSE-CONN,ALM-TTL-14D
2026-07-14T03:30:00+00:00,782,441.4,77.1,7.48,36.59,7.96,DSYA1_L1,2.87,1.069,3,2.4,1.034,0,0,30,HYP-LOOSE-CONN,ALM-TTL-14D
2026-07-14T03:45:00+00:00,783,442.7,77.2,7.48,36.63,7.98,DSYA4_L1,2.79,1.071,3,2.12,1.034,0,0,30,HYP-LOOSE-CONN,ALM-TTL-14D
2026-07-14T04:00:00+00:00,784,442.7,77.8,7.48,36.68,8.02,DSYA7_L1,2.97,1.073,3,2.28,1.034,0,0,30,HYP-LOOSE-CONN,ALM-TTL-14D
2026-07-14T04:15:00+00:00,785,449.5,78.9,7.47,36.75,8.06,DSYA3_L1,3.18,1.071,3,2.39,1.034,0,0,30,HYP-LOOSE-CONN,ALM-TTL-14D
2026-07-14T04:30:00+00:00,786,457.5,80.2,7.46,36.83,8.12,DSYA3_L2,2.8,1.08,3,2.8,1.034,0,0,30,HYP-LOOSE-CONN,ALM-TTL-14D
2026-07-14T04:45:00+00:00,787,463.1,80.8,7.45,36.93,8.18,DSYA4_L1,3.21,1.076,2,2.55,1.034,0,0,30,HYP-LOOSE-CONN,ALM-TTL-14D
2026-07-14T05:00:00+00:00,788,470.8,82.2,7.44,37.04,8.26,DSYA3_L1,2.89,1.074,2,2.82,1.034,0,0,30,HYP-LOOSE-CONN,ALM-TTL-14D
2026-07-14T05:15:00+00:00,789,504.4,87.8,7.38,37.16,8.34,DSYA3_L1,3.34,1.077,2,2.8,1.034,0,0,30,HYP-LOOSE-CONN,ALM-TTL-14D
2026-07-14T05:30:00+00:00,790,538.2,93.1,7.33,37.29,8.43,DSYA4_L1,3.52,1.077,2,2.7,1.034,0,0,30,HYP-LOOSE-CONN,ALM-TTL-14D
2026-07-14T05:45:00+00:00,791,574.6,98.5,7.27,37.44,8.53,DSYA4_L1,3.91,1.078,2,3.2,1.034,0,0,30,HYP-LOOSE-CONN,ALM-TTL-14D
2026-07-14T06:00:00+00:00,792,604.6,102.8,7.22,37.59,8.64,DSYA4_L1,4.32,1.072,2,3.92,1.034,0,0,30,HYP-LOOSE-CONN,ALM-TTL-14D
2026-07-14T06:15:00+00:00,793,710.9,118.3,7.05,37.76,8.76,DSYA4_L1,5.11,1.07,2,4.62,1.034,0,0,30,HYP-LOOSE-CONN,ALM-TTL-14D
2026-07-14T06:30:00+00:00,794,818.3,134.1,6.87,37.94,8.88,DSYA4_L1,6.4,1.07,2,5.63,1.034,0,0,30,HYP-LOOSE-CONN,ALM-TTL-14D
2026-07-14T06:45:00+00:00,795,923.3,149.5,6.7,38.13,9.02,DSYA4_L1,8.72,1.067,316,7.71,1.034,0,0,30,HYP-LOOSE-CONN,ALM-TTL-14D
2026-07-14T07:00:00+00:00,796,1029,163.7,6.53,38.32,9.16,DSYA4_L1,11.18,1.066,820,9.75,1.035,0,0,0,HYP-NORMAL,
2026-07-14T07:15:00+00:00,797,1137,176.5,6.35,38.53,9.3,DSYA4_L1,13.65,1.067,1204,12.27,1.035,0,0,0,HYP-NORMAL,
2026-07-14T07:30:00+00:00,798,1244,191.4,6.18,38.74,9.45,DSYA4_L1,17.15,1.049,1492,14.99,1.036,0,0,0,HYP-NORMAL,
2026-07-14T07:45:00+00:00,799,1362,205.4,5.99,38.95,9.61,DSYA4_L1,20.56,1.037,1732,17.73,1.037,0,0,0,HYP-NORMAL,
2026-07-14T08:00:00+00:00,800,1481,220.5,5.8,39.17,9.78,DSYA4_L1,24.33,1.038,1755,21.51,1.038,0,0,0,HYP-NORMAL,
2026-07-14T08:15:00+00:00,801,1510,224.8,5.76,39.4,9.94,DSYA4_L1,29.19,1.04,1563,25.5,1.04,0,0,0,HYP-NORMAL,
2026-07-14T08:30:00+00:00,802,1538,227,5.71,39.62,10.11,DSYA4_L1,31.29,1.041,1490,27.03,1.041,0,0,0,HYP-NORMAL,
2026-07-14T08:45:00+00:00,803,1572,231.7,5.66,39.85,10.29,DSYA4_L1,32.73,1.043,1322,28.47,1.043,0,0,0,HYP-NORMAL,
2026-07-14T09:00:00+00:00,804,1608,236.1,5.6,40.08,10.47,DSYA4_L1,33.76,1.045,1178,29.77,1.045,0,0,0,HYP-NORMAL,ALM-PANEL-TEMP
2026-07-14T09:15:00+00:00,805,1593,233.4,5.62,40.31,10.64,DSYA4_L1,35.5,1.047,1010,31.29,1.047,0,0,0,HYP-NORMAL,ALM-PANEL-TEMP
2026-07-14T09:30:00+00:00,806,1573,232.6,5.66,40.54,10.82,DSYA4_L1,35.69,1.049,866,31.32,1.049,0,0,0,HYP-NORMAL,ALM-PANEL-TEMP
2026-07-14T09:45:00+00:00,807,1576,231.7,5.65,40.77,11,DSYA4_L1,34.78,1.051,816,30.51,1.051,0,0,0,HYP-NORMAL,ALM-PANEL-TEMP
2026-07-14T10:00:00+00:00,808,1569,229.9,5.66,40.99,11.18,DSYA4_L1,34.72,1.053,697,30.54,1.053,0,0,0,HYP-NORMAL,ALM-PANEL-TEMP
2026-07-14T10:15:00+00:00,809,1585,231.7,5.63,41.21,11.36,DSYA4_L1,34.37,1.055,677,30.29,1.055,0,0,0,HYP-NORMAL,ALM-PANEL-TEMP
2026-07-14T10:30:00+00:00,810,1606,234.1,5.6,41.43,11.54,DSYA4_L1,34.78,1.057,673,30.65,1.057,0,0,0,HYP-NORMAL,ALM-PANEL-TEMP
2026-07-14T10:45:00+00:00,811,1613,234.7,5.59,41.64,11.71,DSYA4_L1,35.6,1.059,648,31.54,1.059,0,0,0,HYP-NORMAL,ALM-PANEL-TEMP
2026-07-14T11:00:00+00:00,812,1622,235.7,5.57,41.84,11.88,DSYA4_L1,36.19,1.061,646,31.97,1.061,0,0,0,HYP-NORMAL,ALM-PANEL-TEMP
2026-07-14T11:15:00+00:00,813,1626,236.9,5.57,42.04,12.04,DSYA4_L1,36.65,1.062,646,32.28,1.062,0,0,0,HYP-NORMAL,ALM-PANEL-TEMP
2026-07-14T11:30:00+00:00,814,1628,235.7,5.56,42.22,12.2,DSYA4_L1,37.07,1.065,552,32.82,1.065,0,0,0,HYP-NORMAL,ALM-PANEL-TEMP
2026-07-14T11:45:00+00:00,815,1622,234.6,5.57,42.4,12.35,DSYA4_L1,37.33,1.066,551,32.71,1.066,0,0,0,HYP-NORMAL,ALM-PANEL-TEMP
2026-07-14T12:00:00+00:00,816,1616,234.7,5.58,42.57,12.5,DSYA4_L1,36.98,1.068,525,32.47,1.068,0,0,0,HYP-NORMAL,ALM-PANEL-TEMP
2026-07-14T12:15:00+00:00,817,1604,234,5.6,42.73,12.64,DSYA4_L1,36.72,1.07,483,32.46,1.07,0,0,0,HYP-NORMAL,ALM-PANEL-TEMP
2026-07-14T12:30:00+00:00,818,1584,231.2,5.63,42.87,12.76,DSYA3_L1,36.2,1.071,478,31.97,1.071,0,0,0,HYP-NORMAL,ALM-PANEL-TEMP
2026-07-14T12:45:00+00:00,819,1557,226.1,5.67,43.01,12.88,DSYA3_L1,35.46,1.071,478,30.88,1.071,0,0,0,HYP-NORMAL,ALM-PANEL-TEMP
2026-07-14T13:00:00+00:00,820,1536,224.3,5.71,43.13,12.99,DSYA3_L1,34.97,1.073,476,30.56,1.073,0,0,0,HYP-NORMAL,ALM-PANEL-TEMP
2026-07-14T13:15:00+00:00,821,1538,223.7,5.7,43.24,13.09,DSYA3_L1,34.29,1.074,476,29.6,1.074,0,0,0,HYP-NORMAL,ALM-PANEL-TEMP
2026-07-14T13:30:00+00:00,822,1556,226.3,5.67,43.33,13.17,DSYA3_L1,33.37,1.075,476,29.69,1.075,0,0,0,HYP-NORMAL,ALM-PANEL-TEMP
2026-07-14T13:45:00+00:00,823,1558,227.9,5.67,43.41,13.24,DSYA3_L1,33.77,1.077,475,30.39,1.077,0,0,0,HYP-NORMAL,ALM-PANEL-TEMP
2026-07-14T14:00:00+00:00,824,1578,231.8,5.65,43.48,13.3,DSYA4_L1,34.05,1.078,475,30.13,1.078,0,0,0,HYP-NORMAL,ALM-PANEL-TEMP
2026-07-14T14:15:00+00:00,825,1596,233.8,5.62,43.53,13.35,DSYA4_L1,34.53,1.079,475,30.78,1.079,0,0,0,HYP-NORMAL,ALM-PANEL-TEMP
2026-07-14T14:30:00+00:00,826,1601,235.9,5.61,43.57,13.38,DSYA4_L1,35.55,1.081,477,31.22,1.081,0,0,0,HYP-NORMAL,ALM-PANEL-TEMP
2026-07-14T14:45:00+00:00,827,1623,238.5,5.58,43.59,13.41,DSYA4_L1,36.04,1.082,476,31.78,1.082,0,0,0,HYP-NORMAL,ALM-PANEL-TEMP
2026-07-14T15:00:00+00:00,828,1638,239.4,5.55,43.6,13.41,DSYA4_L1,36.7,1.084,476,32.48,1.084,0,0,0,HYP-NORMAL,ALM-PANEL-TEMP
2026-07-14T15:15:00+00:00,829,1621,236.8,5.58,43.59,13.41,DSYA4_L1,37.63,1.085,476,32.94,1.085,0,0,0,HYP-NORMAL,ALM-PANEL-TEMP
2026-07-14T15:30:00+00:00,830,1624,237.2,5.57,43.57,13.38,DSYA4_L1,36.92,1.087,476,32.91,1.087,0,0,0,HYP-NORMAL,ALM-PANEL-TEMP
2026-07-14T15:45:00+00:00,831,1623,237.7,5.57,43.53,13.35,DSYA4_L1,37.12,1.088,475,33.01,1.088,0,0,0,HYP-NORMAL,ALM-PANEL-TEMP
2026-07-14T16:00:00+00:00,832,1627,239.7,5.57,43.48,13.3,DSYA4_L1,36.98,1.09,473,33.09,1.09,0,0,0,HYP-NORMAL,ALM-PANEL-TEMP
2026-07-14T16:15:00+00:00,833,1624,240,5.58,43.41,13.24,DSYA4_L1,37,1.091,473,32.98,1.091,0,0,0,HYP-NORMAL,ALM-PANEL-TEMP
2026-07-14T16:30:00+00:00,834,1620,240.3,5.58,43.33,13.17,DSYA4_L1,37.14,1.092,473,33.09,1.092,0,0,0,HYP-NORMAL,ALM-PANEL-TEMP
2026-07-14T16:45:00+00:00,835,1623,241.5,5.58,43.24,13.09,DSYA4_L1,36.59,1.093,472,32.75,1.093,0,0,0,HYP-NORMAL,ALM-PANEL-TEMP
2026-07-14T17:00:00+00:00,836,1628,241.4,5.57,43.13,12.99,DSYA4_L1,36.94,1.094,472,32.34,1.094,0,0,0,HYP-NORMAL,ALM-PANEL-TEMP
2026-07-14T17:15:00+00:00,837,1599,240.7,5.62,43.01,12.88,DSYA4_L1,37.11,1.096,402,33.24,1.096,0,0,0,HYP-NORMAL,ALM-PANEL-TEMP
2026-07-14T17:30:00+00:00,838,1574,235.7,5.66,42.87,12.76,DSYA3_L1,36.37,1.096,402,31.87,1.096,0,0,0,HYP-NORMAL,ALM-PANEL-TEMP
2026-07-14T17:45:00+00:00,839,1567,234.5,5.67,42.73,12.64,DSYA3_L1,35.13,1.097,401,31.1,1.097,0,0,0,HYP-NORMAL,ALM-PANEL-TEMP
2026-07-14T18:00:00+00:00,840,1545,231.4,5.7,42.57,12.5,DSYA3_L1,34.83,1.097,381,30.65,1.097,0,0,0,HYP-NORMAL,ALM-PANEL-TEMP
2026-07-14T18:15:00+00:00,841,1527,228.8,5.73,42.4,12.35,DSYA3_L1,33.8,1.098,377,29.95,1.098,0,0,0,HYP-NORMAL,ALM-PANEL-TEMP
2026-07-14T18:30:00+00:00,842,1500,226.8,5.78,42.22,12.2,DSYA7_L1,33.51,1.098,381,29.15,1.098,0,0,0,HYP-NORMAL,ALM-PANEL-TEMP
2026-07-14T18:45:00+00:00,843,1486,227,5.8,42.04,12.04,DSYA3_L1,32.55,1.098,377,28.44,1.098,0,0,0,HYP-NORMAL,ALM-PANEL-TEMP
2026-07-14T19:00:00+00:00,844,1465,225.1,5.84,41.84,11.88,DSYA3_L1,31.87,1.099,376,27.67,1.099,0,0,0,HYP-NORMAL,ALM-PANEL-TEMP
2026-07-14T19:15:00+00:00,845,1473,223.3,5.82,41.64,11.71,DSYA3_L1,31.11,1.099,400,26.82,1.099,0,0,0,HYP-NORMAL,ALM-PANEL-TEMP
2026-07-14T19:30:00+00:00,846,1483,222.3,5.8,41.43,11.54,DSYA3_L1,30.56,1.099,470,26.86,1.099,0,0,0,HYP-NORMAL,ALM-PANEL-TEMP
2026-07-14T19:45:00+00:00,847,1492,225,5.79,41.21,11.36,DSYA4_L1,30.84,1.1,470,27.14,1.1,0,0,0,HYP-NORMAL,ALM-PANEL-TEMP
2026-07-14T20:00:00+00:00,848,1506,227.5,5.77,40.99,11.18,DSYA4_L1,31.35,1.101,469,27.56,1.101,0,0,0,HYP-NORMAL,ALM-PANEL-TEMP
2026-07-14T20:15:00+00:00,849,1479,224.5,5.81,40.77,11,DSYA3_L1,31.28,1.102,469,28.22,1.102,0,0,0,HYP-NORMAL,ALM-PANEL-TEMP
2026-07-14T20:30:00+00:00,850,1461,223.5,5.84,40.54,10.82,DSYA3_L1,30.69,1.103,469,27.65,1.103,0,0,0,HYP-NORMAL,
2026-07-14T20:45:00+00:00,851,1444,220.9,5.87,40.31,10.64,DSYA7_L1,30.23,1.103,468,26.83,1.103,0,0,0,HYP-NORMAL,
2026-07-14T21:00:00+00:00,852,1422,220.1,5.91,40.08,10.47,DSYA3_L1,29.75,1.103,398,26.17,1.103,0,0,0,HYP-NORMAL,
2026-07-14T21:15:00+00:00,853,1355,211.3,6.02,39.85,10.29,DSYA7_L1,29.08,1.103,354,25.59,1.103,0,0,0,HYP-NORMAL,
2026-07-14T21:30:00+00:00,854,1296,202.1,6.11,39.62,10.11,DSYA3_L1,27.78,1.103,326,23.72,1.103,0,0,30,HYP-LOOSE-CONN,ALM-TTL-14D
2026-07-14T21:45:00+00:00,855,1252,196.4,6.18,39.4,9.94,DSYA7_L1,25.98,1.103,301,21.78,1.103,0,0,30,HYP-LOOSE-CONN,ALM-TTL-14D
2026-07-14T22:00:00+00:00,856,1203,190.3,6.26,39.17,9.78,DSYA3_L1,24.62,1.103,299,20.49,1.103,0,0,30,HYP-LOOSE-CONN,ALM-TTL-14D
2026-07-14T22:15:00+00:00,857,1113,179.7,6.41,38.95,9.61,DSYA3_L1,22.52,1.102,181,18.68,1.102,0,0,30,HYP-LOOSE-CONN,ALM-TTL-14D
2026-07-14T22:30:00+00:00,858,1026,167.5,6.55,38.74,9.45,DSYA7_L1,20.23,1.102,131,16.04,1.102,0,0,30,HYP-LOOSE-CONN,ALM-TTL-14D
2026-07-14T22:45:00+00:00,859,937.7,154.5,6.69,38.53,9.3,DSYA7_L1,18.08,1.102,12,14.03,1.102,0,0,30,HYP-LOOSE-CONN,ALM-TTL-14D
2026-07-14T23:00:00+00:00,860,855.6,142.6,6.82,38.32,9.16,DSYA3_L1,15.6,1.101,10,11.64,1.101,0,0,30,HYP-LOOSE-CONN,ALM-TTL-14D
2026-07-14T23:15:00+00:00,861,776.6,131.3,6.95,38.13,9.02,DSYA7_L1,13.31,1.101,9,9.85,1.101,0,0,30,HYP-LOOSE-CONN,ALM-TTL-14D
2026-07-14T23:30:00+00:00,862,697,119.6,7.08,37.94,8.88,DSYA1_L1,11.18,1.101,8,8.11,1.101,0,0,30,HYP-LOOSE-CONN,ALM-TTL-14D
2026-07-14T23:45:00+00:00,863,615.8,106.7,7.21,37.76,8.76,DSYA7_L1,9.6,1.101,8,6.49,1.101,0,0,30,HYP-LOOSE-CONN,ALM-TTL-14D
2026-07-15T00:00:00+00:00,864,537.8,94.1,7.33,37.66,8.69,DSYA3_L1,7.82,1.101,7,5.4,1.101,0,0,30,HYP-LOOSE-CONN,ALM-TTL-14D
2026-07-15T00:15:00+00:00,865,524.4,91.9,7.35,37.5,8.58,DSYA3_L1,6.47,1.101,7,4.28,1.101,0,0,30,HYP-LOOSE-CONN,ALM-TTL-14D
2026-07-15T00:30:00+00:00,866,507.7,88.7,7.38,37.36,8.48,DSYA7_L1,5.56,1.101,7,3.38,1.101,0,0,30,HYP-LOOSE-CONN,ALM-TTL-14D
2026-07-15T00:45:00+00:00,867,497.3,86.9,7.4,37.22,8.38,DSYA3_L1,4.85,1.101,6,3.22,1.101,0,0,30,HYP-LOOSE-CONN,ALM-TTL-14D
2026-07-15T01:00:00+00:00,868,485.8,85.1,7.41,37.1,8.3,DSYA7_L1,4.33,1.101,6,2.95,1.101,0,0,30,HYP-LOOSE-CONN,ALM-TTL-14D
2026-07-15T01:15:00+00:00,869,478.6,84.1,7.43,36.99,8.23,DSYA3_L1,4.01,1.101,6,2.73,1.101,0,0,30,HYP-LOOSE-CONN,ALM-TTL-14D
2026-07-15T01:30:00+00:00,870,469.8,82.8,7.44,36.9,8.16,DSYA7_L1,3.82,1.101,6,3.07,1.101,0,0,30,HYP-LOOSE-CONN,ALM-TTL-14D
2026-07-15T01:45:00+00:00,871,459.5,81.2,7.46,36.82,8.11,DSYA3_L1,3.38,1.101,5,2.86,1.101,0,0,30,HYP-LOOSE-CONN,ALM-TTL-14D
2026-07-15T02:00:00+00:00,872,448.6,79,7.47,36.75,8.06,DSYA3_L1,3.12,1.101,5,2.89,1.101,0,0,30,HYP-LOOSE-CONN,ALM-TTL-14D
2026-07-15T02:15:00+00:00,873,444.4,78,7.48,36.7,8.03,DSYA3_L1,3.29,1.101,5,2.81,1.101,0,0,30,HYP-LOOSE-CONN,ALM-TTL-14D
2026-07-15T02:30:00+00:00,874,443.2,77.8,7.48,36.66,8,DSYA3_L1,3.36,1.101,4,2.79,1.101,0,0,30,HYP-LOOSE-CONN,ALM-TTL-14D
2026-07-15T02:45:00+00:00,875,444.1,78.1,7.48,36.64,7.99,DSYA1_L1,3.13,1.101,4,2.6,1.101,0,0,30,HYP-LOOSE-CONN,ALM-TTL-14D
2026-07-15T03:00:00+00:00,876,440.7,77.6,7.49,36.63,7.98,DSYA3_L1,2.8,1.101,4,2.11,1.101,0,0,30,HYP-LOOSE-CONN,ALM-TTL-14D
2026-07-15T03:15:00+00:00,877,444.8,78.3,7.48,36.64,7.99,DSYA1_L1,2.88,1.101,4,2.16,1.101,0,0,30,HYP-LOOSE-CONN,ALM-TTL-14D
2026-07-15T03:30:00+00:00,878,442.3,78.5,7.49,36.66,8,DSYA3_L1,2.79,1.101,3,2.46,1.101,0,0,30,HYP-LOOSE-CONN,ALM-TTL-14D
2026-07-15T03:45:00+00:00,879,443.2,78.6,7.48,36.7,8.03,DSYA3_L1,2.9,1.101,3,2.57,1.101,0,0,30,HYP-LOOSE-CONN,ALM-TTL-14D
2026-07-15T04:00:00+00:00,880,439.5,77.9,7.49,36.75,8.06,DSYA4_L1,2.97,1.101,3,2.33,1.101,0,0,30,HYP-LOOSE-CONN,ALM-TTL-14D
2026-07-15T04:15:00+00:00,881,450,79,7.47,36.82,8.11,DSYA4_L1,2.8,1.101,3,2.67,1.101,0,0,30,HYP-LOOSE-CONN,ALM-TTL-14D
2026-07-15T04:30:00+00:00,882,461.3,81.2,7.45,36.9,8.16,DSYA3_L1,3,1.101,2,2.71,1.101,0,0,30,HYP-LOOSE-CONN,ALM-TTL-14D
2026-07-15T04:45:00+00:00,883,471.7,83.1,7.44,36.99,8.23,DSYA4_L1,2.87,1.101,2,2.52,1.101,0,0,30,HYP-LOOSE-CONN,ALM-TTL-14D
2026-07-15T05:00:00+00:00,884,479.9,84.4,7.42,37.1,8.3,DSYA1_L1,3.11,1.101,2,2.93,1.101,0,0,30,HYP-LOOSE-CONN,ALM-TTL-14D
2026-07-15T05:15:00+00:00,885,512.1,89.5,7.37,37.22,8.38,DSYA3_L1,3.3,1.101,2,3.09,1.101,0,0,30,HYP-LOOSE-CONN,ALM-TTL-14D
2026-07-15T05:30:00+00:00,886,548.1,95.3,7.31,37.36,8.48,DSYA4_L1,3.51,1.101,2,2.83,1.101,0,0,30,HYP-LOOSE-CONN,ALM-TTL-14D
2026-07-15T05:45:00+00:00,887,582,101.2,7.26,37.5,8.58,DSYA7_L1,4.09,1.101,2,3.44,1.101,0,0,30,HYP-LOOSE-CONN,ALM-TTL-14D
2026-07-15T06:00:00+00:00,888,618.5,107.1,7.2,37.66,8.69,DSYA4_L1,4.77,1.101,2,4.3,1.101,0,0,30,HYP-LOOSE-CONN,ALM-TTL-14D
2026-07-15T06:15:00+00:00,889,727.8,123.2,7.02,37.83,8.8,DSYA4_L1,5.09,1.101,2,5.04,1.101,0,0,30,HYP-LOOSE-CONN,ALM-TTL-14D
2026-07-15T06:30:00+00:00,890,831.4,137,6.85,38,8.93,DSYA4_L1,6.94,1.101,2,6.01,1.101,0,0,30,HYP-LOOSE-CONN,ALM-TTL-14D
2026-07-15T06:45:00+00:00,891,940.8,152.6,6.68,38.19,9.06,DSYA4_L1,9.21,1.102,173,8.81,1.102,0,0,30,HYP-LOOSE-CONN,ALM-TTL-14D
2026-07-15T07:00:00+00:00,892,1048,166,6.5,38.39,9.2,DSYA4_L1,11.79,1.103,512,10.8,1.103,0,0,0,HYP-NORMAL,
2026-07-15T07:15:00+00:00,893,1143,178,6.35,38.59,9.35,DSYA4_L1,14.43,1.104,794,13.58,1.104,0,0,0,HYP-NORMAL,
2026-07-15T07:30:00+00:00,894,1254,192.5,6.17,38.8,9.5,DSYA4_L1,17.34,1.106,892,16.63,1.106,0,0,0,HYP-NORMAL,
2026-07-15T07:45:00+00:00,895,1370,206.5,5.98,39.01,9.66,DSYA4_L1,20.38,1.107,1011,19.56,1.107,0,0,0,HYP-NORMAL,
2026-07-15T08:00:00+00:00,896,1482,218.3,5.8,39.23,9.82,DSYA4_L1,25.06,1.11,1015,23.44,1.11,0,0,0,HYP-NORMAL,
2026-07-15T08:15:00+00:00,897,1520,224.2,5.74,39.46,9.99,DSYA4_L1,29.46,1.112,961,27.42,1.112,0,0,0,HYP-NORMAL,
2026-07-15T08:30:00+00:00,898,1561,228.9,5.67,39.69,10.16,DSYA4_L1,31.57,1.114,867,29.58,1.114,0,0,0,HYP-NORMAL,
2026-07-15T08:45:00+00:00,899,1602,232.4,5.6,39.91,10.34,DSYA4_L1,33.51,1.117,795,31.69,1.117,0,0,0,HYP-NORMAL,ALM-PANEL-TEMP
2026-07-15T09:00:00+00:00,900,1640,235.8,5.54,40.14,10.51,DSYA4_L1,35.43,1.12,722,33.66,1.12,0,0,0,HYP-NORMAL,ALM-PANEL-TEMP
2026-07-15T09:15:00+00:00,901,1636,234.3,5.54,40.37,10.69,DSYA4_L1,37.18,1.123,650,35.03,1.123,0,0,0,HYP-NORMAL,ALM-PANEL-TEMP
2026-07-15T09:30:00+00:00,902,1632,234.6,5.55,40.6,10.87,DSYA4_L1,37.71,1.126,624,35.44,1.126,0,0,0,HYP-NORMAL,ALM-PANEL-TEMP
2026-07-15T09:45:00+00:00,903,1617,233.4,5.58,40.83,11.05,DSYA4_L1,37.07,1.128,553,35.34,1.128,0,0,0,HYP-NORMAL,ALM-PANEL-TEMP
2026-07-15T10:00:00+00:00,904,1606,231.1,5.59,41.05,11.23,DSYA4_L1,36.96,1.13,509,34.72,1.13,0,0,0,HYP-NORMAL,ALM-PANEL-TEMP
2026-07-15T10:15:00+00:00,905,1612,231.8,5.58,41.27,11.41,DSYA3_L1,35.91,1.132,505,34.52,1.132,0,0,0,HYP-NORMAL,ALM-PANEL-TEMP
2026-07-15T10:30:00+00:00,906,1620,232,5.57,41.49,11.59,DSYA4_L1,36.17,1.135,481,34.9,1.135,0,0,0,HYP-NORMAL,ALM-PANEL-TEMP
2026-07-15T10:45:00+00:00,907,1631,233.2,5.55,41.7,11.76,DSYA4_L1,36.77,1.137,481,34.81,1.137,0,0,0,HYP-NORMAL,ALM-PANEL-TEMP
2026-07-15T11:00:00+00:00,908,1644,232.7,5.53,41.9,11.93,DSYA4_L1,37.37,1.139,478,35.43,1.139,0,0,0,HYP-NORMAL,ALM-PANEL-TEMP
2026-07-15T11:15:00+00:00,909,1640,231.3,5.53,42.1,12.09,DSYA4_L1,37.6,1.141,456,36.07,1.141,0,0,0,HYP-NORMAL,ALM-PANEL-TEMP
2026-07-15T11:30:00+00:00,910,1637,232,5.54,42.28,12.25,DSYA4_L1,37.6,1.144,454,36.31,1.144,0,0,0,HYP-NORMAL,ALM-PANEL-TEMP
2026-07-15T11:45:00+00:00,911,1651,232.5,5.51,42.46,12.41,DSYA4_L1,37.41,1.145,454,35.88,1.145,0,0,0,HYP-NORMAL,ALM-PANEL-TEMP
2026-07-15T12:00:00+00:00,912,1652,232.7,5.51,42.63,12.55,DSYA4_L1,38.36,1.147,453,36.02,1.147,0,0,0,HYP-NORMAL,ALM-PANEL-TEMP
2026-07-15T12:15:00+00:00,913,1638,230.9,5.53,42.79,12.69,DSYA4_L1,38.2,1.149,453,36.6,1.149,0,0,0,HYP-NORMAL,ALM-PANEL-TEMP
2026-07-15T12:30:00+00:00,914,1610,228.2,5.58,42.93,12.82,DSYA3_L1,37.58,1.15,383,36.01,1.15,0,0,0,HYP-NORMAL,ALM-PANEL-TEMP
2026-07-15T12:45:00+00:00,915,1585,225.2,5.62,43.07,12.93,DSYA3_L1,36.82,1.151,382,35.13,1.151,0,0,0,HYP-NORMAL,ALM-PANEL-TEMP
2026-07-15T13:00:00+00:00,916,1558,222.5,5.66,43.19,13.04,DSYA3_L1,36.17,1.152,358,34.44,1.152,0,0,0,HYP-NORMAL,ALM-PANEL-TEMP
2026-07-15T13:15:00+00:00,917,1577,224.1,5.63,43.3,13.14,DSYA3_L1,35.03,1.152,382,33.16,1.152,0,0,0,HYP-NORMAL,ALM-PANEL-TEMP
2026-07-15T13:30:00+00:00,918,1594,226.9,5.61,43.39,13.22,DSYA3_L1,34.8,1.154,382,33.3,1.154,0,0,0,HYP-NORMAL,ALM-PANEL-TEMP
2026-07-15T13:45:00+00:00,919,1596,224.5,5.6,43.47,13.3,DSYA4_L1,35.6,1.155,386,33.96,1.155,0,0,0,HYP-NORMAL,ALM-PANEL-TEMP
2026-07-15T14:00:00+00:00,920,1600,224.9,5.59,43.54,13.36,DSYA4_L1,35.57,1.157,381,34.69,1.157,0,0,0,HYP-NORMAL,ALM-PANEL-TEMP
2026-07-15T14:15:00+00:00,921,1617,225.8,5.56,43.59,13.4,DSYA4_L1,35.49,1.159,451,34.71,1.159,0,0,0,HYP-NORMAL,ALM-PANEL-TEMP
2026-07-15T14:30:00+00:00,922,1633,228,5.54,43.63,13.44,DSYA4_L1,36.33,1.16,451,35.2,1.16,0,0,0,HYP-NORMAL,ALM-PANEL-TEMP
2026-07-15T14:45:00+00:00,923,1651,229.3,5.51,43.65,13.46,DSYA4_L1,37.13,1.162,450,36.09,1.162,0,0,0,HYP-NORMAL,ALM-PANEL-TEMP
2026-07-15T15:00:00+00:00,924,1671,229.4,5.47,43.66,13.47,DSYA4_L1,37.83,1.164,450,36.81,1.164,0,0,0,HYP-NORMAL,ALM-PANEL-TEMP
2026-07-15T15:15:00+00:00,925,1663,228.6,5.48,43.65,13.46,DSYA4_L1,38.51,1.166,450,37.9,1.166,0,0,0,HYP-NORMAL,ALM-PANEL-TEMP
2026-07-15T15:30:00+00:00,926,1658,228.7,5.49,43.63,13.44,DSYA4_L1,38.8,1.167,450,37.77,1.167,0,0,0,HYP-NORMAL,ALM-PANEL-TEMP
2026-07-15T15:45:00+00:00,927,1654,227,5.5,43.59,13.4,DSYA3_L1,38.46,1.17,449,38.13,1.17,0,0,0,HYP-NORMAL,ALM-PANEL-TEMP
2026-07-15T16:00:00+00:00,928,1652,227.6,5.5,43.54,13.36,DSYA4_L1,38.15,1.171,449,37.81,1.171,0,0,0,HYP-NORMAL,ALM-PANEL-TEMP
2026-07-15T16:15:00+00:00,929,1656,227.8,5.5,43.47,13.3,DSYA4_L1,38.19,1.173,379,38.08,1.173,0,0,0,HYP-NORMAL,ALM-PANEL-TEMP
2026-07-15T16:30:00+00:00,930,1649,228.6,5.51,43.39,13.22,DSYA4_L1,38.04,1.174,379,37.95,1.174,0,0,0,HYP-NORMAL,ALM-PANEL-TEMP
2026-07-15T16:45:00+00:00,931,1634,225.3,5.53,43.3,13.14,DSYA3_L1,38.1,1.174,448,37.19,1.174,0,0,0,HYP-NORMAL,ALM-PANEL-TEMP
2026-07-15T17:00:00+00:00,932,1612,222,5.56,43.19,13.04,DSYA4_L1,37.74,1.176,378,37.19,1.176,0,0,0,HYP-NORMAL,ALM-PANEL-TEMP
2026-07-15T17:15:00+00:00,933,1587,217.4,5.6,43.07,12.93,DSYA3_L1,37.28,1.176,378,36.16,1.176,0,0,0,HYP-NORMAL,ALM-PANEL-TEMP
2026-07-15T17:30:00+00:00,934,1572,215.4,5.62,42.93,12.82,DSYA3_L1,36.11,1.177,378,35.52,1.177,0,0,0,HYP-NORMAL,ALM-PANEL-TEMP
2026-07-15T17:45:00+00:00,935,1551,215.3,5.66,42.79,12.69,DSYA3_L1,35.04,1.177,377,35.02,1.177,0,0,0,HYP-NORMAL,ALM-PANEL-TEMP
2026-07-15T18:00:00+00:00,936,1527,213.2,5.7,42.63,12.55,DSYA3_L1,34.65,1.178,353,33.99,1.178,0,0,0,HYP-NORMAL,ALM-PANEL-TEMP
2026-07-15T18:15:00+00:00,937,1507,211,5.73,42.46,12.41,DSYA3_L1,33.57,1.177,375,32.64,1.177,0,0,0,HYP-NORMAL,ALM-PANEL-TEMP
2026-07-15T18:30:00+00:00,938,1485,209.4,5.77,42.28,12.25,DSYA3_L1,33.08,1.178,376,31.93,1.178,0,0,0,HYP-NORMAL,ALM-PANEL-TEMP
2026-07-15T18:45:00+00:00,939,1466,208.8,5.81,42.1,12.09,DSYA3_L1,31.96,1.177,376,30.77,1.177,0,0,0,HYP-NORMAL,ALM-PANEL-TEMP
2026-07-15T19:00:00+00:00,940,1451,208.1,5.83,41.9,11.93,DSYA3_L1,31.11,1.178,356,30.33,1.178,0,0,0,HYP-NORMAL,ALM-PANEL-TEMP
2026-07-15T19:15:00+00:00,941,1472,211.6,5.8,41.7,11.76,DSYA3_L1,30.72,1.178,446,29.39,1.178,0,0,0,HYP-NORMAL,ALM-PANEL-TEMP
2026-07-15T19:30:00+00:00,942,1484,213.2,5.78,41.49,11.59,DSYA4_L1,30.32,1.179,446,29.98,1.179,0,0,0,HYP-NORMAL,ALM-PANEL-TEMP
2026-07-15T19:45:00+00:00,943,1492,212.6,5.77,41.27,11.41,DSYA4_L1,30.96,1.18,445,30.43,1.18,0,0,0,HYP-NORMAL,ALM-PANEL-TEMP
2026-07-15T20:00:00+00:00,944,1500,214.5,5.75,41.05,11.23,DSYA3_L2,31,1.182,445,31,1.182,0,0,0,HYP-NORMAL,ALM-PANEL-TEMP
2026-07-15T20:15:00+00:00,945,1471,211.7,5.8,40.83,11.05,DSYA4_L1,31.38,1.182,445,30.88,1.182,0,0,0,HYP-NORMAL,ALM-PANEL-TEMP
2026-07-15T20:30:00+00:00,946,1442,208,5.85,40.6,10.87,DSYA4_L1,30.52,1.182,445,29.97,1.182,0,0,0,HYP-NORMAL,
2026-07-15T20:45:00+00:00,947,1413,204.6,5.9,40.37,10.69,DSYA3_L1,29.7,1.183,444,29.53,1.183,0,0,0,HYP-NORMAL,
2026-07-15T21:00:00+00:00,948,1386,201.5,5.94,40.14,10.51,DSYA7_L1,28.95,1.183,374,28.5,1.183,0,0,0,HYP-NORMAL,
2026-07-15T21:15:00+00:00,949,1331,196.3,6.03,39.91,10.34,DSYA3_L1,28.3,1.183,354,26.96,1.183,0,0,0,HYP-NORMAL,
2026-07-15T21:30:00+00:00,950,1286,190.4,6.1,39.69,10.16,DSYA3_L1,26.63,1.182,349,24.95,1.182,0,0,0,HYP-NORMAL,
2026-07-15T21:45:00+00:00,951,1236,184.7,6.18,39.46,9.99,DSYA7_L1,25.23,1.181,306,23.38,1.181,0,0,30,HYP-LOOSE-CONN,ALM-TTL-14D
2026-07-15T22:00:00+00:00,952,1188,179.3,6.26,39.23,9.82,DSYA3_L1,23.66,1.181,275,21.77,1.181,0,0,30,HYP-LOOSE-CONN,ALM-TTL-14D
2026-07-15T22:15:00+00:00,953,1101,167.4,6.4,39.01,9.66,DSYA7_L1,21.73,1.181,181,20.16,1.181,0,0,30,HYP-LOOSE-CONN,ALM-TTL-14D
2026-07-15T22:30:00+00:00,954,1017,156.4,6.54,38.8,9.5,DSYA3_L1,19.86,1.18,107,18.11,1.18,0,0,30,HYP-LOOSE-CONN,ALM-TTL-14D
2026-07-15T22:45:00+00:00,955,930.4,144.9,6.68,38.59,9.35,DSYA3_L1,17.86,1.18,11,15.49,1.18,0,0,30,HYP-LOOSE-CONN,ALM-TTL-14D
2026-07-15T23:00:00+00:00,956,854.4,135,6.8,38.39,9.2,DSYA3_L1,15.65,1.179,9,12.83,1.179,0,0,30,HYP-LOOSE-CONN,ALM-TTL-14D
2026-07-15T23:15:00+00:00,957,770.3,123.9,6.94,38.19,9.06,DSYA7_L1,13.27,1.179,9,11.02,1.179,0,0,30,HYP-LOOSE-CONN,ALM-TTL-14D
2026-07-15T23:30:00+00:00,958,691,112.8,7.07,38,8.93,DSYA3_L1,11.16,1.179,8,8.87,1.179,0,0,30,HYP-LOOSE-CONN,ALM-TTL-14D
2026-07-15T23:45:00+00:00,959,609.7,100.4,7.2,37.83,8.8,DSYA7_L1,9.43,1.179,8,7.47,1.179,0,0,30,HYP-LOOSE-CONN,ALM-TTL-14D
2026-07-16T00:00:00+00:00,960,531.6,88.8,7.33,37.72,8.73,DSYA7_L1,7.62,1.179,7,5.52,1.179,0,0,30,HYP-LOOSE-CONN,ALM-TTL-14D
2026-07-16T00:15:00+00:00,961,523.5,87.4,7.34,37.56,8.62,DSYA7_L1,6.22,1.179,7,4.41,1.179,0,0,30,HYP-LOOSE-CONN,ALM-TTL-14D
2026-07-16T00:30:00+00:00,962,515.8,86.5,7.36,37.41,8.52,DSYA7_L1,5.45,1.179,7,3.84,1.179,0,0,30,HYP-LOOSE-CONN,ALM-TTL-14D
2026-07-16T00:45:00+00:00,963,506.5,84.8,7.37,37.28,8.42,DSYA3_L1,4.74,1.179,6,3.78,1.179,0,0,30,HYP-LOOSE-CONN,ALM-TTL-14D
2026-07-16T01:00:00+00:00,964,495.9,82.9,7.39,37.16,8.34,DSYA3_L1,4.06,1.179,6,3.91,1.179,0,0,30,HYP-LOOSE-CONN,ALM-TTL-14D
2026-07-16T01:15:00+00:00,965,484.7,81.6,7.41,37.05,8.27,DSYA3_L1,4.02,1.179,6,3.78,1.179,0,0,30,HYP-LOOSE-CONN,ALM-TTL-14D
2026-07-16T01:30:00+00:00,966,476.2,80,7.42,36.96,8.2,DSYA1_L1,3.77,1.179,5,3.37,1.179,0,0,30,HYP-LOOSE-CONN,ALM-TTL-14D
2026-07-16T01:45:00+00:00,967,467.2,78.4,7.43,36.87,8.15,DSYA3_L2,3.51,1.179,5,3.51,1.179,0,0,30,HYP-LOOSE-CONN,ALM-TTL-14D
2026-07-16T02:00:00+00:00,968,456.7,77.1,7.45,36.81,8.1,DSYA3_L2,3.25,1.179,5,3.25,1.179,0,0,30,HYP-LOOSE-CONN,ALM-TTL-14D
2026-07-16T02:15:00+00:00,969,454.7,77,7.46,36.76,8.07,DSYA1_L1,3.15,1.179,5,3.03,1.179,0,0,30,HYP-LOOSE-CONN,ALM-TTL-14D
2026-07-16T02:30:00+00:00,970,445.4,75.3,7.47,36.72,8.04,DSYA3_L2,3.25,1.179,4,3.25,1.179,0,0,30,HYP-LOOSE-CONN,ALM-TTL-14D
2026-07-16T02:45:00+00:00,971,442.6,75.1,7.48,36.7,8.03,DSYA7_L1,2.92,1.179,4,2.63,1.179,0,0,30,HYP-LOOSE-CONN,ALM-TTL-14D
2026-07-16T03:00:00+00:00,972,439.2,74.3,7.48,36.69,8.02,DSYA3_L2,3.17,1.179,4,3.17,1.179,0,0,30,HYP-LOOSE-CONN,ALM-TTL-14D
2026-07-16T03:15:00+00:00,973,437.6,74.4,7.48,36.7,8.03,DSYA3_L1,2.87,1.179,4,2.49,1.179,0,0,30,HYP-LOOSE-CONN,ALM-TTL-14D
2026-07-16T03:30:00+00:00,974,433.7,73.5,7.49,36.72,8.04,DSYA3_L1,2.94,1.179,3,2.7,1.179,0,0,30,HYP-LOOSE-CONN,ALM-TTL-14D
2026-07-16T03:45:00+00:00,975,433,73.5,7.49,36.76,8.07,DSYA7_L1,2.8,1.179,3,2.78,1.179,0,0,30,HYP-LOOSE-CONN,ALM-TTL-14D
2026-07-16T04:00:00+00:00,976,430.1,72.8,7.5,36.81,8.1,DSYA3_L2,2.96,1.179,3,2.96,1.179,0,0,30,HYP-LOOSE-CONN,ALM-TTL-14D
2026-07-16T04:15:00+00:00,977,437.1,74.3,7.49,36.87,8.15,DSYA3_L1,2.85,1.179,3,2.64,1.179,0,0,30,HYP-LOOSE-CONN,ALM-TTL-14D
2026-07-16T04:30:00+00:00,978,443.4,75.3,7.48,36.96,8.2,DSYA3_L2,3.27,1.179,2,3.27,1.179,0,0,30,HYP-LOOSE-CONN,ALM-TTL-14D
2026-07-16T04:45:00+00:00,979,450.1,76.5,7.46,37.05,8.27,DSYA7_L1,2.94,1.179,2,2.66,1.179,0,0,30,HYP-LOOSE-CONN,ALM-TTL-14D
2026-07-16T05:00:00+00:00,980,460.5,77.8,7.45,37.16,8.34,DSYA7_L1,2.99,1.179,2,2.49,1.179,0,0,30,HYP-LOOSE-CONN,ALM-TTL-14D
2026-07-16T05:15:00+00:00,981,498.6,84.2,7.39,37.28,8.42,DSYA3_L1,3.29,1.179,2,3.14,1.179,0,0,30,HYP-LOOSE-CONN,ALM-TTL-14D
2026-07-16T05:30:00+00:00,982,531.5,89.4,7.33,37.41,8.52,DSYA4_L1,3.48,1.179,2,3.14,1.179,0,0,30,HYP-LOOSE-CONN,ALM-TTL-14D
2026-07-16T05:45:00+00:00,983,564.5,94.8,7.28,37.56,8.62,DSYA7_L1,3.71,1.179,2,3.62,1.179,0,0,30,HYP-LOOSE-CONN,ALM-TTL-14D
2026-07-16T06:00:00+00:00,984,601.1,100.5,7.22,37.72,8.73,DSYA4_L1,4.46,1.179,2,4.29,1.179,0,0,30,HYP-LOOSE-CONN,ALM-TTL-14D
2026-07-16T06:15:00+00:00,985,705.9,115.7,7.05,37.88,8.84,DSYA4_L1,4.91,1.179,2,4.67,1.179,0,0,30,HYP-LOOSE-CONN,ALM-TTL-14D
2026-07-16T06:30:00+00:00,986,808.4,130,6.88,38.06,8.97,DSYA3_L2,6.84,1.18,2,6.84,1.18,0,0,30,HYP-LOOSE-CONN,ALM-TTL-14D
2026-07-16T06:45:00+00:00,987,913.6,144.3,6.71,38.25,9.1,DSYA3_L2,8.8,1.18,148,8.8,1.18,0,0,30,HYP-LOOSE-CONN,ALM-TTL-14D
2026-07-16T07:00:00+00:00,988,1023,158.7,6.53,38.44,9.24,DSYA4_L1,11.03,1.181,488,11,1.181,0,0,0,HYP-NORMAL,
2026-07-16T07:15:00+00:00,989,1131,172.2,6.36,38.65,9.39,DSYA3_L2,13.86,1.182,770,13.86,1.182,0,0,0,HYP-NORMAL,
2026-07-16T07:30:00+00:00,990,1240,184.9,6.18,38.86,9.54,DSYA3_L2,17.31,1.184,844,17.31,1.184,0,0,0,HYP-NORMAL,
2026-07-16T07:45:00+00:00,991,1342,195.6,6.01,39.07,9.7,DSYA3_L2,20.57,1.186,940,20.57,1.186,0,0,0,HYP-NORMAL,
2026-07-16T08:00:00+00:00,992,1445,207.8,5.84,39.29,9.86,DSYA3_L2,25.04,1.189,937,25.04,1.189,0,0,0,HYP-NORMAL,
2026-07-16T08:15:00+00:00,993,1489,213.1,5.77,39.52,10.03,DSYA3_L2,29.11,1.192,795,29.11,1.192,0,0,0,HYP-NORMAL,
2026-07-16T08:30:00+00:00,994,1520,217,5.72,39.74,10.2,DSYA3_L2,31.14,1.195,771,31.14,1.195,0,0,0,HYP-NORMAL,
2026-07-16T08:45:00+00:00,995,1547,220.5,5.68,39.97,10.38,DSYA3_L2,32.72,1.197,769,32.72,1.197,0,0,0,HYP-NORMAL,
2026-07-16T09:00:00+00:00,996,1584,224.5,5.62,40.2,10.56,DSYA3_L2,33.96,1.2,698,33.96,1.2,0,0,0,HYP-NORMAL,ALM-PANEL-TEMP
2026-07-16T09:15:00+00:00,997,1573,224.3,5.64,40.43,10.74,DSYA3_L2,35.63,1.203,626,35.63,1.203,0,0,0,HYP-NORMAL,ALM-PANEL-TEMP
2026-07-16T09:30:00+00:00,998,1572,225.4,5.64,40.66,10.92,DSYA3_L2,35.77,1.206,600,35.77,1.206,0,0,0,HYP-NORMAL,ALM-PANEL-TEMP
2026-07-16T09:45:00+00:00,999,1563,221.8,5.65,40.89,11.1,DSYA3_L2,35.94,1.208,529,35.94,1.208,0,0,0,HYP-NORMAL,ALM-PANEL-TEMP
2026-07-16T10:00:00+00:00,1000,1555,221.1,5.67,41.11,11.28,DSYA3_L2,35.42,1.21,503,35.42,1.21,0,0,0,HYP-NORMAL,ALM-PANEL-TEMP
2026-07-16T10:15:00+00:00,1001,1562,220.4,5.65,41.33,11.46,DSYA3_L2,34.99,1.212,505,34.99,1.212,0,0,0,HYP-NORMAL,ALM-PANEL-TEMP
2026-07-16T10:30:00+00:00,1002,1564,221,5.65,41.55,11.63,DSYA3_L2,35.06,1.214,505,35.06,1.214,0,0,0,HYP-NORMAL,ALM-PANEL-TEMP
2026-07-16T10:45:00+00:00,1003,1568,223.1,5.65,41.75,11.81,DSYA3_L2,35.64,1.216,485,35.64,1.216,0,0,0,HYP-NORMAL,ALM-PANEL-TEMP
2026-07-16T11:00:00+00:00,1004,1577,225.5,5.64,41.96,11.98,DSYA3_L2,35.53,1.218,480,35.53,1.218,0,0,0,HYP-NORMAL,ALM-PANEL-TEMP
2026-07-16T11:15:00+00:00,1005,1566,225.4,5.65,42.15,12.14,DSYA3_L2,35.62,1.22,480,35.62,1.22,0,0,0,HYP-NORMAL,ALM-PANEL-TEMP
2026-07-16T11:30:00+00:00,1006,1561,224.7,5.66,42.34,12.3,DSYA3_L2,35.06,1.221,480,35.06,1.221,0,0,0,HYP-NORMAL,ALM-PANEL-TEMP
2026-07-16T11:45:00+00:00,1007,1566,223,5.65,42.52,12.45,DSYA3_L2,35.49,1.223,456,35.49,1.223,0,0,0,HYP-NORMAL,ALM-PANEL-TEMP
2026-07-16T12:00:00+00:00,1008,1556,220.1,5.66,42.69,12.6,DSYA3_L2,35.5,1.225,453,35.5,1.225,0,0,0,HYP-NORMAL,ALM-PANEL-TEMP
2026-07-16T12:15:00+00:00,1009,1526,215.3,5.71,42.84,12.74,DSYA3_L2,35.24,1.226,431,35.24,1.226,0,0,0,HYP-NORMAL,ALM-PANEL-TEMP
2026-07-16T12:30:00+00:00,1010,1493,211.1,5.76,42.99,12.86,DSYA3_L2,34.81,1.228,429,34.81,1.228,0,0,0,HYP-NORMAL,ALM-PANEL-TEMP
2026-07-16T12:45:00+00:00,1011,1467,208.1,5.8,43.12,12.98,DSYA3_L2,32.99,1.228,430,32.99,1.228,0,0,0,HYP-NORMAL,ALM-PANEL-TEMP
2026-07-16T13:00:00+00:00,1012,1449,204.8,5.83,43.24,13.09,DSYA3_L2,32.09,1.229,428,32.09,1.229,0,0,0,HYP-NORMAL,ALM-PANEL-TEMP
2026-07-16T13:15:00+00:00,1013,1458,206.4,5.81,43.35,13.19,DSYA3_L2,31.22,1.229,428,31.22,1.229,0,0,0,HYP-NORMAL,ALM-PANEL-TEMP
2026-07-16T13:30:00+00:00,1014,1466,207,5.8,43.45,13.27,DSYA3_L2,31.02,1.23,434,31.02,1.23,0,0,0,HYP-NORMAL,ALM-PANEL-TEMP
2026-07-16T13:45:00+00:00,1015,1469,207.5,5.8,43.53,13.35,DSYA3_L2,31.29,1.231,453,31.29,1.231,0,0,0,HYP-NORMAL,ALM-PANEL-TEMP
2026-07-16T14:00:00+00:00,1016,1475,208.9,5.79,43.59,13.41,DSYA3_L2,31.88,1.233,433,31.88,1.233,0,0,0,HYP-NORMAL,ALM-PANEL-TEMP
2026-07-16T14:15:00+00:00,1017,1488,211.3,5.77,43.65,13.45,DSYA3_L2,32.02,1.234,453,32.02,1.234,0,0,0,HYP-NORMAL,ALM-PANEL-TEMP
2026-07-16T14:30:00+00:00,1018,1499,212,5.75,43.68,13.49,DSYA3_L2,32.32,1.236,477,32.32,1.236,0,0,0,HYP-NORMAL,ALM-PANEL-TEMP
2026-07-16T14:45:00+00:00,1019,1512,214.1,5.73,43.71,13.51,DSYA3_L2,32.72,1.237,477,32.72,1.237,0,0,0,HYP-NORMAL,ALM-PANEL-TEMP
2026-07-16T15:00:00+00:00,1020,1525,218.1,5.72,43.71,13.51,DSYA3_L2,33.37,1.239,476,33.37,1.239,0,0,0,HYP-NORMAL,ALM-PANEL-TEMP
2026-07-16T15:15:00+00:00,1021,1508,215.8,5.74,43.71,13.51,DSYA3_L2,33.76,1.24,476,33.76,1.24,0,0,0,HYP-NORMAL,ALM-PANEL-TEMP
2026-07-16T15:30:00+00:00,1022,1511,216.5,5.74,43.68,13.49,DSYA3_L2,33.2,1.241,499,33.2,1.241,0,0,0,HYP-NORMAL,ALM-PANEL-TEMP
2026-07-16T15:45:00+00:00,1023,1513,216.1,5.73,43.65,13.45,DSYA3_L2,33.58,1.242,475,33.58,1.242,0,0,0,HYP-NORMAL,ALM-PANEL-TEMP
2026-07-16T16:00:00+00:00,1024,1508,215,5.74,43.59,13.41,DSYA3_L2,33.46,1.244,475,33.46,1.244,0,0,0,HYP-NORMAL,ALM-PANEL-TEMP
2026-07-16T16:15:00+00:00,1025,1503,214.6,5.75,43.53,13.35,DSYA3_L2,33.33,1.244,475,33.33,1.244,0,0,0,HYP-NORMAL,ALM-PANEL-TEMP
2026-07-16T16:30:00+00:00,1026,1501,215,5.75,43.45,13.27,DSYA3_L2,33.54,1.246,474,33.54,1.246,0,0,0,HYP-NORMAL,ALM-PANEL-TEMP
2026-07-16T16:45:00+00:00,1027,1497,213.7,5.76,43.35,13.19,DSYA3_L2,33.45,1.247,455,33.45,1.247,0,0,0,HYP-NORMAL,ALM-PANEL-TEMP
2026-07-16T17:00:00+00:00,1028,1497,215,5.76,43.24,13.09,DSYA3_L2,32.63,1.247,474,32.63,1.247,0,0,0,HYP-NORMAL,ALM-PANEL-TEMP
2026-07-16T17:15:00+00:00,1029,1477,213.2,5.79,43.12,12.98,DSYA3_L2,33.45,1.25,426,33.45,1.25,0,0,0,HYP-NORMAL,ALM-PANEL-TEMP
2026-07-16T17:30:00+00:00,1030,1461,210.7,5.82,42.99,12.86,DSYA3_L2,32.16,1.249,450,32.16,1.249,0,0,0,HYP-NORMAL,ALM-PANEL-TEMP
2026-07-16T17:45:00+00:00,1031,1427,208.9,5.88,42.84,12.74,DSYA3_L2,31.79,1.25,425,31.79,1.25,0,0,0,HYP-NORMAL,ALM-PANEL-TEMP
2026-07-16T18:00:00+00:00,1032,1397,204.3,5.92,42.69,12.6,DSYA3_L2,30.19,1.25,425,30.19,1.25,0,0,0,HYP-NORMAL,ALM-PANEL-TEMP
2026-07-16T18:15:00+00:00,1033,1387,206,5.95,42.52,12.45,DSYA3_L2,28.77,1.249,449,28.77,1.249,0,0,0,HYP-NORMAL,ALM-PANEL-TEMP
2026-07-16T18:30:00+00:00,1034,1372,203.3,5.97,42.34,12.3,DSYA3_L2,28,1.249,449,28,1.249,0,0,0,HYP-NORMAL,ALM-PANEL-TEMP
2026-07-16T18:45:00+00:00,1035,1355,202,6,42.15,12.14,DSYA3_L2,28.07,1.25,448,28.07,1.25,0,0,0,HYP-NORMAL,ALM-PANEL-TEMP
2026-07-16T19:00:00+00:00,1036,1336,200.1,6.03,41.96,11.98,DSYA3_L2,26.95,1.25,446,26.95,1.25,0,0,0,HYP-NORMAL,ALM-PANEL-TEMP
2026-07-16T19:15:00+00:00,1037,1341,199.3,6.02,41.75,11.81,DSYA3_L2,26.54,1.25,472,26.54,1.25,0,0,0,HYP-NORMAL,ALM-PANEL-TEMP
2026-07-16T19:30:00+00:00,1038,1355,201.6,6,41.55,11.63,DSYA3_L2,26.84,1.252,472,26.84,1.252,0,0,0,HYP-NORMAL,ALM-PANEL-TEMP
2026-07-16T19:45:00+00:00,1039,1369,202.6,5.97,41.33,11.46,DSYA3_L2,26.77,1.252,495,26.77,1.252,0,0,0,HYP-NORMAL,ALM-PANEL-TEMP
2026-07-16T20:00:00+00:00,1040,1384,204.8,5.95,41.11,11.28,DSYA3_L2,27.47,1.254,495,27.47,1.254,0,0,0,HYP-NORMAL,ALM-PANEL-TEMP
2026-07-16T20:15:00+00:00,1041,1361,203.3,5.99,40.89,11.1,DSYA3_L2,27.94,1.255,471,27.94,1.255,0,0,0,HYP-NORMAL,
2026-07-16T20:30:00+00:00,1042,1343,202.2,6.02,40.66,10.92,DSYA3_L2,27.34,1.255,471,27.34,1.255,0,0,0,HYP-NORMAL,
2026-07-16T20:45:00+00:00,1043,1321,198.9,6.05,40.43,10.74,DSYA3_L2,26.38,1.255,470,26.38,1.255,0,0,0,HYP-NORMAL,
2026-07-16T21:00:00+00:00,1044,1306,196.3,6.08,40.2,10.56,DSYA3_L2,25.98,1.255,446,25.98,1.255,0,0,0,HYP-NORMAL,
2026-07-16T21:15:00+00:00,1045,1263,191.4,6.15,39.97,10.38,DSYA3_L2,24.95,1.255,422,24.95,1.255,0,0,0,HYP-NORMAL,
2026-07-16T21:30:00+00:00,1046,1206,184.7,6.24,39.74,10.2,DSYA3_L2,23.92,1.255,420,23.92,1.255,0,0,0,HYP-NORMAL,
2026-07-16T21:45:00+00:00,1047,1161,178.9,6.31,39.52,10.03,DSYA3_L1,22.51,1.254,349,21.98,1.254,0,0,0,HYP-NORMAL,
2026-07-16T22:00:00+00:00,1048,1115,174,6.39,39.29,9.86,DSYA3_L1,20.87,1.254,299,20.62,1.254,0,0,30,HYP-LOOSE-CONN,ALM-TTL-14D
2026-07-16T22:15:00+00:00,1049,1045,164.6,6.5,39.07,9.7,DSYA3_L1,19.6,1.254,251,18.96,1.254,0,0,30,HYP-LOOSE-CONN,ALM-TTL-14D
2026-07-16T22:30:00+00:00,1050,964.9,154.9,6.63,38.86,9.54,DSYA3_L1,17.96,1.253,109,16.82,1.253,0,0,30,HYP-LOOSE-CONN,ALM-TTL-14D
2026-07-16T22:45:00+00:00,1051,878.9,143.3,6.77,38.65,9.39,DSYA3_L1,15.9,1.252,11,14.05,1.252,0,0,30,HYP-LOOSE-CONN,ALM-TTL-14D
2026-07-16T23:00:00+00:00,1052,804.3,133.9,6.9,38.44,9.24,DSYA3_L1,13.72,1.252,9,12.12,1.252,0,0,30,HYP-LOOSE-CONN,ALM-TTL-14D
2026-07-16T23:15:00+00:00,1053,735.4,123.5,7.01,38.25,9.1,DSYA3_L1,11.71,1.252,9,10.21,1.252,0,0,30,HYP-LOOSE-CONN,ALM-TTL-14D
2026-07-16T23:30:00+00:00,1054,659.6,112,7.13,38.06,8.97,DSYA7_L1,9.99,1.252,8,8.27,1.252,0,0,30,HYP-LOOSE-CONN,ALM-TTL-14D
2026-07-16T23:45:00+00:00,1055,578.5,99.3,7.26,37.88,8.84,DSYA7_L1,8.41,1.252,8,7.19,1.252,0,0,30,HYP-LOOSE-CONN,ALM-TTL-14D
2026-07-17T00:00:00+00:00,1056,503.8,87.1,7.38,37.77,8.76,DSYA3_L1,6.9,1.252,7,5.67,1.252,0,0,30,HYP-LOOSE-CONN,ALM-TTL-14D
2026-07-17T00:15:00+00:00,1057,490,85,7.41,37.61,8.65,DSYA3_L1,5.83,1.252,7,4.18,1.252,0,0,30,HYP-LOOSE-CONN,ALM-TTL-14D
2026-07-17T00:30:00+00:00,1058,478.4,83.6,7.43,37.47,8.55,DSYA1_L1,5.17,1.252,7,3.99,1.252,0,0,30,HYP-LOOSE-CONN,ALM-TTL-14D
2026-07-17T00:45:00+00:00,1059,469.7,81.8,7.44,37.33,8.46,DSYA1_L1,4.24,1.251,6,3.18,1.251,0,0,30,HYP-LOOSE-CONN,ALM-TTL-14D
2026-07-17T01:00:00+00:00,1060,460.5,80.3,7.45,37.21,8.38,DSYA7_L1,4.38,1.252,6,3.27,1.252,0,0,30,HYP-LOOSE-CONN,ALM-TTL-14D
2026-07-17T01:15:00+00:00,1061,453,79.2,7.47,37.1,8.3,DSYA1_L1,3.64,1.252,6,3.24,1.252,0,0,30,HYP-LOOSE-CONN,ALM-TTL-14D
2026-07-17T01:30:00+00:00,1062,441.9,77.3,7.48,37.01,8.24,DSYA7_L1,3.28,1.252,5,3.19,1.252,0,0,30,HYP-LOOSE-CONN,ALM-TTL-14D
2026-07-17T01:45:00+00:00,1063,430.7,75.4,7.5,36.93,8.18,DSYA7_L1,3.15,1.252,5,2.73,1.252,0,0,30,HYP-LOOSE-CONN,ALM-TTL-14D
2026-07-17T02:00:00+00:00,1064,423.6,74.2,7.51,36.86,8.14,DSYA7_L1,3.16,1.252,5,2.95,1.252,0,0,30,HYP-LOOSE-CONN,ALM-TTL-14D
2026-07-17T02:15:00+00:00,1065,423.2,73.9,7.51,36.81,8.1,DSYA7_L1,3,1.252,5,2.67,1.252,0,0,30,HYP-LOOSE-CONN,ALM-TTL-14D
2026-07-17T02:30:00+00:00,1066,420.4,73.6,7.52,36.77,8.08,DSYA7_L1,2.58,1.252,4,2.43,1.252,0,0,30,HYP-LOOSE-CONN,ALM-TTL-14D
2026-07-17T02:45:00+00:00,1067,417.8,73.1,7.52,36.75,8.06,DSYA3_L2,2.7,1.252,4,2.7,1.252,0,0,30,HYP-LOOSE-CONN,ALM-TTL-14D
2026-07-17T03:00:00+00:00,1068,414.7,72.6,7.53,36.74,8.06,DSYA7_L1,2.72,1.252,4,2.6,1.252,0,0,30,HYP-LOOSE-CONN,ALM-TTL-14D
2026-07-17T03:15:00+00:00,1069,414.2,72.5,7.53,36.75,8.06,DSYA2_L1,2.54,1.252,4,2.41,1.252,0,0,30,HYP-LOOSE-CONN,ALM-TTL-14D
2026-07-17T03:30:00+00:00,1070,415.2,72.9,7.53,36.77,8.08,DSYA4_L1,2.62,1.252,3,2.49,1.252,0,0,30,HYP-LOOSE-CONN,ALM-TTL-14D
2026-07-17T03:45:00+00:00,1071,415.8,73.1,7.53,36.81,8.1,DSYA7_L1,2.64,1.252,3,2.31,1.252,0,0,30,HYP-LOOSE-CONN,ALM-TTL-14D
2026-07-17T04:00:00+00:00,1072,414.7,72.7,7.53,36.86,8.14,DSYA3_L2,2.65,1.252,3,2.65,1.252,0,0,30,HYP-LOOSE-CONN,ALM-TTL-14D
2026-07-17T04:15:00+00:00,1073,421.3,73.6,7.52,36.93,8.18,DSYA3_L1,2.62,1.252,3,2.47,1.252,0,0,30,HYP-LOOSE-CONN,ALM-TTL-14D
2026-07-17T04:30:00+00:00,1074,429.7,74.8,7.5,37.01,8.24,DSYA4_L1,2.64,1.252,2,2.34,1.252,0,0,30,HYP-LOOSE-CONN,ALM-TTL-14D
2026-07-17T04:45:00+00:00,1075,439.6,76.4,7.49,37.1,8.3,DSYA3_L2,2.74,1.252,2,2.74,1.252,0,0,30,HYP-LOOSE-CONN,ALM-TTL-14D
2026-07-17T05:00:00+00:00,1076,444.8,77.3,7.48,37.21,8.38,DSYA3_L2,2.96,1.252,2,2.96,1.252,0,0,30,HYP-LOOSE-CONN,ALM-TTL-14D
2026-07-17T05:15:00+00:00,1077,475.9,82.3,7.43,37.33,8.46,DSYA7_L1,2.86,1.252,2,2.84,1.252,0,0,30,HYP-LOOSE-CONN,ALM-TTL-14D
2026-07-17T05:30:00+00:00,1078,510.4,88.1,7.37,37.47,8.55,DSYA3_L2,3.41,1.252,2,3.41,1.252,0,0,30,HYP-LOOSE-CONN,ALM-TTL-14D
2026-07-17T05:45:00+00:00,1079,542.5,93.1,7.32,37.61,8.65,DSYA3_L2,3.84,1.252,2,3.84,1.252,0,0,30,HYP-LOOSE-CONN,ALM-TTL-14D
2026-07-17T06:00:00+00:00,1080,578.2,98.7,7.26,37.77,8.76,DSYA3_L2,4.29,1.252,2,4.29,1.252,0,0,30,HYP-LOOSE-CONN,ALM-TTL-14D
2026-07-17T06:15:00+00:00,1081,679.3,114,7.1,37.94,8.88,DSYA3_L2,4.97,1.252,2,4.97,1.252,0,0,30,HYP-LOOSE-CONN,ALM-TTL-14D
2026-07-17T06:30:00+00:00,1082,775,127.8,6.94,38.12,9.01,DSYA3_L2,6.42,1.252,2,6.42,1.252,0,0,30,HYP-LOOSE-CONN,ALM-TTL-14D
2026-07-17T06:45:00+00:00,1083,867.8,141.2,6.79,38.3,9.14,DSYA3_L2,8.59,1.253,172,8.59,1.253,0,0,30,HYP-LOOSE-CONN,ALM-TTL-14D
2026-07-17T07:00:00+00:00,1084,964.4,154.1,6.63,38.5,9.28,DSYA3_L2,10.63,1.254,578,10.63,1.254,0,0,0,HYP-NORMAL,
2026-07-17T07:15:00+00:00,1085,1065,166.8,6.47,38.7,9.43,DSYA3_L2,13.54,1.256,748,13.54,1.256,0,0,0,HYP-NORMAL,
2026-07-17T07:30:00+00:00,1086,1170,180.5,6.3,38.91,9.58,DSYA3_L2,16.5,1.258,824,16.5,1.258,0,0,0,HYP-NORMAL,
2026-07-17T07:45:00+00:00,1087,1260,190.3,6.15,39.12,9.74,DSYA3_L2,19.6,1.26,915,19.6,1.26,0,0,0,HYP-NORMAL,
2026-07-17T08:00:00+00:00,1088,1360,201.7,5.99,39.34,9.9,DSYA3_L2,23.09,1.263,915,23.09,1.263,0,0,0,HYP-NORMAL,
2026-07-17T08:15:00+00:00,1089,1407,206.1,5.91,39.57,10.07,DSYA3_L2,26.95,1.266,795,26.95,1.266,0,0,0,HYP-NORMAL,
2026-07-17T08:30:00+00:00,1090,1439,209.8,5.86,39.79,10.24,DSYA3_L2,29.46,1.27,747,29.46,1.27,0,0,0,HYP-NORMAL,
2026-07-17T08:45:00+00:00,1091,1483,215.8,5.79,40.02,10.42,DSYA3_L2,31.02,1.272,746,31.02,1.272,0,0,0,HYP-NORMAL,
2026-07-17T09:00:00+00:00,1092,1508,219.5,5.75,40.25,10.6,DSYA3_L2,32.99,1.276,674,32.99,1.276,0,0,0,HYP-NORMAL,
2026-07-17T09:15:00+00:00,1093,1485,218.2,5.79,40.48,10.78,DSYA3_L2,34.05,1.279,606,34.05,1.279,0,0,0,HYP-NORMAL,ALM-PANEL-TEMP
2026-07-17T09:30:00+00:00,1094,1483,217.8,5.79,40.71,10.96,DSYA3_L2,33.37,1.28,602,33.37,1.28,0,0,0,HYP-NORMAL,ALM-PANEL-TEMP
2026-07-17T09:45:00+00:00,1095,1478,216.8,5.8,40.94,11.14,DSYA3_L2,33.41,1.282,577,33.41,1.282,0,0,0,HYP-NORMAL,ALM-PANEL-TEMP
2026-07-17T10:00:00+00:00,1096,1481,216.6,5.79,41.16,11.32,DSYA3_L2,33.22,1.284,575,33.22,1.284,0,0,0,HYP-NORMAL,ALM-PANEL-TEMP
2026-07-17T10:15:00+00:00,1097,1493,219.1,5.78,41.38,11.5,DSYA3_L2,33.24,1.286,575,33.24,1.286,0,0,0,HYP-NORMAL,ALM-PANEL-TEMP
2026-07-17T10:30:00+00:00,1098,1510,222.9,5.75,41.6,11.68,DSYA3_L2,33.77,1.288,575,33.77,1.288,0,0,0,HYP-NORMAL,ALM-PANEL-TEMP
2026-07-17T10:45:00+00:00,1099,1531,225.2,5.72,41.81,11.85,DSYA3_L2,33.85,1.29,574,33.85,1.29,0,0,0,HYP-NORMAL,ALM-PANEL-TEMP
2026-07-17T11:00:00+00:00,1100,1540,225.8,5.7,42.01,12.02,DSYA3_L2,35.59,1.294,484,35.59,1.294,0,0,0,HYP-NORMAL,ALM-PANEL-TEMP
2026-07-17T11:15:00+00:00,1101,1531,225,5.72,42.2,12.18,DSYA3_L2,35.87,1.296,480,35.87,1.296,0,0,0,HYP-NORMAL,ALM-PANEL-TEMP
2026-07-17T11:30:00+00:00,1102,1522,224.6,5.73,42.39,12.34,DSYA3_L2,35.67,1.298,460,35.67,1.298,0,0,0,HYP-NORMAL,ALM-PANEL-TEMP
2026-07-17T11:45:00+00:00,1103,1525,223.4,5.73,42.57,12.5,DSYA3_L2,35.85,1.301,455,35.85,1.301,0,0,30,HYP-LOOSE-CONN,ALM-K-WARN;ALM-PANEL-TEMP
2026-07-17T12:00:00+00:00,1104,1531,223.8,5.72,42.74,12.64,DSYA3_L2,35.34,1.302,435,35.34,1.302,0,0,30,HYP-LOOSE-CONN,ALM-K-WARN;ALM-PANEL-TEMP
2026-07-17T12:15:00+00:00,1105,1507,220,5.75,42.89,12.78,DSYA3_L2,35.81,1.305,407,35.81,1.305,0,0,30,HYP-LOOSE-CONN,ALM-K-WARN;ALM-PANEL-TEMP
2026-07-17T12:30:00+00:00,1106,1488,217.8,5.78,43.04,12.91,DSYA3_L2,35.25,1.306,406,35.25,1.306,0,0,30,HYP-LOOSE-CONN,ALM-K-WARN;ALM-PANEL-TEMP
2026-07-17T12:45:00+00:00,1107,1476,219.3,5.81,43.17,13.03,DSYA3_L2,34.25,1.307,406,34.25,1.307,0,0,30,HYP-LOOSE-CONN,ALM-K-WARN;ALM-PANEL-TEMP
2026-07-17T13:00:00+00:00,1108,1441,214.6,5.86,43.29,13.13,DSYA3_L2,33.56,1.308,404,33.56,1.308,0,0,30,HYP-LOOSE-CONN,ALM-K-WARN;ALM-PANEL-TEMP
2026-07-17T13:15:00+00:00,1109,1450,215.3,5.85,43.4,13.23,DSYA3_L2,32.04,1.308,406,32.04,1.308,0,0,30,HYP-LOOSE-CONN,ALM-K-WARN;ALM-PANEL-TEMP
2026-07-17T13:30:00+00:00,1110,1463,216.9,5.83,43.5,13.32,DSYA3_L2,32.36,1.309,406,32.36,1.309,0,0,30,HYP-LOOSE-CONN,ALM-K-WARN;ALM-PANEL-TEMP
2026-07-17T13:45:00+00:00,1111,1471,219.2,5.82,43.58,13.39,DSYA3_L2,33,1.312,405,33,1.312,0,0,30,HYP-LOOSE-CONN,ALM-K-WARN;ALM-PANEL-TEMP
2026-07-17T14:00:00+00:00,1112,1482,220.9,5.8,43.64,13.45,DSYA3_L2,33.13,1.313,403,33.13,1.313,0,0,30,HYP-LOOSE-CONN,ALM-K-WARN;ALM-PANEL-TEMP
2026-07-17T14:15:00+00:00,1113,1493,221.3,5.78,43.7,13.5,DSYA3_L2,33.35,1.315,409,33.35,1.315,0,0,30,HYP-LOOSE-CONN,ALM-K-WARN;ALM-PANEL-TEMP
2026-07-17T14:30:00+00:00,1114,1506,224.2,5.76,43.73,13.53,DSYA3_L2,33.7,1.317,429,33.7,1.317,0,0,30,HYP-LOOSE-CONN,ALM-K-WARN;ALM-PANEL-TEMP
2026-07-17T14:45:00+00:00,1115,1520,225.8,5.74,43.76,13.55,DSYA3_L2,34.38,1.319,428,34.38,1.319,0,0,30,HYP-LOOSE-CONN,ALM-K-WARN;ALM-PANEL-TEMP
2026-07-17T15:00:00+00:00,1116,1530,228.5,5.73,43.76,13.56,DSYA3_L2,35.15,1.321,428,35.15,1.321,0,0,30,HYP-LOOSE-CONN,ALM-K-WARN;ALM-PANEL-TEMP
2026-07-17T15:15:00+00:00,1117,1538,229.4,5.71,43.76,13.55,DSYA3_L2,35.6,1.323,426,35.6,1.323,0,0,30,HYP-LOOSE-CONN,ALM-K-WARN;ALM-PANEL-TEMP
2026-07-17T15:30:00+00:00,1118,1538,230.6,5.72,43.73,13.53,DSYA3_L2,35.98,1.325,404,35.98,1.325,0,0,30,HYP-LOOSE-CONN,ALM-K-WARN;ALM-PANEL-TEMP
2026-07-17T15:45:00+00:00,1119,1533,229.4,5.72,43.7,13.5,DSYA3_L2,35.98,1.327,404,35.98,1.327,0,0,30,HYP-LOOSE-CONN,ALM-K-WARN;ALM-PANEL-TEMP
2026-07-17T16:00:00+00:00,1120,1521,224.6,5.74,43.64,13.45,DSYA3_L2,35.91,1.329,403,35.91,1.329,0,0,30,HYP-LOOSE-CONN,ALM-K-WARN;ALM-PANEL-TEMP
2026-07-17T16:15:00+00:00,1121,1521,224.9,5.74,43.58,13.39,DSYA3_L2,35.47,1.329,403,35.47,1.329,0,0,30,HYP-LOOSE-CONN,ALM-K-WARN;ALM-PANEL-TEMP
2026-07-17T16:30:00+00:00,1122,1519,224.7,5.74,43.5,13.32,DSYA3_L2,35.52,1.331,403,35.52,1.331,0,0,30,HYP-LOOSE-CONN,ALM-K-WARN;ALM-PANEL-TEMP
2026-07-17T16:45:00+00:00,1123,1518,224.7,5.74,43.4,13.23,DSYA3_L2,35.51,1.332,402,35.51,1.332,0,0,30,HYP-LOOSE-CONN,ALM-K-WARN;ALM-PANEL-TEMP
2026-07-17T17:00:00+00:00,1124,1506,223.3,5.76,43.29,13.13,DSYA3_L2,35.44,1.333,400,35.44,1.333,0,0,30,HYP-LOOSE-CONN,ALM-K-WARN;ALM-PANEL-TEMP
2026-07-17T17:15:00+00:00,1125,1490,222.2,5.79,43.17,13.03,DSYA3_L2,35,1.334,400,35,1.334,0,0,30,HYP-LOOSE-CONN,ALM-K-WARN;ALM-PANEL-TEMP
2026-07-17T17:30:00+00:00,1126,1470,220.3,5.82,43.04,12.91,DSYA3_L2,34.14,1.334,402,34.14,1.334,0,0,30,HYP-LOOSE-CONN,ALM-K-WARN;ALM-PANEL-TEMP
2026-07-17T17:45:00+00:00,1127,1441,215.6,5.87,42.89,12.78,DSYA3_L2,33.48,1.335,401,33.48,1.335,0,0,30,HYP-LOOSE-CONN,ALM-K-WARN;ALM-PANEL-TEMP
2026-07-17T18:00:00+00:00,1128,1418,213.5,5.9,42.74,12.64,DSYA3_L2,32.35,1.335,399,32.35,1.335,0,0,30,HYP-LOOSE-CONN,ALM-K-WARN;ALM-PANEL-TEMP
2026-07-17T18:15:00+00:00,1129,1409,212.9,5.92,42.57,12.5,DSYA3_L2,31.61,1.335,399,31.61,1.335,0,0,30,HYP-LOOSE-CONN,ALM-K-WARN;ALM-PANEL-TEMP
2026-07-17T18:30:00+00:00,1130,1384,208.3,5.96,42.39,12.34,DSYA3_L2,30.8,1.335,400,30.8,1.335,0,0,30,HYP-LOOSE-CONN,ALM-K-WARN;ALM-PANEL-TEMP
2026-07-17T18:45:00+00:00,1131,1366,206.2,5.99,42.2,12.18,DSYA3_L2,30.28,1.336,400,30.28,1.336,0,0,30,HYP-LOOSE-CONN,ALM-K-WARN;ALM-PANEL-TEMP
2026-07-17T19:00:00+00:00,1132,1342,204.1,6.03,42.01,12.02,DSYA3_L2,29.44,1.336,398,29.44,1.336,0,0,30,HYP-LOOSE-CONN,ALM-K-WARN;ALM-PANEL-TEMP
2026-07-17T19:15:00+00:00,1133,1346,204.8,6.02,41.81,11.85,DSYA3_L2,28.21,1.335,424,28.21,1.335,0,0,30,HYP-LOOSE-CONN,ALM-K-WARN;ALM-PANEL-TEMP
2026-07-17T19:30:00+00:00,1134,1356,205,6,41.6,11.68,DSYA3_L2,28.23,1.336,448,28.23,1.336,0,0,30,HYP-LOOSE-CONN,ALM-K-WARN;ALM-PANEL-TEMP
2026-07-17T19:45:00+00:00,1135,1368,206.9,5.98,41.38,11.5,DSYA3_L2,28.73,1.338,447,28.73,1.338,0,0,30,HYP-LOOSE-CONN,ALM-K-WARN;ALM-PANEL-TEMP
2026-07-17T20:00:00+00:00,1136,1377,207.8,5.97,41.16,11.32,DSYA3_L2,28.9,1.339,447,28.9,1.339,0,0,30,HYP-LOOSE-CONN,ALM-K-WARN;ALM-PANEL-TEMP
2026-07-17T20:15:00+00:00,1137,1360,205.1,5.99,40.94,11.14,DSYA3_L2,29.4,1.34,423,29.4,1.34,0,0,30,HYP-LOOSE-CONN,ALM-K-WARN
2026-07-17T20:30:00+00:00,1138,1333,201.1,6.04,40.71,10.96,DSYA3_L2,28.9,1.341,423,28.9,1.341,0,0,30,HYP-LOOSE-CONN,ALM-K-WARN
2026-07-17T20:45:00+00:00,1139,1308,197.5,6.08,40.48,10.78,DSYA3_L2,28.26,1.341,422,28.26,1.341,0,0,30,HYP-LOOSE-CONN,ALM-K-WARN
2026-07-17T21:00:00+00:00,1140,1286,194.9,6.11,40.25,10.6,DSYA3_L2,27.09,1.341,420,27.09,1.341,0,0,30,HYP-LOOSE-CONN,ALM-K-WARN
2026-07-17T21:15:00+00:00,1141,1232,187.6,6.2,40.02,10.42,DSYA3_L2,26.38,1.341,396,26.38,1.341,0,0,30,HYP-LOOSE-CONN,ALM-K-WARN
2026-07-17T21:30:00+00:00,1142,1179,181,6.28,39.79,10.24,DSYA3_L2,24.3,1.339,396,24.3,1.339,0,0,30,HYP-LOOSE-CONN,ALM-K-WARN
2026-07-17T21:45:00+00:00,1143,1134,176.5,6.36,39.57,10.07,DSYA3_L2,22.68,1.339,330,22.68,1.339,0,0,50,HYP-LOOSE-CONN,ALM-K-WARN;ALM-TTL-14D
2026-07-17T22:00:00+00:00,1144,1075,168.3,6.45,39.34,9.9,DSYA3_L2,20.91,1.338,299,20.91,1.338,0,0,50,HYP-LOOSE-CONN,ALM-K-WARN;ALM-TTL-14D
2026-07-17T22:15:00+00:00,1145,1009,159.1,6.56,39.12,9.74,DSYA3_L2,19.17,1.338,227,19.17,1.338,0,0,50,HYP-LOOSE-CONN,ALM-K-WARN;ALM-TTL-14D
2026-07-17T22:30:00+00:00,1146,925.5,147.4,6.69,38.91,9.58,DSYA3_L1,16.82,1.337,109,16.8,1.337,0,0,50,HYP-LOOSE-CONN,ALM-K-WARN;ALM-TTL-14D
2026-07-17T22:45:00+00:00,1147,846.8,136.5,6.82,38.7,9.43,DSYA3_L1,15.09,1.337,58,14.46,1.337,0,0,50,HYP-LOOSE-CONN,ALM-K-WARN;ALM-TTL-14D
2026-07-17T23:00:00+00:00,1148,763.7,124.5,6.96,38.5,9.28,DSYA7_L1,12.73,1.336,57,12.38,1.336,0,0,50,HYP-LOOSE-CONN,ALM-K-WARN;ALM-TTL-14D
2026-07-17T23:15:00+00:00,1149,703.4,116.7,7.06,38.3,9.14,DSYA3_L1,11.1,1.336,21,10.15,1.336,0,0,50,HYP-LOOSE-CONN,ALM-K-WARN;ALM-TTL-14D
2026-07-17T23:30:00+00:00,1150,646.7,108,7.15,38.12,9.01,DSYA3_L1,9.37,1.336,19,8.27,1.336,0,0,50,HYP-LOOSE-CONN,ALM-K-WARN;ALM-TTL-14D
2026-07-17T23:45:00+00:00,1151,584.9,99,7.25,37.94,8.88,DSYA3_L1,7.83,1.335,10,7.41,1.335,0,0,50,HYP-LOOSE-CONN,ALM-K-WARN;ALM-TTL-14D
2026-07-18T00:00:00+00:00,1152,524.5,90,7.35,37.82,8.8,DSYA7_L1,6.76,1.335,9,6.01,1.335,0,0,50,HYP-LOOSE-CONN,ALM-K-WARN;ALM-TTL-14D
2026-07-18T00:15:00+00:00,1153,509.7,87.7,7.37,37.66,8.69,DSYA3_L1,5.38,1.335,9,4.66,1.335,0,0,50,HYP-LOOSE-CONN,ALM-K-WARN;ALM-TTL-14D
2026-07-18T00:30:00+00:00,1154,497.1,86.2,7.39,37.52,8.59,DSYA3_L1,4.97,1.335,8,4.16,1.335,0,0,50,HYP-LOOSE-CONN,ALM-K-WARN;ALM-TTL-14D
2026-07-18T00:45:00+00:00,1155,484.7,84.5,7.41,37.38,8.49,DSYA3_L1,4.38,1.335,8,3.87,1.335,0,0,50,HYP-LOOSE-CONN,ALM-K-WARN;ALM-TTL-14D
2026-07-18T01:00:00+00:00,1156,471.6,82.3,7.44,37.26,8.41,DSYA7_L1,3.86,1.335,8,3.27,1.335,0,0,50,HYP-LOOSE-CONN,ALM-K-WARN;ALM-TTL-14D
2026-07-18T01:15:00+00:00,1157,464,81,7.45,37.15,8.34,DSYA3_L2,3.51,1.335,7,3.51,1.335,0,0,50,HYP-LOOSE-CONN,ALM-K-WARN;ALM-TTL-14D
2026-07-18T01:30:00+00:00,1158,458.6,80.4,7.46,37.06,8.27,DSYA3_L2,3.38,1.335,7,3.38,1.335,0,0,50,HYP-LOOSE-CONN,ALM-K-WARN;ALM-TTL-14D
2026-07-18T01:45:00+00:00,1159,445.1,78,7.48,36.98,8.22,DSYA7_L1,3.32,1.335,7,3.05,1.335,0,0,50,HYP-LOOSE-CONN,ALM-K-WARN;ALM-TTL-14D
2026-07-18T02:00:00+00:00,1160,431.6,75.7,7.5,36.91,8.17,DSYA7_L1,3.05,1.335,6,2.98,1.335,0,0,50,HYP-LOOSE-CONN,ALM-K-WARN;ALM-TTL-14D
2026-07-18T02:15:00+00:00,1161,425,74.3,7.51,36.86,8.14,DSYA3_L1,3.16,1.335,6,2.56,1.335,0,0,50,HYP-LOOSE-CONN,ALM-K-WARN;ALM-TTL-14D
2026-07-18T02:30:00+00:00,1162,420.2,73.2,7.52,36.82,8.11,DSYA7_L1,2.87,1.335,6,2.81,1.335,0,0,50,HYP-LOOSE-CONN,ALM-K-WARN;ALM-TTL-14D
2026-07-18T02:45:00+00:00,1163,416.8,72.6,7.52,36.8,8.1,DSYA7_L1,2.78,1.335,5,2.66,1.335,0,0,50,HYP-LOOSE-CONN,ALM-K-WARN;ALM-TTL-14D
2026-07-18T03:00:00+00:00,1164,411.8,72.1,7.53,36.79,8.09,DSYA3_L2,2.73,1.335,5,2.73,1.335,0,0,50,HYP-LOOSE-CONN,ALM-K-WARN;ALM-TTL-14D
2026-07-18T03:15:00+00:00,1165,403.9,70.8,7.54,36.8,8.1,DSYA2_L1,2.66,1.335,5,2.53,1.335,0,0,50,HYP-LOOSE-CONN,ALM-K-WARN;ALM-TTL-14D
2026-07-18T03:30:00+00:00,1166,400.1,70,7.55,36.82,8.11,DSYA4_L1,2.64,1.335,5,2.04,1.335,0,0,50,HYP-LOOSE-CONN,ALM-K-WARN;ALM-TTL-14D
2026-07-18T03:45:00+00:00,1167,396.7,68.9,7.55,36.86,8.14,DSYA1_L1,2.33,1.335,4,2.13,1.335,0,0,50,HYP-LOOSE-CONN,ALM-K-WARN;ALM-TTL-14D
2026-07-18T04:00:00+00:00,1168,396.2,68.9,7.56,36.91,8.17,DSYA3_L2,2.86,1.335,4,2.86,1.335,0,0,50,HYP-LOOSE-CONN,ALM-K-WARN;ALM-TTL-14D
2026-07-18T04:15:00+00:00,1169,399.1,69.3,7.55,36.98,8.22,DSYA3_L2,2.8,1.335,4,2.8,1.335,0,0,50,HYP-LOOSE-CONN,ALM-K-WARN;ALM-TTL-14D
2026-07-18T04:30:00+00:00,1170,402.5,70.1,7.55,37.06,8.27,DSYA3_L2,2.49,1.335,4,2.49,1.335,0,0,50,HYP-LOOSE-CONN,ALM-K-WARN;ALM-TTL-14D
2026-07-18T04:45:00+00:00,1171,402.9,69.9,7.54,37.15,8.34,DSYA3_L2,2.87,1.335,3,2.87,1.335,0,0,50,HYP-LOOSE-CONN,ALM-K-WARN;ALM-TTL-14D
2026-07-18T05:00:00+00:00,1172,408.5,70.4,7.53,37.26,8.41,DSYA6_L1,2.38,1.335,3,2.34,1.335,0,0,50,HYP-LOOSE-CONN,ALM-K-WARN;ALM-TTL-14D
2026-07-18T05:15:00+00:00,1173,419.6,72.2,7.52,37.38,8.49,DSYA3_L2,2.73,1.335,3,2.73,1.335,0,0,50,HYP-LOOSE-CONN,ALM-K-WARN;ALM-TTL-14D
2026-07-18T05:30:00+00:00,1174,434.8,74.7,7.49,37.52,8.59,DSYA3_L2,2.95,1.335,3,2.95,1.335,0,0,50,HYP-LOOSE-CONN,ALM-K-WARN;ALM-TTL-14D
2026-07-18T05:45:00+00:00,1175,446.6,76.5,7.47,37.66,8.69,DSYA3_L2,2.86,1.335,3,2.86,1.335,0,0,50,HYP-LOOSE-CONN,ALM-K-WARN;ALM-TTL-14D
2026-07-18T06:00:00+00:00,1176,458.7,77.8,7.45,37.82,8.8,DSYA3_L1,3.07,1.335,3,2.99,1.335,0,0,50,HYP-LOOSE-CONN,ALM-K-WARN;ALM-TTL-14D
2026-07-18T06:15:00+00:00,1177,491.5,82.8,7.4,37.99,8.92,DSYA3_L2,3.17,1.335,3,3.17,1.335,0,0,50,HYP-LOOSE-CONN,ALM-K-WARN;ALM-TTL-14D
2026-07-18T06:30:00+00:00,1178,525.8,88.2,7.34,38.16,9.04,DSYA3_L2,3.8,1.335,3,3.8,1.335,0,0,50,HYP-LOOSE-CONN,ALM-K-WARN;ALM-TTL-14D
2026-07-18T06:45:00+00:00,1179,560.4,93.3,7.28,38.35,9.18,DSYA3_L2,4.53,1.336,3,4.53,1.336,0,0,50,HYP-LOOSE-CONN,ALM-K-WARN;ALM-TTL-14D
2026-07-18T07:00:00+00:00,1180,592.3,98.3,7.23,38.55,9.32,DSYA3_L2,4.71,1.336,12,4.71,1.336,0,0,50,HYP-LOOSE-CONN,ALM-K-WARN;ALM-TTL-14D
2026-07-18T07:15:00+00:00,1181,636.7,104.1,7.16,38.75,9.46,DSYA3_L2,5.4,1.336,12,5.4,1.336,0,0,50,HYP-LOOSE-CONN,ALM-K-WARN;ALM-TTL-14D
2026-07-18T07:30:00+00:00,1182,685.7,111.4,7.08,38.96,9.62,DSYA3_L2,6.24,1.336,49,6.24,1.336,0,0,50,HYP-LOOSE-CONN,ALM-K-WARN;ALM-TTL-14D
2026-07-18T07:45:00+00:00,1183,740.7,119.2,6.99,39.17,9.78,DSYA3_L2,7.57,1.337,49,7.57,1.337,0,0,50,HYP-LOOSE-CONN,ALM-K-WARN;ALM-TTL-14D
2026-07-18T08:00:00+00:00,1184,787.7,125.9,6.91,39.39,9.94,DSYA3_L2,8.85,1.337,49,8.85,1.337,0,0,50,HYP-LOOSE-CONN,ALM-K-WARN;ALM-TTL-14D
2026-07-18T08:15:00+00:00,1185,829.4,131.3,6.84,39.62,10.11,DSYA3_L2,9.84,1.338,147,9.84,1.338,0,0,50,HYP-LOOSE-CONN,ALM-K-WARN;ALM-TTL-14D
2026-07-18T08:30:00+00:00,1186,869.7,136.3,6.78,39.84,10.28,DSYA3_L2,10.93,1.339,315,10.93,1.339,0,0,50,HYP-LOOSE-CONN,ALM-K-WARN;ALM-TTL-14D
2026-07-18T08:45:00+00:00,1187,913.1,141.9,6.7,40.07,10.46,DSYA3_L2,11.94,1.339,463,11.94,1.339,0,0,30,HYP-LOOSE-CONN,ALM-K-WARN
2026-07-18T09:00:00+00:00,1188,957,147.5,6.63,40.3,10.63,DSYA3_L2,13.46,1.341,552,13.46,1.341,0,0,30,HYP-LOOSE-CONN,ALM-K-WARN
2026-07-18T09:15:00+00:00,1189,972.1,149.3,6.61,40.53,10.81,DSYA3_L2,14.65,1.342,554,14.65,1.342,0,0,30,HYP-LOOSE-CONN,ALM-K-WARN
2026-07-18T09:30:00+00:00,1190,998,152.9,6.57,40.76,11,DSYA3_L2,15.69,1.343,554,15.69,1.343,0,0,30,HYP-LOOSE-CONN,ALM-K-WARN
2026-07-18T09:45:00+00:00,1191,1017,154.9,6.53,40.98,11.18,DSYA3_L2,16.66,1.344,553,16.66,1.344,0,0,30,HYP-LOOSE-CONN,ALM-K-WARN
2026-07-18T10:00:00+00:00,1192,1041,158.4,6.5,41.21,11.36,DSYA3_L2,17.21,1.345,551,17.21,1.345,0,0,30,HYP-LOOSE-CONN,ALM-K-WARN
2026-07-18T10:15:00+00:00,1193,1038,158.7,6.5,41.43,11.54,DSYA3_L2,17.63,1.346,551,17.63,1.346,0,0,30,HYP-LOOSE-CONN,ALM-K-WARN
2026-07-18T10:30:00+00:00,1194,1040,159,6.5,41.64,11.71,DSYA3_L2,17.87,1.347,485,17.87,1.347,0,0,30,HYP-LOOSE-CONN,ALM-K-WARN
2026-07-18T10:45:00+00:00,1195,1032,157.6,6.51,41.85,11.89,DSYA3_L2,18.17,1.348,461,18.17,1.348,0,0,30,HYP-LOOSE-CONN,ALM-K-WARN
2026-07-18T11:00:00+00:00,1196,1029,156.9,6.51,42.05,12.06,DSYA3_L2,18.22,1.349,432,18.22,1.349,0,0,30,HYP-LOOSE-CONN,ALM-K-WARN
2026-07-18T11:15:00+00:00,1197,1032,158.1,6.51,42.25,12.22,DSYA3_L2,17.23,1.349,460,17.23,1.349,0,0,30,HYP-LOOSE-CONN,ALM-K-WARN
2026-07-18T11:30:00+00:00,1198,1024,157.6,6.53,42.44,12.38,DSYA3_L2,17.61,1.35,432,17.61,1.35,0,0,30,HYP-LOOSE-CONN,ALM-K-WARN
2026-07-18T11:45:00+00:00,1199,1025,157.8,6.53,42.61,12.54,DSYA3_L2,17.71,1.351,408,17.71,1.351,0,0,30,HYP-LOOSE-CONN,ALM-K-WARN
2026-07-18T12:00:00+00:00,1200,1028,157.8,6.52,42.78,12.68,DSYA3_L2,17.43,1.351,405,17.43,1.351,0,0,30,HYP-LOOSE-CONN,ALM-K-WARN;ALM-PANEL-TEMP
2026-07-18T12:15:00+00:00,1201,1013,154.8,6.54,42.94,12.82,DSYA3_L2,17.88,1.353,381,17.88,1.353,0,0,30,HYP-LOOSE-CONN,ALM-K-WARN;ALM-PANEL-TEMP
2026-07-18T12:30:00+00:00,1202,1009,155,6.55,43.08,12.95,DSYA3_L2,16.9,1.353,381,16.9,1.353,0,0,30,HYP-LOOSE-CONN,ALM-K-WARN;ALM-PANEL-TEMP
2026-07-18T12:45:00+00:00,1203,998.4,154,6.57,43.22,13.07,DSYA3_L2,17.17,1.353,315,17.17,1.353,0,0,50,HYP-LOOSE-CONN,ALM-K-WARN;ALM-TTL-14D;ALM-PANEL-TEMP
2026-07-18T13:00:00+00:00,1204,977,151.5,6.6,43.34,13.17,DSYA3_L2,17.17,1.354,284,17.17,1.354,0,0,50,HYP-LOOSE-CONN,ALM-K-WARN;ALM-TTL-14D;ALM-PANEL-TEMP
2026-07-18T13:15:00+00:00,1205,959.3,148.7,6.63,43.45,13.27,DSYA3_L2,16.16,1.354,266,16.16,1.354,0,0,50,HYP-LOOSE-CONN,ALM-K-WARN;ALM-TTL-14D;ALM-PANEL-TEMP
2026-07-18T13:30:00+00:00,1206,942,147.3,6.66,43.54,13.36,DSYA3_L2,15.88,1.355,262,15.88,1.355,0,0,50,HYP-LOOSE-CONN,ALM-K-WARN;ALM-TTL-14D;ALM-PANEL-TEMP
2026-07-18T13:45:00+00:00,1207,932.5,146.1,6.68,43.62,13.43,DSYA3_L2,15.03,1.355,238,15.03,1.355,0,0,50,HYP-LOOSE-CONN,ALM-K-WARN;ALM-TTL-14D;ALM-PANEL-TEMP
2026-07-18T14:00:00+00:00,1208,913.2,143.2,6.71,43.69,13.49,DSYA3_L2,14.58,1.355,213,14.58,1.355,0,0,50,HYP-LOOSE-CONN,ALM-K-WARN;ALM-TTL-14D;ALM-PANEL-TEMP
2026-07-18T14:15:00+00:00,1209,904.5,141,6.72,43.74,13.54,DSYA3_L2,14.19,1.355,213,14.19,1.355,0,0,50,HYP-LOOSE-CONN,ALM-K-WARN;ALM-TTL-14D;ALM-PANEL-TEMP
2026-07-18T14:30:00+00:00,1210,895.2,139.5,6.73,43.78,13.57,DSYA3_L2,13.77,1.355,212,13.77,1.355,0,0,50,HYP-LOOSE-CONN,ALM-K-WARN;ALM-TTL-14D;ALM-PANEL-TEMP
2026-07-18T14:45:00+00:00,1211,885.8,139.1,6.75,43.8,13.59,DSYA3_L2,13.48,1.356,212,13.48,1.356,0,0,50,HYP-LOOSE-CONN,ALM-K-WARN;ALM-TTL-14D;ALM-PANEL-TEMP
2026-07-18T15:00:00+00:00,1212,874.6,138,6.77,43.81,13.6,DSYA3_L2,13.38,1.356,210,13.38,1.356,0,0,50,HYP-LOOSE-CONN,ALM-K-WARN;ALM-TTL-14D;ALM-PANEL-TEMP
2026-07-18T15:15:00+00:00,1213,882.7,139,6.76,43.8,13.59,DSYA3_L2,12.94,1.356,210,12.94,1.356,0,0,50,HYP-LOOSE-CONN,ALM-K-WARN;ALM-TTL-14D;ALM-PANEL-TEMP
2026-07-18T15:30:00+00:00,1214,887.1,139.5,6.75,43.78,13.57,DSYA3_L2,13.27,1.357,210,13.27,1.357,0,0,50,HYP-LOOSE-CONN,ALM-K-WARN;ALM-TTL-14D;ALM-PANEL-TEMP
2026-07-18T15:45:00+00:00,1215,893.2,140.9,6.74,43.74,13.54,DSYA3_L2,13.3,1.357,211,13.3,1.357,0,0,50,HYP-LOOSE-CONN,ALM-K-WARN;ALM-TTL-14D;ALM-PANEL-TEMP
2026-07-18T16:00:00+00:00,1216,898.7,142.5,6.73,43.69,13.49,DSYA3_L2,13.49,1.358,209,13.49,1.358,0,0,50,HYP-LOOSE-CONN,ALM-K-WARN;ALM-TTL-14D;ALM-PANEL-TEMP
2026-07-18T16:15:00+00:00,1217,916.3,144.3,6.7,43.62,13.43,DSYA3_L2,13.37,1.358,211,13.37,1.358,0,0,50,HYP-LOOSE-CONN,ALM-K-WARN;ALM-TTL-14D;ALM-PANEL-TEMP
2026-07-18T16:30:00+00:00,1218,937.6,147.6,6.67,43.54,13.36,DSYA3_L2,13.64,1.359,235,13.64,1.359,0,0,50,HYP-LOOSE-CONN,ALM-K-WARN;ALM-TTL-14D;ALM-PANEL-TEMP
2026-07-18T16:45:00+00:00,1219,947.7,149.1,6.65,43.45,13.27,DSYA3_L2,14.47,1.36,234,14.47,1.36,0,0,50,HYP-LOOSE-CONN,ALM-K-WARN;ALM-TTL-14D;ALM-PANEL-TEMP
2026-07-18T17:00:00+00:00,1220,957.8,150.8,6.64,43.34,13.17,DSYA3_L2,15.39,1.362,214,15.39,1.362,0,0,50,HYP-LOOSE-CONN,ALM-K-WARN;ALM-TTL-14D;ALM-PANEL-TEMP
2026-07-18T17:15:00+00:00,1221,990.7,154.1,6.58,43.22,13.07,DSYA3_L2,15.38,1.363,282,15.38,1.363,0,0,50,HYP-LOOSE-CONN,ALM-K-WARN;ALM-TTL-14D;ALM-PANEL-TEMP
2026-07-18T17:30:00+00:00,1222,1026,158,6.52,43.08,12.95,DSYA3_L2,16.14,1.364,306,16.14,1.364,0,0,50,HYP-LOOSE-CONN,ALM-K-WARN;ALM-TTL-14D;ALM-PANEL-TEMP
2026-07-18T17:45:00+00:00,1223,1066,163.4,6.46,42.94,12.82,DSYA3_L2,17.42,1.366,375,17.42,1.366,0,0,30,HYP-LOOSE-CONN,ALM-K-WARN;ALM-PANEL-TEMP
2026-07-18T18:00:00+00:00,1224,1095,165.3,6.41,42.78,12.68,DSYA3_L2,18.46,1.368,375,18.46,1.368,0,0,30,HYP-LOOSE-CONN,ALM-K-WARN;ALM-PANEL-TEMP
2026-07-18T18:15:00+00:00,1225,1113,168,6.38,42.61,12.54,DSYA3_L2,19.81,1.37,375,19.81,1.37,0,0,30,HYP-LOOSE-CONN,ALM-K-WARN;ALM-PANEL-TEMP
2026-07-18T18:30:00+00:00,1226,1139,172.2,6.34,42.44,12.38,DSYA3_L2,20.75,1.373,375,20.75,1.373,0,0,30,HYP-LOOSE-CONN,ALM-K-WARN;ALM-PANEL-TEMP
2026-07-18T18:45:00+00:00,1227,1172,176.8,6.29,42.25,12.22,DSYA3_L2,21.22,1.374,376,21.22,1.374,0,0,30,HYP-LOOSE-CONN,ALM-K-WARN;ALM-PANEL-TEMP
2026-07-18T19:00:00+00:00,1228,1196,179.4,6.25,42.05,12.06,DSYA3_L2,22.87,1.378,374,22.87,1.378,0,0,30,HYP-LOOSE-CONN,ALM-K-WARN;ALM-PANEL-TEMP
2026-07-18T19:15:00+00:00,1229,1217,182.3,6.21,41.85,11.89,DSYA3_L2,23.87,1.381,374,23.87,1.381,0,0,30,HYP-LOOSE-CONN,ALM-K-WARN;ALM-PANEL-TEMP
2026-07-18T19:30:00+00:00,1230,1241,185.5,6.18,41.64,11.71,DSYA3_L2,24.64,1.384,374,24.64,1.384,0,0,30,HYP-LOOSE-CONN,ALM-K-WARN
2026-07-18T19:45:00+00:00,1231,1251,186.4,6.16,41.43,11.54,DSYA3_L2,25.51,1.387,373,25.51,1.387,0,0,30,HYP-LOOSE-CONN,ALM-K-WARN
2026-07-18T20:00:00+00:00,1232,1269,188.4,6.13,41.21,11.36,DSYA3_L2,26.16,1.39,307,26.16,1.39,0,0,50,HYP-LOOSE-CONN,ALM-K-WARN;ALM-TTL-14D
2026-07-18T20:15:00+00:00,1233,1264,188,6.14,40.98,11.18,DSYA3_L2,26.65,1.392,301,26.65,1.392,0,0,50,HYP-LOOSE-CONN,ALM-K-WARN;ALM-TTL-14D
2026-07-18T20:30:00+00:00,1234,1244,186.5,6.17,40.76,11,DSYA3_L2,27.13,1.395,259,27.13,1.395,0,0,50,HYP-LOOSE-CONN,ALM-K-WARN;ALM-TTL-14D
2026-07-18T20:45:00+00:00,1235,1220,184.6,6.21,40.53,10.81,DSYA3_L2,26.19,1.395,278,26.19,1.395,0,0,50,HYP-LOOSE-CONN,ALM-K-WARN;ALM-TTL-14D
2026-07-18T21:00:00+00:00,1236,1203,183.9,6.24,40.3,10.63,DSYA3_L2,25.29,1.395,254,25.29,1.395,0,0,50,HYP-LOOSE-CONN,ALM-K-WARN;ALM-TTL-14D
2026-07-18T21:15:00+00:00,1237,1176,181.3,6.29,40.07,10.46,DSYA3_L2,24.7,1.396,234,24.7,1.396,0,0,50,HYP-LOOSE-CONN,ALM-K-WARN;ALM-TTL-14D
2026-07-18T21:30:00+00:00,1238,1142,176.5,6.34,39.84,10.28,DSYA3_L2,23.82,1.396,229,23.82,1.396,0,0,50,HYP-LOOSE-CONN,ALM-K-WARN;ALM-TTL-14D
2026-07-18T21:45:00+00:00,1239,1115,174.5,6.39,39.62,10.11,DSYA3_L2,22.12,1.395,229,22.12,1.395,0,0,50,HYP-LOOSE-CONN,ALM-K-WARN;ALM-TTL-14D
2026-07-18T22:00:00+00:00,1240,1083,169.4,6.44,39.39,9.94,DSYA3_L2,21.23,1.395,203,21.23,1.395,0,0,50,HYP-LOOSE-CONN,ALM-K-WARN;ALM-TTL-14D
2026-07-18T22:15:00+00:00,1241,1018,160,6.54,39.17,9.78,DSYA3_L2,19.84,1.394,203,19.84,1.394,0,0,50,HYP-LOOSE-CONN,ALM-K-WARN;ALM-TTL-14D
2026-07-18T22:30:00+00:00,1242,958.5,152.8,6.64,38.96,9.62,DSYA3_L2,17.77,1.392,113,17.77,1.392,0,0,50,HYP-LOOSE-CONN,ALM-K-WARN;ALM-TTL-14D
2026-07-18T22:45:00+00:00,1243,895.4,144,6.74,38.75,9.46,DSYA3_L2,15.81,1.391,60,15.81,1.391,0,0,50,HYP-LOOSE-CONN,ALM-K-WARN;ALM-TTL-14D
2026-07-18T23:00:00+00:00,1244,831.2,134.6,6.85,38.55,9.32,DSYA3_L2,14.46,1.391,34,14.46,1.391,0,0,50,HYP-LOOSE-CONN,ALM-K-WARN;ALM-TTL-14D
2026-07-18T23:15:00+00:00,1245,757.3,124.3,6.97,38.35,9.18,DSYA3_L2,12.32,1.39,33,12.32,1.39,0,0,50,HYP-LOOSE-CONN,ALM-K-WARN;ALM-TTL-14D
2026-07-18T23:30:00+00:00,1246,685.6,113.3,7.08,38.16,9.04,DSYA3_L2,10.33,1.389,20,10.33,1.389,0,0,50,HYP-LOOSE-CONN,ALM-K-WARN;ALM-TTL-14D
2026-07-18T23:45:00+00:00,1247,614.6,103.3,7.2,37.99,8.92,DSYA7_L1,8.9,1.389,19,8.44,1.389,0,0,50,HYP-LOOSE-CONN,ALM-K-WARN;ALM-TTL-14D
2026-07-19T00:00:00+00:00,1248,542.2,91.9,7.32,37.86,8.83,DSYA3_L1,7.29,1.389,9,7.08,1.389,0,0,50,HYP-LOOSE-CONN,ALM-K-WARN;ALM-TTL-14D
2026-07-19T00:15:00+00:00,1249,525.1,89,7.34,37.7,8.72,DSYA1_L1,5.93,1.388,9,5.28,1.388,0,0,50,HYP-LOOSE-CONN,ALM-K-WARN;ALM-TTL-14D
2026-07-19T00:30:00+00:00,1250,514.9,87.2,7.36,37.56,8.62,DSYA1_L1,5.03,1.388,9,5,1.388,0,0,50,HYP-LOOSE-CONN,ALM-K-WARN;ALM-TTL-14D
2026-07-19T00:45:00+00:00,1251,493.7,83.5,7.39,37.43,8.52,DSYA7_L1,4.69,1.388,8,4.47,1.388,0,0,50,HYP-LOOSE-CONN,ALM-K-WARN;ALM-TTL-14D
2026-07-19T01:00:00+00:00,1252,479,80.9,7.42,37.3,8.44,DSYA3_L2,4.11,1.388,8,4.11,1.388,0,0,50,HYP-LOOSE-CONN,ALM-K-WARN;ALM-TTL-14D
2026-07-19T01:15:00+00:00,1253,473,79.8,7.43,37.2,8.37,DSYA3_L2,4.28,1.388,8,4.28,1.388,0,0,50,HYP-LOOSE-CONN,ALM-K-WARN;ALM-TTL-14D
2026-07-19T01:30:00+00:00,1254,461.2,77.4,7.44,37.1,8.3,DSYA3_L2,3.7,1.388,7,3.7,1.388,0,0,50,HYP-LOOSE-CONN,ALM-K-WARN;ALM-TTL-14D
2026-07-19T01:45:00+00:00,1255,455.6,77,7.45,37.02,8.25,DSYA3_L2,3.67,1.388,7,3.67,1.388,0,0,50,HYP-LOOSE-CONN,ALM-K-WARN;ALM-TTL-14D
2026-07-19T02:00:00+00:00,1256,444.6,75.2,7.47,36.95,8.2,DSYA3_L2,3.81,1.388,6,3.81,1.388,0,0,50,HYP-LOOSE-CONN,ALM-K-WARN;ALM-TTL-14D
2026-07-19T02:15:00+00:00,1257,437.9,73.6,7.48,36.9,8.17,DSYA3_L2,3.48,1.388,6,3.48,1.388,0,0,50,HYP-LOOSE-CONN,ALM-K-WARN;ALM-TTL-14D
2026-07-19T02:30:00+00:00,1258,432.9,72.9,7.49,36.86,8.14,DSYA3_L2,3.49,1.388,6,3.49,1.388,0,0,50,HYP-LOOSE-CONN,ALM-K-WARN;ALM-TTL-14D
2026-07-19T02:45:00+00:00,1259,426.2,71.7,7.5,36.84,8.13,DSYA3_L2,3.19,1.388,6,3.19,1.388,0,0,50,HYP-LOOSE-CONN,ALM-K-WARN;ALM-TTL-14D
2026-07-19T03:00:00+00:00,1260,420.9,71.1,7.51,36.83,8.12,DSYA3_L2,3,1.388,5,3,1.388,0,0,50,HYP-LOOSE-CONN,ALM-K-WARN;ALM-TTL-14D
2026-07-19T03:15:00+00:00,1261,418.4,70.7,7.51,36.84,8.13,DSYA3_L2,3.15,1.388,5,3.15,1.388,0,0,50,HYP-LOOSE-CONN,ALM-K-WARN;ALM-TTL-14D
2026-07-19T03:30:00+00:00,1262,414.2,70,7.52,36.86,8.14,DSYA3_L2,3.19,1.388,5,3.19,1.388,0,0,50,HYP-LOOSE-CONN,ALM-K-WARN;ALM-TTL-14D
2026-07-19T03:45:00+00:00,1263,410,69.5,7.53,36.9,8.17,DSYA3_L2,3.18,1.389,4,3.18,1.389,0,0,50,HYP-LOOSE-CONN,ALM-K-WARN;ALM-TTL-14D
2026-07-19T04:00:00+00:00,1264,408,68.9,7.53,36.95,8.2,DSYA3_L2,2.78,1.388,4,2.78,1.388,0,0,50,HYP-LOOSE-CONN,ALM-K-WARN;ALM-TTL-14D
2026-07-19T04:15:00+00:00,1265,407.6,69.1,7.53,37.02,8.25,DSYA3_L2,2.87,1.389,4,2.87,1.389,0,0,50,HYP-LOOSE-CONN,ALM-K-WARN;ALM-TTL-14D
2026-07-19T04:30:00+00:00,1266,412.3,70.2,7.53,37.1,8.3,DSYA3_L2,3.22,1.389,4,3.22,1.389,0,0,50,HYP-LOOSE-CONN,ALM-K-WARN;ALM-TTL-14D
2026-07-19T04:45:00+00:00,1267,411.7,70.1,7.53,37.2,8.37,DSYA3_L2,2.91,1.389,4,2.91,1.389,0,0,50,HYP-LOOSE-CONN,ALM-K-WARN;ALM-TTL-14D
2026-07-19T05:00:00+00:00,1268,413.9,69.9,7.52,37.3,8.44,DSYA3_L2,2.71,1.389,3,2.71,1.389,0,0,50,HYP-LOOSE-CONN,ALM-K-WARN;ALM-TTL-14D
2026-07-19T05:15:00+00:00,1269,426.6,71.9,7.5,37.43,8.52,DSYA3_L1,2.66,1.389,3,2.54,1.389,0,0,50,HYP-LOOSE-CONN,ALM-K-WARN;ALM-TTL-14D
2026-07-19T05:30:00+00:00,1270,437.7,73.7,7.48,37.56,8.62,DSYA3_L2,3.25,1.389,3,3.25,1.389,0,0,50,HYP-LOOSE-CONN,ALM-K-WARN;ALM-TTL-14D
2026-07-19T05:45:00+00:00,1271,452.4,75.7,7.46,37.7,8.72,DSYA3_L2,3.21,1.389,3,3.21,1.389,0,0,50,HYP-LOOSE-CONN,ALM-K-WARN;ALM-TTL-14D
2026-07-19T06:00:00+00:00,1272,465,78,7.44,37.86,8.83,DSYA3_L2,3.5,1.389,3,3.5,1.389,0,0,50,HYP-LOOSE-CONN,ALM-K-WARN;ALM-TTL-14D
2026-07-19T06:15:00+00:00,1273,497.9,83.6,7.39,38.03,8.95,DSYA3_L2,3.53,1.389,3,3.53,1.389,0,0,50,HYP-LOOSE-CONN,ALM-K-WARN;ALM-TTL-14D
2026-07-19T06:30:00+00:00,1274,527.6,88.2,7.34,38.21,9.07,DSYA3_L2,4.38,1.389,3,4.38,1.389,0,0,50,HYP-LOOSE-CONN,ALM-K-WARN;ALM-TTL-14D
2026-07-19T06:45:00+00:00,1275,556.1,92.5,7.29,38.39,9.21,DSYA3_L2,4.56,1.389,3,4.56,1.389,0,0,50,HYP-LOOSE-CONN,ALM-K-WARN;ALM-TTL-14D
2026-07-19T07:00:00+00:00,1276,587.2,96.9,7.24,38.59,9.35,DSYA3_L2,5.13,1.39,12,5.13,1.39,0,0,50,HYP-LOOSE-CONN,ALM-K-WARN;ALM-TTL-14D
2026-07-19T07:15:00+00:00,1277,638.8,104.5,7.15,38.79,9.49,DSYA3_L2,6.07,1.39,12,6.07,1.39,0,0,50,HYP-LOOSE-CONN,ALM-K-WARN;ALM-TTL-14D
2026-07-19T07:30:00+00:00,1278,690.2,111.4,7.07,39,9.65,DSYA3_L2,6.8,1.391,25,6.8,1.391,0,0,50,HYP-LOOSE-CONN,ALM-K-WARN;ALM-TTL-14D
2026-07-19T07:45:00+00:00,1279,742.6,118.8,6.98,39.21,9.81,DSYA3_L2,7.96,1.392,25,7.96,1.392,0,0,50,HYP-LOOSE-CONN,ALM-K-WARN;ALM-TTL-14D
2026-07-19T08:00:00+00:00,1280,797.2,126.2,6.89,39.43,9.97,DSYA3_L2,9.34,1.393,25,9.34,1.393,0,0,50,HYP-LOOSE-CONN,ALM-K-WARN;ALM-TTL-14D
2026-07-19T08:15:00+00:00,1281,837.1,131.6,6.83,39.66,10.14,DSYA3_L2,11.13,1.395,75,11.13,1.395,0,0,50,HYP-LOOSE-CONN,ALM-K-WARN;ALM-TTL-14D
2026-07-19T08:30:00+00:00,1282,881,137.6,6.76,39.88,10.31,DSYA3_L2,11.86,1.396,194,11.86,1.396,0,0,50,HYP-LOOSE-CONN,ALM-K-WARN;ALM-TTL-14D
2026-07-19T08:45:00+00:00,1283,930.4,144.7,6.68,40.11,10.49,DSYA3_L2,13.02,1.398,247,13.02,1.398,0,0,50,HYP-LOOSE-CONN,ALM-K-WARN;ALM-TTL-14D
2026-07-19T09:00:00+00:00,1284,981.9,151,6.59,40.34,10.67,DSYA3_L2,14.87,1.401,266,14.87,1.401,0,0,50,HYP-LOOSE-CONN,ALM-K-WARN;ALM-TTL-14D
2026-07-19T09:15:00+00:00,1285,1007,153.4,6.55,40.57,10.85,DSYA3_L2,16.43,1.403,266,16.43,1.403,0,0,50,HYP-LOOSE-CONN,ALM-K-WARN;ALM-TTL-14D
2026-07-19T09:30:00+00:00,1286,1024,156.1,6.52,40.8,11.03,DSYA3_L2,17.27,1.405,270,17.27,1.405,0,0,50,HYP-LOOSE-CONN,ALM-K-WARN;ALM-TTL-14D
2026-07-19T09:45:00+00:00,1287,1048,159.1,6.48,41.03,11.21,DSYA3_L2,18.5,1.408,265,18.5,1.408,0,0,50,HYP-LOOSE-CONN,ALM-K-WARN;ALM-TTL-14D
2026-07-19T10:00:00+00:00,1288,1077,163.9,6.44,41.25,11.39,DSYA3_L2,19.01,1.411,265,19.01,1.411,0,0,50,HYP-LOOSE-CONN,ALM-K-WARN;ALM-TTL-14D
2026-07-19T10:15:00+00:00,1289,1078,164.1,6.44,41.47,11.57,DSYA3_L2,20.03,1.414,241,20.03,1.414,0,0,50,HYP-LOOSE-CONN,ALM-K-WARN;ALM-TTL-14D
2026-07-19T10:30:00+00:00,1290,1084,164.9,6.43,41.68,11.75,DSYA3_L2,20.27,1.416,241,20.27,1.416,0,0,50,HYP-LOOSE-CONN,ALM-K-WARN;ALM-TTL-14D
2026-07-19T10:45:00+00:00,1291,1091,165.6,6.42,41.89,11.92,DSYA3_L2,20.29,1.417,240,20.29,1.417,0,0,50,HYP-LOOSE-CONN,ALM-K-WARN;ALM-TTL-14D
2026-07-19T11:00:00+00:00,1292,1088,165.4,6.42,42.1,12.09,DSYA3_L2,20.84,1.42,214,20.84,1.42,0,0,50,HYP-LOOSE-CONN,ALM-K-WARN;ALM-TTL-14D
2026-07-19T11:15:00+00:00,1293,1083,165.1,6.43,42.29,12.26,DSYA3_L2,21.04,1.422,192,21.04,1.422,0,0,50,HYP-LOOSE-CONN,ALM-K-WARN;ALM-TTL-14D
2026-07-19T11:30:00+00:00,1294,1082,164.3,6.43,42.48,12.42,DSYA3_L2,20.6,1.423,192,20.6,1.423,0,0,50,HYP-LOOSE-CONN,ALM-K-WARN;ALM-TTL-14D;ALM-PANEL-TEMP
2026-07-19T11:45:00+00:00,1295,1079,163.9,6.43,42.65,12.57,DSYA3_L2,20.89,1.426,191,20.89,1.426,0,0,50,HYP-LOOSE-CONN,ALM-K-WARN;ALM-TTL-14D;ALM-PANEL-TEMP
2026-07-19T12:00:00+00:00,1296,1082,164.6,6.43,42.82,12.72,DSYA3_L2,20.75,1.428,189,20.75,1.428,0,0,50,HYP-LOOSE-CONN,ALM-K-WARN;ALM-TTL-14D;ALM-PANEL-TEMP
2026-07-19T12:15:00+00:00,1297,1083,165.2,6.43,42.98,12.85,DSYA3_L2,20.98,1.43,189,20.98,1.43,0,0,50,HYP-LOOSE-CONN,ALM-K-WARN;ALM-TTL-14D;ALM-PANEL-TEMP
2026-07-19T12:30:00+00:00,1298,1067,163.5,6.46,43.12,12.98,DSYA3_L2,20.72,1.432,188,20.72,1.432,0,0,50,HYP-LOOSE-CONN,ALM-K-WARN;ALM-TTL-14D;ALM-PANEL-TEMP
2026-07-19T12:45:00+00:00,1299,1055,161.9,6.48,43.26,13.1,DSYA3_L2,20.01,1.432,188,20.01,1.432,0,0,50,HYP-LOOSE-CONN,ALM-K-WARN;ALM-TTL-14D;ALM-PANEL-TEMP
2026-07-19T13:00:00+00:00,1300,1042,160.1,6.5,43.38,13.21,DSYA3_L2,20.13,1.434,118,20.13,1.434,0,0,50,HYP-LOOSE-CONN,ALM-K-WARN;ALM-TTL-14D;ALM-PANEL-TEMP
2026-07-19T13:15:00+00:00,1301,1029,158.3,6.52,43.49,13.31,DSYA3_L2,19.2,1.434,118,19.2,1.434,0,0,50,HYP-LOOSE-CONN,ALM-K-WARN;ALM-TTL-14D;ALM-PANEL-TEMP
2026-07-19T13:30:00+00:00,1302,1016,156.4,6.54,43.58,13.39,DSYA3_L2,18.7,1.434,117,18.7,1.434,0,0,50,HYP-LOOSE-CONN,ALM-K-WARN;ALM-TTL-14D;ALM-PANEL-TEMP
2026-07-19T13:45:00+00:00,1303,997.4,154.1,6.57,43.66,13.47,DSYA3_L2,18.5,1.435,98,18.5,1.435,0,0,50,HYP-LOOSE-CONN,ALM-K-WARN;ALM-TTL-14D;ALM-PANEL-TEMP
2026-07-19T14:00:00+00:00,1304,985.9,153.3,6.59,43.73,13.53,DSYA3_L2,18.35,1.437,91,18.35,1.437,0,0,50,HYP-LOOSE-CONN,ALM-K-WARN;ALM-TTL-14D;ALM-PANEL-TEMP
2026-07-19T14:15:00+00:00,1305,978.9,151.5,6.6,43.78,13.58,DSYA3_L2,17.34,1.436,91,17.34,1.436,0,0,50,HYP-LOOSE-CONN,ALM-K-WARN;ALM-TTL-14D;ALM-PANEL-TEMP
2026-07-19T14:30:00+00:00,1306,971.1,150.8,6.61,43.82,13.61,DSYA3_L2,17.11,1.437,91,17.11,1.437,0,0,50,HYP-LOOSE-CONN,ALM-K-WARN;ALM-TTL-14D;ALM-PANEL-TEMP
2026-07-19T14:45:00+00:00,1307,958.6,149.5,6.63,43.84,13.63,DSYA3_L2,16.86,1.438,91,16.86,1.438,0,0,50,HYP-LOOSE-CONN,ALM-K-WARN;ALM-TTL-14D;ALM-PANEL-TEMP
2026-07-19T15:00:00+00:00,1308,948.6,149,6.65,43.85,13.64,DSYA3_L2,16.48,1.438,68,16.48,1.438,0,0,50,HYP-LOOSE-CONN,ALM-K-WARN;ALM-TTL-14D;ALM-PANEL-TEMP
2026-07-19T15:15:00+00:00,1309,954.3,149.6,6.64,43.84,13.63,DSYA3_L2,15.92,1.439,72,15.92,1.439,0,0,50,HYP-LOOSE-CONN,ALM-K-WARN;ALM-TTL-14D;ALM-PANEL-TEMP
2026-07-19T15:30:00+00:00,1310,955.4,150,6.64,43.82,13.61,DSYA3_L2,16.25,1.44,72,16.25,1.44,0,0,50,HYP-LOOSE-CONN,ALM-K-WARN;ALM-TTL-14D;ALM-PANEL-TEMP
2026-07-19T15:45:00+00:00,1311,958.1,150.2,6.64,43.78,13.58,DSYA3_L2,15.97,1.441,91,15.97,1.441,0,0,50,HYP-LOOSE-CONN,ALM-K-WARN;ALM-TTL-14D;ALM-PANEL-TEMP
2026-07-19T16:00:00+00:00,1312,961.7,150.2,6.63,43.73,13.53,DSYA3_L2,16.36,1.442,89,16.36,1.442,0,0,50,HYP-LOOSE-CONN,ALM-K-WARN;ALM-TTL-14D;ALM-PANEL-TEMP
2026-07-19T16:15:00+00:00,1313,976.8,152.2,6.61,43.66,13.47,DSYA3_L2,16.16,1.443,91,16.16,1.443,0,0,50,HYP-LOOSE-CONN,ALM-K-WARN;ALM-TTL-14D;ALM-PANEL-TEMP
2026-07-19T16:30:00+00:00,1314,992.4,154.8,6.58,43.58,13.39,DSYA3_L2,16.86,1.445,91,16.86,1.445,0,0,50,HYP-LOOSE-CONN,ALM-K-WARN;ALM-TTL-14D;ALM-PANEL-TEMP
2026-07-19T16:45:00+00:00,1315,1001,155.6,6.57,43.49,13.31,DSYA3_L2,17.49,1.448,95,17.49,1.448,0,0,50,HYP-LOOSE-CONN,ALM-K-WARN;ALM-TTL-14D;ALM-PANEL-TEMP
2026-07-19T17:00:00+00:00,1316,1021,157.1,6.53,43.38,13.21,DSYA3_L2,17.59,1.449,112,17.59,1.449,0,0,50,HYP-LOOSE-CONN,ALM-K-WARN;ALM-TTL-14D;ALM-PANEL-TEMP
2026-07-19T17:15:00+00:00,1317,1048,161.6,6.49,43.26,13.1,DSYA3_L2,18.48,1.452,118,18.48,1.452,0,0,50,HYP-LOOSE-CONN,ALM-K-WARN;ALM-TTL-14D;ALM-PANEL-TEMP
2026-07-19T17:30:00+00:00,1318,1083,166.7,6.43,43.12,12.98,DSYA3_L2,19.21,1.455,183,19.21,1.455,0,0,50,HYP-LOOSE-CONN,ALM-K-WARN;ALM-TTL-14D;ALM-PANEL-TEMP
2026-07-19T17:45:00+00:00,1319,1121,171.7,6.37,42.98,12.85,DSYA3_L2,20.14,1.458,183,20.14,1.458,0,0,50,HYP-LOOSE-CONN,ALM-K-WARN;ALM-TTL-14D;ALM-PANEL-TEMP
2026-07-19T18:00:00+00:00,1320,1149,174.8,6.33,42.82,12.72,DSYA3_L2,21.37,1.462,183,21.37,1.462,0,0,50,HYP-LOOSE-CONN,ALM-K-WARN;ALM-TTL-14D;ALM-PANEL-TEMP
2026-07-19T18:15:00+00:00,1321,1181,179.9,6.28,42.65,12.57,DSYA3_L2,22.86,1.467,183,22.86,1.467,0,0,50,HYP-LOOSE-CONN,ALM-K-WARN;ALM-TTL-14D;ALM-PANEL-TEMP
2026-07-19T18:30:00+00:00,1322,1204,181.5,6.24,42.48,12.42,DSYA3_L2,24.24,1.472,183,24.24,1.472,0,0,50,HYP-LOOSE-CONN,ALM-K-WARN;ALM-TTL-14D;ALM-PANEL-TEMP
2026-07-19T18:45:00+00:00,1323,1223,182.9,6.2,42.29,12.26,DSYA3_L2,25.12,1.476,183,25.12,1.476,0,0,50,HYP-LOOSE-CONN,ALM-K-WARN;ALM-TTL-14D;ALM-PANEL-TEMP
2026-07-19T19:00:00+00:00,1324,1249,187.9,6.17,42.1,12.09,DSYA3_L2,26.09,1.481,182,26.09,1.481,0,0,50,HYP-LOOSE-CONN,ALM-K-WARN;ALM-TTL-14D;ALM-PANEL-TEMP
2026-07-19T19:15:00+00:00,1325,1264,189.6,6.14,41.89,11.92,DSYA3_L2,26.85,1.485,182,26.85,1.485,0,0,50,HYP-LOOSE-CONN,ALM-K-WARN;ALM-TTL-14D;ALM-PANEL-TEMP
2026-07-19T19:30:00+00:00,1326,1280,190.2,6.11,41.68,11.75,DSYA3_L2,27.88,1.491,182,27.88,1.491,0,0,50,HYP-LOOSE-CONN,ALM-K-WARN;ALM-TTL-14D;ALM-PANEL-TEMP
2026-07-19T19:45:00+00:00,1327,1294,192.5,6.09,41.47,11.57,DSYA3_L2,28.62,1.496,182,28.62,1.496,0,0,50,HYP-LOOSE-CONN,ALM-K-WARN;ALM-TTL-14D
2026-07-19T20:00:00+00:00,1328,1313,195.3,6.06,41.25,11.39,DSYA3_L2,29.66,1.502,181,29.66,1.502,0,0,50,HYP-LOOSE-CONN,ALM-K-WARN;ALM-TTL-14D
2026-07-19T20:15:00+00:00,1329,1288,191.8,6.1,41.03,11.21,DSYA3_L2,30.25,1.507,181,30.25,1.507,0,0,50,HYP-LOOSE-CONN,ALM-K-WARN;ALM-TTL-14D
2026-07-19T20:30:00+00:00,1330,1278,190.9,6.12,40.8,11.03,DSYA3_L2,29.69,1.508,180,29.69,1.508,0,0,50,HYP-LOOSE-CONN,ALM-K-WARN;ALM-TTL-14D
2026-07-19T20:45:00+00:00,1331,1263,188.7,6.14,40.57,10.85,DSYA3_L2,29.08,1.507,180,29.08,1.507,0,0,50,HYP-LOOSE-CONN,ALM-K-WARN;ALM-TTL-14D
2026-07-19T21:00:00+00:00,1332,1248,187.4,6.17,40.34,10.67,DSYA3_L2,28.18,1.505,180,28.18,1.505,0,0,50,HYP-LOOSE-CONN,ALM-K-WARN;ALM-TTL-14D
2026-07-19T21:15:00+00:00,1333,1225,182.9,6.2,40.11,10.49,DSYA3_L2,28.04,1.507,180,28.04,1.507,0,0,50,HYP-LOOSE-CONN,ALM-K-WARN;ALM-TTL-14D
2026-07-19T21:30:00+00:00,1334,1189,180.6,6.26,39.88,10.31,DSYA3_L2,27.4,1.508,179,27.4,1.508,0,0,50,HYP-LOOSE-CONN,ALM-K-WARN;ALM-TTL-14D
2026-07-19T21:45:00+00:00,1335,1158,177.4,6.32,39.66,10.14,DSYA3_L2,25.43,1.502,179,25.43,1.502,0,0,50,HYP-LOOSE-CONN,ALM-K-WARN;ALM-TTL-14D
2026-07-19T22:00:00+00:00,1336,1122,173.5,6.37,39.43,9.97,DSYA3_L2,24.55,1.502,179,24.55,1.502,0,0,50,HYP-LOOSE-CONN,ALM-K-WARN;ALM-TTL-14D
2026-07-19T22:15:00+00:00,1337,1057,165.3,6.48,39.21,9.81,DSYA3_L2,22.27,1.497,109,22.27,1.497,0,0,50,HYP-LOOSE-CONN,ALM-K-WARN;ALM-TTL-14D
2026-07-19T22:30:00+00:00,1338,992.4,156.9,6.59,39,9.65,DSYA3_L2,20.63,1.495,83,20.63,1.495,0,0,50,HYP-LOOSE-CONN,ALM-K-WARN;ALM-TTL-14D
2026-07-19T22:45:00+00:00,1339,926.7,147.9,6.69,38.79,9.49,DSYA3_L2,17.88,1.491,36,17.88,1.491,0,0,50,HYP-LOOSE-CONN,ALM-K-WARN;ALM-TTL-14D
2026-07-19T23:00:00+00:00,1340,856.3,138.5,6.81,38.59,9.35,DSYA3_L2,16.1,1.49,10,16.1,1.49,0,0,50,HYP-LOOSE-CONN,ALM-K-WARN;ALM-TTL-14D
2026-07-19T23:15:00+00:00,1341,774.3,127.7,6.94,38.39,9.21,DSYA3_L2,13.58,1.488,9,13.58,1.488,0,0,50,HYP-LOOSE-CONN,ALM-K-WARN;ALM-TTL-14D
2026-07-19T23:30:00+00:00,1342,686.1,114.9,7.09,38.21,9.07,DSYA3_L2,11.35,1.486,9,11.35,1.486,0,0,50,HYP-LOOSE-CONN,ALM-K-WARN;ALM-TTL-14D
2026-07-19T23:45:00+00:00,1343,601.4,102.1,7.22,38.03,8.95,DSYA7_L1,9.07,1.485,8,8.75,1.485,0,0,50,HYP-LOOSE-CONN,ALM-K-WARN;ALM-TTL-14D
2026-07-20T00:00:00+00:00,1344,516.6,88.6,7.36,37.9,8.86,DSYA3_L1,7.58,1.485,7,6.85,1.485,0,0,50,HYP-LOOSE-CONN,ALM-K-WARN;ALM-TTL-14D
2026-07-20T00:15:00+00:00,1345,504.2,86.5,7.38,37.74,8.75,DSYA3_L1,6.08,1.484,7,5.06,1.484,0,0,50,HYP-LOOSE-CONN,ALM-K-WARN;ALM-TTL-14D
2026-07-20T00:30:00+00:00,1346,498.2,85.6,7.39,37.6,8.64,DSYA3_L1,5.11,1.484,7,4.76,1.484,0,0,50,HYP-LOOSE-CONN,ALM-K-WARN;ALM-TTL-14D
2026-07-20T00:45:00+00:00,1347,491.1,84.4,7.4,37.46,8.55,DSYA7_L1,4.6,1.484,6,4.54,1.484,0,0,50,HYP-LOOSE-CONN,ALM-K-WARN;ALM-TTL-14D
2026-07-20T01:00:00+00:00,1348,479.6,82.5,7.42,37.34,8.47,DSYA3_L2,4.7,1.484,6,4.7,1.484,0,0,50,HYP-LOOSE-CONN,ALM-K-WARN;ALM-TTL-14D
2026-07-20T01:15:00+00:00,1349,472.8,81.6,7.43,37.23,8.39,DSYA3_L2,4.19,1.484,6,4.19,1.484,0,0,50,HYP-LOOSE-CONN,ALM-K-WARN;ALM-TTL-14D
2026-07-20T01:30:00+00:00,1350,466,80.3,7.44,37.14,8.33,DSYA3_L2,3.86,1.484,6,3.86,1.484,0,0,50,HYP-LOOSE-CONN,ALM-K-WARN;ALM-TTL-14D
2026-07-20T01:45:00+00:00,1351,458,79.1,7.46,37.06,8.27,DSYA3_L2,4.03,1.484,5,4.03,1.484,0,0,50,HYP-LOOSE-CONN,ALM-K-WARN;ALM-TTL-14D
2026-07-20T02:00:00+00:00,1352,448.5,77.6,7.47,36.99,8.23,DSYA3_L2,3.4,1.484,5,3.4,1.484,0,0,50,HYP-LOOSE-CONN,ALM-K-WARN;ALM-TTL-14D
2026-07-20T02:15:00+00:00,1353,445.4,77.2,7.48,36.94,8.19,DSYA3_L2,3.92,1.485,5,3.92,1.485,0,0,50,HYP-LOOSE-CONN,ALM-K-WARN;ALM-TTL-14D
2026-07-20T02:30:00+00:00,1354,443.5,76.6,7.48,36.9,8.17,DSYA3_L2,4.23,1.485,4,4.23,1.485,0,0,50,HYP-LOOSE-CONN,ALM-K-WARN;ALM-TTL-14D
2026-07-20T02:45:00+00:00,1355,440,76.1,7.48,36.88,8.15,DSYA3_L2,3.5,1.485,4,3.5,1.485,0,0,50,HYP-LOOSE-CONN,ALM-K-WARN;ALM-TTL-14D
2026-07-20T03:00:00+00:00,1356,438.3,75.7,7.49,36.87,8.15,DSYA3_L2,3.95,1.485,4,3.95,1.485,0,0,50,HYP-LOOSE-CONN,ALM-K-WARN;ALM-TTL-14D
2026-07-20T03:15:00+00:00,1357,438.4,76.1,7.49,36.88,8.15,DSYA3_L2,3.39,1.485,4,3.39,1.485,0,0,50,HYP-LOOSE-CONN,ALM-K-WARN;ALM-TTL-14D
2026-07-20T03:30:00+00:00,1358,435.7,75.6,7.49,36.9,8.17,DSYA3_L2,3.49,1.485,3,3.49,1.485,0,0,50,HYP-LOOSE-CONN,ALM-K-WARN;ALM-TTL-14D
2026-07-20T03:45:00+00:00,1359,434.7,75.7,7.49,36.94,8.19,DSYA3_L2,3.67,1.485,3,3.67,1.485,0,0,50,HYP-LOOSE-CONN,ALM-K-WARN;ALM-TTL-14D
2026-07-20T04:00:00+00:00,1360,431.9,75.8,7.5,36.99,8.23,DSYA3_L2,3.16,1.485,3,3.16,1.485,0,0,50,HYP-LOOSE-CONN,ALM-K-WARN;ALM-TTL-14D
2026-07-20T04:15:00+00:00,1361,437.7,76.5,7.49,37.06,8.27,DSYA3_L2,3.2,1.485,3,3.2,1.485,0,0,50,HYP-LOOSE-CONN,ALM-K-WARN;ALM-TTL-14D
2026-07-20T04:30:00+00:00,1362,447.4,78.1,7.47,37.14,8.33,DSYA3_L2,3.34,1.485,2,3.34,1.485,0,0,50,HYP-LOOSE-CONN,ALM-K-WARN;ALM-TTL-14D
2026-07-20T04:45:00+00:00,1363,457.7,79.6,7.46,37.23,8.39,DSYA3_L2,3.36,1.485,2,3.36,1.485,0,0,50,HYP-LOOSE-CONN,ALM-K-WARN;ALM-TTL-14D
2026-07-20T05:00:00+00:00,1364,469.2,81.5,7.44,37.34,8.47,DSYA3_L2,3.58,1.485,2,3.58,1.485,0,0,50,HYP-LOOSE-CONN,ALM-K-WARN;ALM-TTL-14D
2026-07-20T05:15:00+00:00,1365,505,86.9,7.38,37.46,8.55,DSYA3_L2,3.86,1.485,2,3.86,1.485,0,0,50,HYP-LOOSE-CONN,ALM-K-WARN;ALM-TTL-14D
2026-07-20T05:30:00+00:00,1366,539,92.5,7.33,37.6,8.64,DSYA3_L2,4.21,1.485,2,4.21,1.485,0,0,50,HYP-LOOSE-CONN,ALM-K-WARN;ALM-TTL-14D
2026-07-20T05:45:00+00:00,1367,573.8,97.7,7.27,37.74,8.75,DSYA3_L2,5.24,1.486,2,5.24,1.486,0,0,50,HYP-LOOSE-CONN,ALM-K-WARN;ALM-TTL-14D
2026-07-20T06:00:00+00:00,1368,608.2,103,7.21,37.9,8.86,DSYA3_L2,5.61,1.486,2,5.61,1.486,0,0,50,HYP-LOOSE-CONN,ALM-K-WARN;ALM-TTL-14D
2026-07-20T06:15:00+00:00,1369,714.9,119.2,7.04,38.07,8.97,DSYA3_L2,6.48,1.487,2,6.48,1.487,0,0,50,HYP-LOOSE-CONN,ALM-K-WARN;ALM-TTL-14D
2026-07-20T06:30:00+00:00,1370,819.9,134.1,6.87,38.24,9.1,DSYA3_L2,8.68,1.489,2,8.68,1.489,0,0,50,HYP-LOOSE-CONN,ALM-K-WARN;ALM-TTL-14D
2026-07-20T06:45:00+00:00,1371,920.8,147.7,6.7,38.43,9.23,DSYA3_L2,11.25,1.492,76,11.25,1.492,0,0,50,HYP-LOOSE-CONN,ALM-K-WARN;ALM-TTL-14D
2026-07-20T07:00:00+00:00,1372,1028,162.7,6.53,38.63,9.37,DSYA3_L2,14.57,1.496,196,14.57,1.496,0,0,50,HYP-LOOSE-CONN,ALM-K-WARN;ALM-TTL-14D
2026-07-20T07:15:00+00:00,1373,1132,175.7,6.36,38.83,9.52,DSYA3_L2,18,1.501,338,18,1.501,0,0,30,HYP-LOOSE-CONN,ALM-K-WARN
2026-07-20T07:30:00+00:00,1374,1248,190.7,6.17,39.04,9.68,DSYA3_L2,21.69,1.506,340,21.69,1.506,0,0,30,HYP-LOOSE-CONN,ALM-K-WARN
2026-07-20T07:45:00+00:00,1375,1352,201.3,6,39.25,9.84,DSYA3_L2,26.15,1.513,363,26.15,1.513,0,0,30,HYP-LOOSE-CONN,ALM-K-WARN
2026-07-20T08:00:00+00:00,1376,1461,212.1,5.82,39.47,10,DSYA3_L2,31.52,1.521,363,31.52,1.521,0,0,50,HYP-LOOSE-CONN,ALM-THR-PHASE-DIF;ALM-K-WARN
2026-07-20T08:15:00+00:00,1377,1498,215.9,5.76,39.69,10.17,DSYA3_L2,37.01,1.53,339,37.01,1.53,0,0,50,HYP-LOOSE-CONN,ALM-THR-PHASE-DIF;ALM-K-WARN
2026-07-20T08:30:00+00:00,1378,1541,220.4,5.69,39.92,10.34,DSYA3_L2,39.39,1.536,337,39.39,1.536,0,0,50,HYP-LOOSE-CONN,ALM-THR-PHASE-DIF;ALM-K-WARN
2026-07-20T08:45:00+00:00,1379,1570,222.8,5.64,40.15,10.52,DSYA3_L2,42.36,1.545,336,42.36,1.545,0,0,50,HYP-LOOSE-CONN,ALM-THR-PHASE-DIF;ALM-K-WARN;ALM-PANEL-TEMP
2026-07-20T09:00:00+00:00,1380,1609,228,5.58,40.38,10.7,DSYA3_L2,44.4,1.554,336,44.4,1.554,0,0,50,HYP-LOOSE-CONN,ALM-THR-PHASE-DIF;ALM-K-WARN;ALM-PANEL-TEMP
2026-07-20T09:15:00+00:00,1381,1610,230,5.58,40.61,10.88,DSYA3_L2,46.24,1.562,264,46.24,1.562,0,0,70,HYP-LOOSE-CONN,ALM-THR-PHASE-DIF;ALM-K-WARN;ALM-TTL-14D;ALM-PANEL-TEMP
2026-07-20T09:30:00+00:00,1382,1599,228.3,5.6,40.84,11.06,DSYA3_L2,46.92,1.57,242,46.92,1.57,0,0,70,HYP-LOOSE-CONN,ALM-THR-PHASE-DIF;ALM-K-WARN;ALM-TTL-14D;ALM-PANEL-TEMP
2026-07-20T09:45:00+00:00,1383,1586,227.2,5.62,41.06,11.24,DSYA3_L2,46.24,1.573,241,46.24,1.573,0,0,70,HYP-LOOSE-CONN,ALM-THR-PHASE-DIF;ALM-K-WARN;ALM-TTL-14D;ALM-PANEL-TEMP
2026-07-20T10:00:00+00:00,1384,1580,227.1,5.63,41.29,11.42,DSYA3_L2,46.1,1.578,221,46.1,1.578,0,0,70,HYP-LOOSE-CONN,ALM-THR-PHASE-DIF;ALM-K-WARN;ALM-TTL-14D;ALM-PANEL-TEMP
2026-07-20T10:15:00+00:00,1385,1590,228.3,5.62,41.51,11.6,DSYA3_L2,45.7,1.582,239,45.7,1.582,0,0,70,HYP-LOOSE-CONN,ALM-THR-PHASE-DIF;ALM-K-WARN;ALM-TTL-14D;ALM-PANEL-TEMP
2026-07-20T10:30:00+00:00,1386,1607,230.5,5.59,41.72,11.78,DSYA3_L2,45.76,1.585,240,45.76,1.585,0,0,70,HYP-LOOSE-CONN,ALM-THR-PHASE-DIF;ALM-K-WARN;ALM-TTL-14D;ALM-PANEL-TEMP
2026-07-20T10:45:00+00:00,1387,1622,232.4,5.57,41.93,11.95,DSYA3_L2,46.68,1.59,240,46.68,1.59,0,0,70,HYP-LOOSE-CONN,ALM-THR-PHASE-DIF;ALM-K-WARN;ALM-TTL-14D;ALM-PANEL-TEMP
2026-07-20T11:00:00+00:00,1388,1629,233,5.55,42.13,12.12,DSYA3_L2,47.48,1.595,238,47.48,1.595,0,0,70,HYP-LOOSE-CONN,ALM-THR-PHASE-DIF;ALM-K-WARN;ALM-TTL-14D;ALM-PANEL-TEMP
2026-07-20T11:15:00+00:00,1389,1633,233.4,5.55,42.33,12.29,DSYA3_L2,48.49,1.601,220,48.49,1.601,0,0,90,HYP-LOOSE-CONN,ALM-THR-PHASE-DIF;ALM-K-WARN;ALM-K-ALM;ALM-TTL-14D;ALM-PANEL-TEMP
2026-07-20T11:30:00+00:00,1390,1623,234,5.57,42.51,12.45,DSYA3_L2,48.34,1.603,238,48.34,1.603,0,0,90,HYP-LOOSE-CONN,ALM-THR-PHASE-DIF;ALM-K-WARN;ALM-K-ALM;ALM-TTL-14D;ALM-PANEL-TEMP
2026-07-20T11:45:00+00:00,1391,1616,232.9,5.58,42.69,12.6,DSYA3_L2,48.14,1.606,238,48.14,1.606,0,0,90,HYP-LOOSE-CONN,ALM-THR-PHASE-DIF;ALM-K-WARN;ALM-K-ALM;ALM-TTL-14D;ALM-PANEL-TEMP
2026-07-20T12:00:00+00:00,1392,1606,230.6,5.59,42.86,12.75,DSYA3_L2,47.89,1.608,237,47.89,1.608,0,0,90,HYP-LOOSE-CONN,ALM-THR-PHASE-DIF;ALM-K-WARN;ALM-K-ALM;ALM-TTL-14D;ALM-PANEL-TEMP
2026-07-20T12:15:00+00:00,1393,1588,231,5.63,43.01,12.89,DSYA3_L2,47.12,1.609,237,47.12,1.609,0,0,90,HYP-LOOSE-CONN,ALM-THR-PHASE-DIF;ALM-K-WARN;ALM-K-ALM;ALM-TTL-14D;ALM-PANEL-TEMP
2026-07-20T12:30:00+00:00,1394,1566,228.6,5.66,43.16,13.02,DSYA3_L2,46.31,1.61,237,46.31,1.61,0,0,90,HYP-LOOSE-CONN,ALM-THR-PHASE-DIF;ALM-K-WARN;ALM-K-ALM;ALM-TTL-14D;ALM-PANEL-TEMP
2026-07-20T12:45:00+00:00,1395,1554,226.3,5.68,43.29,13.13,DSYA3_L2,45.12,1.61,237,45.12,1.61,0,0,90,HYP-LOOSE-CONN,ALM-THR-PHASE-DIF;ALM-K-WARN;ALM-K-ALM;ALM-TTL-14D;ALM-PANEL-TEMP
2026-07-20T13:00:00+00:00,1396,1535,224.1,5.71,43.41,13.24,DSYA3_L2,44.24,1.61,218,44.24,1.61,0,0,90,HYP-LOOSE-CONN,ALM-THR-PHASE-DIF;ALM-K-WARN;ALM-K-ALM;ALM-TTL-14D;ALM-PANEL-TEMP
2026-07-20T13:15:00+00:00,1397,1546,226.3,5.69,43.52,13.34,DSYA3_L2,43.2,1.61,238,43.2,1.61,0,0,90,HYP-LOOSE-CONN,ALM-THR-PHASE-DIF;ALM-K-WARN;ALM-K-ALM;ALM-TTL-14D;ALM-PANEL-TEMP
2026-07-20T13:30:00+00:00,1398,1549,228.3,5.69,43.62,13.43,DSYA3_L2,43.34,1.612,260,43.34,1.612,0,0,90,HYP-LOOSE-CONN,ALM-THR-PHASE-DIF;ALM-K-WARN;ALM-K-ALM;ALM-TTL-14D;ALM-PANEL-TEMP
2026-07-20T13:45:00+00:00,1399,1557,227.1,5.67,43.7,13.5,DSYA3_L2,43.25,1.613,261,43.25,1.613,0,0,90,HYP-LOOSE-CONN,ALM-THR-PHASE-DIF;ALM-K-WARN;ALM-K-ALM;ALM-TTL-14D;ALM-PANEL-TEMP
2026-07-20T14:00:00+00:00,1400,1566,227,5.66,43.76,13.56,DSYA3_L2,43.91,1.615,261,43.91,1.615,0,0,90,HYP-LOOSE-CONN,ALM-THR-PHASE-DIF;ALM-K-WARN;ALM-K-ALM;ALM-TTL-14D;ALM-PANEL-TEMP
2026-07-20T14:15:00+00:00,1401,1583,228.8,5.63,43.82,13.61,DSYA3_L2,44.49,1.617,331,44.49,1.617,0,0,90,HYP-LOOSE-CONN,ALM-THR-PHASE-DIF;ALM-K-WARN;ALM-K-ALM;ALM-TTL-14D;ALM-PANEL-TEMP
2026-07-20T14:30:00+00:00,1402,1599,230.6,5.6,43.85,13.64,DSYA3_L2,45.82,1.621,330,45.82,1.621,0,0,90,HYP-LOOSE-CONN,ALM-THR-PHASE-DIF;ALM-K-WARN;ALM-K-ALM;ALM-TTL-14D;ALM-PANEL-TEMP
2026-07-20T14:45:00+00:00,1403,1622,233.7,5.57,43.88,13.66,DSYA3_L2,46.5,1.623,330,46.5,1.623,0,0,90,HYP-LOOSE-CONN,ALM-THR-PHASE-DIF;ALM-K-WARN;ALM-K-ALM;ALM-TTL-14D;ALM-PANEL-TEMP
2026-07-20T15:00:00+00:00,1404,1645,236.2,5.53,43.88,13.67,DSYA3_L2,47.89,1.627,330,47.89,1.627,0,0,90,HYP-LOOSE-CONN,ALM-THR-PHASE-DIF;ALM-K-WARN;ALM-K-ALM;ALM-TTL-14D;ALM-PANEL-TEMP
2026-07-20T15:15:00+00:00,1405,1632,233.9,5.55,43.88,13.66,DSYA3_L2,49.25,1.63,330,49.25,1.63,0,0,90,HYP-LOOSE-CONN,ALM-THR-PHASE-DIF;ALM-K-WARN;ALM-K-ALM;ALM-TTL-14D;ALM-PANEL-TEMP
2026-07-20T15:30:00+00:00,1406,1618,232.2,5.57,43.85,13.64,DSYA3_L2,48.91,1.631,330,48.91,1.631,0,0,90,HYP-LOOSE-CONN,ALM-THR-PHASE-DIF;ALM-K-WARN;ALM-K-ALM;ALM-TTL-14D;ALM-PANEL-TEMP
2026-07-20T15:45:00+00:00,1407,1618,232,5.57,43.82,13.61,DSYA3_L2,47.85,1.63,330,47.85,1.63,0,0,90,HYP-LOOSE-CONN,ALM-THR-PHASE-DIF;ALM-K-WARN;ALM-K-ALM;ALM-TTL-14D;ALM-PANEL-TEMP
2026-07-20T16:00:00+00:00,1408,1613,233.7,5.58,43.76,13.56,DSYA3_L2,47.83,1.631,329,47.83,1.631,0,0,90,HYP-LOOSE-CONN,ALM-THR-PHASE-DIF;ALM-K-WARN;ALM-K-ALM;ALM-TTL-14D;ALM-PANEL-TEMP
2026-07-20T16:15:00+00:00,1409,1607,232.8,5.59,43.7,13.5,DSYA3_L2,47.61,1.631,329,47.61,1.631,0,0,90,HYP-LOOSE-CONN,ALM-THR-PHASE-DIF;ALM-K-WARN;ALM-K-ALM;ALM-TTL-14D;ALM-PANEL-TEMP
2026-07-20T16:30:00+00:00,1410,1604,233.4,5.6,43.62,13.43,DSYA3_L2,47.43,1.633,331,47.43,1.633,0,0,90,HYP-LOOSE-CONN,ALM-THR-PHASE-DIF;ALM-K-WARN;ALM-K-ALM;ALM-TTL-14D;ALM-PANEL-TEMP
2026-07-20T16:45:00+00:00,1411,1602,234,5.61,43.52,13.34,DSYA3_L2,47.23,1.633,331,47.23,1.633,0,0,90,HYP-LOOSE-CONN,ALM-THR-PHASE-DIF;ALM-K-WARN;ALM-K-ALM;ALM-TTL-14D;ALM-PANEL-TEMP
2026-07-20T17:00:00+00:00,1412,1592,233.7,5.62,43.41,13.24,DSYA3_L2,46.53,1.633,352,46.53,1.633,0,0,70,HYP-LOOSE-CONN,ALM-THR-PHASE-DIF;ALM-K-WARN;ALM-K-ALM;ALM-PANEL-TEMP
2026-07-20T17:15:00+00:00,1413,1571,231.8,5.66,43.29,13.13,DSYA3_L2,46.46,1.634,334,46.46,1.634,0,0,90,HYP-LOOSE-CONN,ALM-THR-PHASE-DIF;ALM-K-WARN;ALM-K-ALM;ALM-TTL-14D;ALM-PANEL-TEMP
2026-07-20T17:30:00+00:00,1414,1547,228.7,5.7,43.16,13.02,DSYA3_L2,45.14,1.633,354,45.14,1.633,0,0,70,HYP-LOOSE-CONN,ALM-THR-PHASE-DIF;ALM-K-WARN;ALM-K-ALM;ALM-PANEL-TEMP
2026-07-20T17:45:00+00:00,1415,1527,227.6,5.73,43.01,12.89,DSYA3_L2,44.14,1.633,353,44.14,1.633,0,0,70,HYP-LOOSE-CONN,ALM-THR-PHASE-DIF;ALM-K-WARN;ALM-K-ALM;ALM-PANEL-TEMP
2026-07-20T18:00:00+00:00,1416,1501,224.9,5.77,42.86,12.75,DSYA3_L2,42.73,1.632,353,42.73,1.632,0,0,70,HYP-LOOSE-CONN,ALM-THR-PHASE-DIF;ALM-K-WARN;ALM-K-ALM;ALM-PANEL-TEMP
2026-07-20T18:15:00+00:00,1417,1498,225.9,5.78,42.69,12.6,DSYA3_L2,41.58,1.632,357,41.58,1.632,0,0,70,HYP-LOOSE-CONN,ALM-THR-PHASE-DIF;ALM-K-WARN;ALM-K-ALM;ALM-PANEL-TEMP
2026-07-20T18:30:00+00:00,1418,1477,224.5,5.82,42.51,12.45,DSYA3_L2,40.58,1.631,377,40.58,1.631,0,0,70,HYP-LOOSE-CONN,ALM-THR-PHASE-DIF;ALM-K-WARN;ALM-K-ALM;ALM-PANEL-TEMP
2026-07-20T18:45:00+00:00,1419,1447,220.1,5.86,42.33,12.29,DSYA3_L2,39.87,1.632,376,39.87,1.632,0,0,70,HYP-LOOSE-CONN,ALM-THR-PHASE-DIF;ALM-K-WARN;ALM-K-ALM;ALM-PANEL-TEMP
2026-07-20T19:00:00+00:00,1420,1430,217.8,5.89,42.13,12.12,DSYA3_L2,38.82,1.632,374,38.82,1.632,0,0,70,HYP-LOOSE-CONN,ALM-THR-PHASE-DIF;ALM-K-WARN;ALM-K-ALM;ALM-PANEL-TEMP
2026-07-20T19:15:00+00:00,1421,1442,220.4,5.87,41.93,11.95,DSYA3_L2,37.69,1.631,400,37.69,1.631,0,0,70,HYP-LOOSE-CONN,ALM-THR-PHASE-DIF;ALM-K-WARN;ALM-K-ALM;ALM-PANEL-TEMP
2026-07-20T19:30:00+00:00,1422,1460,224.5,5.85,41.72,11.78,DSYA3_L2,37.74,1.632,424,37.74,1.632,0,0,70,HYP-LOOSE-CONN,ALM-THR-PHASE-DIF;ALM-K-WARN;ALM-K-ALM;ALM-PANEL-TEMP
2026-07-20T19:45:00+00:00,1423,1474,227.6,5.83,41.51,11.6,DSYA3_L2,38.41,1.634,493,38.41,1.634,0,0,70,HYP-LOOSE-CONN,ALM-THR-PHASE-DIF;ALM-K-WARN;ALM-K-ALM;ALM-PANEL-TEMP
2026-07-20T20:00:00+00:00,1424,1477,229.2,5.83,41.29,11.42,DSYA3_L2,38.81,1.635,493,38.81,1.635,0,0,70,HYP-LOOSE-CONN,ALM-THR-PHASE-DIF;ALM-K-WARN;ALM-K-ALM;ALM-PANEL-TEMP
2026-07-20T20:15:00+00:00,1425,1457,226.9,5.86,41.06,11.24,DSYA3_L2,39.03,1.635,427,39.03,1.635,0,0,70,HYP-LOOSE-CONN,ALM-THR-PHASE-DIF;ALM-K-WARN;ALM-K-ALM;ALM-PANEL-TEMP
2026-07-20T20:30:00+00:00,1426,1434,227.1,5.9,40.84,11.06,DSYA3_L2,38.51,1.636,423,38.51,1.636,0,0,70,HYP-LOOSE-CONN,ALM-THR-PHASE-DIF;ALM-K-WARN;ALM-K-ALM
2026-07-20T20:45:00+00:00,1427,1404,220.6,5.94,40.61,10.88,DSYA3_L2,37.03,1.635,492,37.03,1.635,0,0,70,HYP-LOOSE-CONN,ALM-THR-PHASE-DIF;ALM-K-WARN;ALM-K-ALM
2026-07-20T21:00:00+00:00,1428,1385,221,5.98,40.38,10.7,DSYA3_L2,35.82,1.635,426,35.82,1.635,0,0,70,HYP-LOOSE-CONN,ALM-THR-PHASE-DIF;ALM-K-WARN;ALM-K-ALM
2026-07-20T21:15:00+00:00,1429,1335,214.6,6.06,40.15,10.52,DSYA3_L2,34.58,1.634,398,34.58,1.634,0,0,70,HYP-LOOSE-CONN,ALM-THR-PHASE-DIF;ALM-K-WARN;ALM-K-ALM
2026-07-20T21:30:00+00:00,1430,1281,206.7,6.14,39.92,10.34,DSYA3_L2,32.6,1.633,374,32.6,1.633,0,0,50,HYP-LOOSE-CONN,ALM-K-WARN;ALM-K-ALM
2026-07-20T21:45:00+00:00,1431,1228,199.2,6.23,39.69,10.17,DSYA3_L2,30.3,1.633,349,30.3,1.633,0,0,50,HYP-LOOSE-CONN,ALM-K-WARN;ALM-K-ALM
2026-07-20T22:00:00+00:00,1432,1171,190.9,6.32,39.47,10,DSYA3_L2,27.67,1.631,323,27.67,1.631,0,0,70,HYP-LOOSE-CONN,ALM-K-WARN;ALM-K-ALM;ALM-TTL-14D
2026-07-20T22:15:00+00:00,1433,1077,177.6,6.47,39.25,9.84,DSYA3_L2,25.5,1.631,205,25.5,1.631,0,0,70,HYP-LOOSE-CONN,ALM-K-WARN;ALM-K-ALM;ALM-TTL-14D
2026-07-20T22:30:00+00:00,1434,987.2,164.6,6.61,39.04,9.68,DSYA3_L2,21.82,1.629,85,21.82,1.629,0,0,70,HYP-LOOSE-CONN,ALM-K-WARN;ALM-K-ALM;ALM-TTL-14D
2026-07-20T22:45:00+00:00,1435,902.2,152,6.75,38.83,9.52,DSYA3_L2,18.39,1.629,10,18.39,1.629,0,0,70,HYP-LOOSE-CONN,ALM-K-WARN;ALM-K-ALM;ALM-TTL-14D
2026-07-20T23:00:00+00:00,1436,820.6,140.6,6.88,38.63,9.37,DSYA3_L2,15.78,1.628,9,15.78,1.628,0,0,70,HYP-LOOSE-CONN,ALM-K-WARN;ALM-K-ALM;ALM-TTL-14D
2026-07-20T23:15:00+00:00,1437,750.5,128.8,6.99,38.43,9.23,DSYA3_L2,13.3,1.628,9,13.3,1.628,0,0,70,HYP-LOOSE-CONN,ALM-K-WARN;ALM-K-ALM;ALM-TTL-14D
2026-07-20T23:30:00+00:00,1438,670.8,116.6,7.12,38.24,9.1,DSYA3_L2,10.88,1.628,8,10.88,1.628,0,0,70,HYP-LOOSE-CONN,ALM-K-WARN;ALM-K-ALM;ALM-TTL-14D
2026-07-20T23:45:00+00:00,1439,595,104,7.24,38.07,8.97,DSYA7_L1,8.81,1.627,8,8.59,1.627,0,0,70,HYP-LOOSE-CONN,ALM-K-WARN;ALM-K-ALM;ALM-TTL-14D
2026-07-21T00:00:00+00:00,1440,517,91.8,7.37,37.93,8.88,DSYA7_L1,7.35,1.627,7,6.72,1.627,0,0,70,HYP-LOOSE-CONN,ALM-K-WARN;ALM-K-ALM;ALM-TTL-14D
2026-07-21T00:15:00+00:00,1441,504.8,89.2,7.39,37.78,8.77,DSYA3_L1,5.88,1.627,7,5.32,1.627,0,0,70,HYP-LOOSE-CONN,ALM-K-WARN;ALM-K-ALM;ALM-TTL-14D
2026-07-21T00:30:00+00:00,1442,496.7,87.7,7.4,37.63,8.67,DSYA3_L2,4.84,1.627,7,4.84,1.627,0,0,70,HYP-LOOSE-CONN,ALM-K-WARN;ALM-K-ALM;ALM-TTL-14D
2026-07-21T00:45:00+00:00,1443,484.4,85.2,7.42,37.5,8.57,DSYA3_L1,4.63,1.627,6,4.55,1.627,0,0,70,HYP-LOOSE-CONN,ALM-K-WARN;ALM-K-ALM;ALM-TTL-14D
2026-07-21T01:00:00+00:00,1444,471.9,82.7,7.44,37.38,8.49,DSYA3_L2,4.21,1.627,6,4.21,1.627,0,0,70,HYP-LOOSE-CONN,ALM-K-WARN;ALM-K-ALM;ALM-TTL-14D
2026-07-21T01:15:00+00:00,1445,464.8,81.5,7.45,37.27,8.42,DSYA3_L2,4.1,1.627,6,4.1,1.627,0,0,70,HYP-LOOSE-CONN,ALM-K-WARN;ALM-K-ALM;ALM-TTL-14D
2026-07-21T01:30:00+00:00,1446,458.3,80.1,7.46,37.17,8.35,DSYA3_L2,3.97,1.627,5,3.97,1.627,0,0,70,HYP-LOOSE-CONN,ALM-K-WARN;ALM-K-ALM;ALM-TTL-14D
2026-07-21T01:45:00+00:00,1447,447.9,78.4,7.47,37.09,8.3,DSYA3_L2,3.95,1.627,5,3.95,1.627,0,0,70,HYP-LOOSE-CONN,ALM-K-WARN;ALM-K-ALM;ALM-TTL-14D
2026-07-21T02:00:00+00:00,1448,439.5,77.5,7.49,37.03,8.25,DSYA3_L2,4.34,1.627,5,4.34,1.627,0,0,70,HYP-LOOSE-CONN,ALM-K-WARN;ALM-K-ALM;ALM-TTL-14D
2026-07-21T02:15:00+00:00,1449,438.4,77.4,7.49,36.97,8.22,DSYA3_L2,3.69,1.627,5,3.69,1.627,0,0,70,HYP-LOOSE-CONN,ALM-K-WARN;ALM-K-ALM;ALM-TTL-14D
2026-07-21T02:30:00+00:00,1450,435,77.1,7.5,36.94,8.19,DSYA3_L2,3.73,1.627,4,3.73,1.627,0,0,70,HYP-LOOSE-CONN,ALM-K-WARN;ALM-K-ALM;ALM-TTL-14D
2026-07-21T02:45:00+00:00,1451,434.2,76.5,7.5,36.91,8.17,DSYA3_L2,3.05,1.627,4,3.05,1.627,0,0,70,HYP-LOOSE-CONN,ALM-K-WARN;ALM-K-ALM;ALM-TTL-14D
2026-07-21T03:00:00+00:00,1452,429.3,75.4,7.5,36.91,8.17,DSYA3_L2,3.69,1.627,4,3.69,1.627,0,0,70,HYP-LOOSE-CONN,ALM-K-WARN;ALM-K-ALM;ALM-TTL-14D
2026-07-21T03:15:00+00:00,1453,430,75.6,7.5,36.91,8.17,DSYA3_L2,3.27,1.627,4,3.27,1.627,0,0,70,HYP-LOOSE-CONN,ALM-K-WARN;ALM-K-ALM;ALM-TTL-14D
2026-07-21T03:30:00+00:00,1454,426,75.1,7.51,36.94,8.19,DSYA3_L2,3.39,1.627,3,3.39,1.627,0,0,70,HYP-LOOSE-CONN,ALM-K-WARN;ALM-K-ALM;ALM-TTL-14D
2026-07-21T03:45:00+00:00,1455,424.9,75,7.51,36.97,8.22,DSYA3_L2,3.57,1.627,3,3.57,1.627,0,0,70,HYP-LOOSE-CONN,ALM-K-WARN;ALM-K-ALM;ALM-TTL-14D
2026-07-21T04:00:00+00:00,1456,426.3,75.6,7.51,37.03,8.25,DSYA3_L2,3.44,1.627,3,3.44,1.627,0,0,70,HYP-LOOSE-CONN,ALM-K-WARN;ALM-K-ALM;ALM-TTL-14D
2026-07-21T04:15:00+00:00,1457,435.7,77.6,7.5,37.09,8.3,DSYA3_L2,3.36,1.627,3,3.36,1.627,0,0,70,HYP-LOOSE-CONN,ALM-K-WARN;ALM-K-ALM;ALM-TTL-14D
2026-07-21T04:30:00+00:00,1458,445.4,79,7.48,37.17,8.35,DSYA3_L2,3.54,1.627,2,3.54,1.627,0,0,70,HYP-LOOSE-CONN,ALM-K-WARN;ALM-K-ALM;ALM-TTL-14D
2026-07-21T04:45:00+00:00,1459,455.3,81,7.47,37.27,8.42,DSYA3_L2,3.46,1.627,2,3.46,1.627,0,0,70,HYP-LOOSE-CONN,ALM-K-WARN;ALM-K-ALM;ALM-TTL-14D
2026-07-21T05:00:00+00:00,1460,460.3,81.6,7.46,37.38,8.49,DSYA3_L2,3.86,1.627,2,3.86,1.627,0,0,70,HYP-LOOSE-CONN,ALM-K-WARN;ALM-K-ALM;ALM-TTL-14D
2026-07-21T05:15:00+00:00,1461,496.5,87.6,7.4,37.5,8.57,DSYA3_L2,3.95,1.627,2,3.95,1.627,0,0,70,HYP-LOOSE-CONN,ALM-K-WARN;ALM-K-ALM;ALM-TTL-14D
2026-07-21T05:30:00+00:00,1462,532.7,93.1,7.34,37.63,8.67,DSYA3_L2,4.62,1.627,2,4.62,1.627,0,0,70,HYP-LOOSE-CONN,ALM-K-WARN;ALM-K-ALM;ALM-TTL-14D
2026-07-21T05:45:00+00:00,1463,566.8,98.4,7.28,37.78,8.77,DSYA3_L2,5.19,1.627,2,5.19,1.627,0,0,70,HYP-LOOSE-CONN,ALM-K-WARN;ALM-K-ALM;ALM-TTL-14D
2026-07-21T06:00:00+00:00,1464,603.3,103.8,7.22,37.93,8.88,DSYA3_L2,5.71,1.628,2,5.71,1.628,0,0,70,HYP-LOOSE-CONN,ALM-K-WARN;ALM-K-ALM;ALM-TTL-14D
2026-07-21T06:15:00+00:00,1465,705.6,119.6,7.06,38.1,9,DSYA3_L2,6.4,1.628,2,6.4,1.628,0,0,70,HYP-LOOSE-CONN,ALM-K-WARN;ALM-K-ALM;ALM-TTL-14D
2026-07-21T06:30:00+00:00,1466,806.3,134,6.89,38.28,9.12,DSYA3_L2,9,1.629,2,9,1.629,0,0,70,HYP-LOOSE-CONN,ALM-K-WARN;ALM-K-ALM;ALM-TTL-14D
2026-07-21T06:45:00+00:00,1467,910.2,148.9,6.73,38.46,9.26,DSYA3_L2,11.4,1.629,5,11.4,1.629,0,0,70,HYP-LOOSE-CONN,ALM-K-WARN;ALM-K-ALM;ALM-TTL-14D
2026-07-21T07:00:00+00:00,1468,1018,164.4,6.55,38.66,9.4,DSYA3_L2,14.5,1.631,482,14.5,1.631,0,0,50,HYP-LOOSE-CONN,ALM-K-WARN;ALM-K-ALM
2026-07-21T07:15:00+00:00,1469,1131,178.6,6.37,38.86,9.55,DSYA3_L2,18.41,1.633,676,18.41,1.633,0,0,50,HYP-LOOSE-CONN,ALM-K-WARN;ALM-K-ALM
2026-07-21T07:30:00+00:00,1470,1235,191.6,6.2,39.07,9.7,DSYA3_L2,22.68,1.635,820,22.68,1.635,0,0,50,HYP-LOOSE-CONN,ALM-K-WARN;ALM-K-ALM
2026-07-21T07:45:00+00:00,1471,1348,206.6,6.02,39.28,9.86,DSYA3_L2,27.2,1.637,915,27.2,1.637,0,0,50,HYP-LOOSE-CONN,ALM-K-WARN;ALM-K-ALM
2026-07-21T08:00:00+00:00,1472,1456,218.5,5.84,39.5,10.02,DSYA3_L2,32.48,1.641,915,32.48,1.641,0,0,70,HYP-LOOSE-CONN,ALM-THR-PHASE-DIF;ALM-K-WARN;ALM-K-ALM
2026-07-21T08:15:00+00:00,1473,1483,221.7,5.8,39.73,10.19,DSYA3_L2,38.39,1.644,819,38.39,1.644,0,0,70,HYP-LOOSE-CONN,ALM-THR-PHASE-DIF;ALM-K-WARN;ALM-K-ALM
2026-07-21T08:30:00+00:00,1474,1528,226.4,5.73,39.95,10.37,DSYA3_L2,40.66,1.647,818,40.66,1.647,0,0,70,HYP-LOOSE-CONN,ALM-THR-PHASE-DIF;ALM-K-WARN;ALM-K-ALM
2026-07-21T08:45:00+00:00,1475,1575,230.4,5.65,40.18,10.54,DSYA3_L2,43.18,1.65,817,43.18,1.65,0,0,70,HYP-LOOSE-CONN,ALM-THR-PHASE-DIF;ALM-K-WARN;ALM-K-ALM;ALM-PANEL-TEMP
2026-07-21T09:00:00+00:00,1476,1604,233.5,5.6,40.41,10.72,DSYA3_L2,45.67,1.653,746,45.67,1.653,0,0,70,HYP-LOOSE-CONN,ALM-THR-PHASE-DIF;ALM-K-WARN;ALM-K-ALM;ALM-PANEL-TEMP
2026-07-21T09:15:00+00:00,1477,1609,236.7,5.6,40.64,10.9,DSYA3_L2,48.09,1.656,674,48.09,1.656,0,0,70,HYP-LOOSE-CONN,ALM-THR-PHASE-DIF;ALM-K-WARN;ALM-K-ALM;ALM-PANEL-TEMP
2026-07-21T09:30:00+00:00,1478,1608,236.7,5.6,40.87,11.08,DSYA3_L2,48.59,1.659,648,48.59,1.659,0,0,70,HYP-LOOSE-CONN,ALM-THR-PHASE-DIF;ALM-K-WARN;ALM-K-ALM;ALM-PANEL-TEMP
2026-07-21T09:45:00+00:00,1479,1596,235.5,5.62,41.09,11.27,DSYA3_L2,48.66,1.661,582,48.66,1.661,0,0,70,HYP-LOOSE-CONN,ALM-THR-PHASE-DIF;ALM-K-WARN;ALM-K-ALM;ALM-PANEL-TEMP
2026-07-21T10:00:00+00:00,1480,1586,232.7,5.63,41.32,11.45,DSYA3_L2,48.17,1.663,553,48.17,1.663,0,0,70,HYP-LOOSE-CONN,ALM-THR-PHASE-DIF;ALM-K-WARN;ALM-K-ALM;ALM-PANEL-TEMP
2026-07-21T10:15:00+00:00,1481,1594,234.5,5.62,41.54,11.63,DSYA3_L2,47.58,1.665,553,47.58,1.665,0,0,70,HYP-LOOSE-CONN,ALM-THR-PHASE-DIF;ALM-K-WARN;ALM-K-ALM;ALM-PANEL-TEMP
2026-07-21T10:30:00+00:00,1482,1592,233.1,5.62,41.75,11.8,DSYA3_L2,47.57,1.666,577,47.57,1.666,0,0,70,HYP-LOOSE-CONN,ALM-THR-PHASE-DIF;ALM-K-WARN;ALM-K-ALM;ALM-PANEL-TEMP
2026-07-21T10:45:00+00:00,1483,1603,234.7,5.61,41.96,11.98,DSYA3_L2,48.12,1.669,557,48.12,1.669,0,0,70,HYP-LOOSE-CONN,ALM-THR-PHASE-DIF;ALM-K-WARN;ALM-K-ALM;ALM-PANEL-TEMP
2026-07-21T11:00:00+00:00,1484,1617,236.3,5.58,42.16,12.15,DSYA3_L2,48.58,1.671,552,48.58,1.671,0,0,70,HYP-LOOSE-CONN,ALM-THR-PHASE-DIF;ALM-K-WARN;ALM-K-ALM;ALM-PANEL-TEMP
2026-07-21T11:15:00+00:00,1485,1626,236.7,5.57,42.36,12.32,DSYA3_L2,49.4,1.673,528,49.4,1.673,0,0,70,HYP-LOOSE-CONN,ALM-THR-PHASE-DIF;ALM-K-WARN;ALM-K-ALM;ALM-PANEL-TEMP
2026-07-21T11:30:00+00:00,1486,1621,237.4,5.58,42.54,12.48,DSYA3_L2,50.14,1.676,504,50.14,1.676,0,0,70,HYP-LOOSE-CONN,ALM-THR-TERM-WARN;ALM-THR-PHASE-DIF;ALM-K-WARN;ALM-K-ALM;ALM-PANEL-TEMP
2026-07-21T11:45:00+00:00,1487,1614,236.5,5.59,42.72,12.63,DSYA3_L2,49.68,1.677,504,49.68,1.677,0,0,70,HYP-LOOSE-CONN,ALM-THR-PHASE-DIF;ALM-K-WARN;ALM-K-ALM;ALM-PANEL-TEMP
2026-07-21T12:00:00+00:00,1488,1619,237.9,5.58,42.89,12.78,DSYA3_L2,49.32,1.679,503,49.32,1.679,0,0,70,HYP-LOOSE-CONN,ALM-THR-PHASE-DIF;ALM-K-WARN;ALM-K-ALM;ALM-PANEL-TEMP
2026-07-21T12:15:00+00:00,1489,1599,236,5.61,43.05,12.91,DSYA3_L2,49.34,1.68,479,49.34,1.68,0,0,70,HYP-LOOSE-CONN,ALM-THR-PHASE-DIF;ALM-K-WARN;ALM-K-ALM;ALM-PANEL-TEMP
2026-07-21T12:30:00+00:00,1490,1575,233.7,5.65,43.19,13.04,DSYA3_L2,48.41,1.681,479,48.41,1.681,0,0,70,HYP-LOOSE-CONN,ALM-THR-PHASE-DIF;ALM-K-WARN;ALM-K-ALM;ALM-PANEL-TEMP
2026-07-21T12:45:00+00:00,1491,1552,230.9,5.69,43.32,13.16,DSYA3_L2,47.35,1.682,477,47.35,1.682,0,0,70,HYP-LOOSE-CONN,ALM-THR-PHASE-DIF;ALM-K-WARN;ALM-K-ALM;ALM-PANEL-TEMP
2026-07-21T13:00:00+00:00,1492,1524,226,5.73,43.45,13.27,DSYA3_L2,45.9,1.682,476,45.9,1.682,0,0,70,HYP-LOOSE-CONN,ALM-THR-PHASE-DIF;ALM-K-WARN;ALM-K-ALM;ALM-PANEL-TEMP
2026-07-21T13:15:00+00:00,1493,1536,226.4,5.71,43.55,13.37,DSYA3_L2,44.24,1.682,478,44.24,1.682,0,0,70,HYP-LOOSE-CONN,ALM-THR-PHASE-DIF;ALM-K-WARN;ALM-K-ALM;ALM-PANEL-TEMP
2026-07-21T13:30:00+00:00,1494,1544,227,5.7,43.65,13.45,DSYA3_L2,44.46,1.683,501,44.46,1.683,0,0,70,HYP-LOOSE-CONN,ALM-THR-PHASE-DIF;ALM-K-WARN;ALM-K-ALM;ALM-PANEL-TEMP
2026-07-21T13:45:00+00:00,1495,1558,229,5.68,43.73,13.53,DSYA3_L2,45.14,1.685,501,45.14,1.685,0,0,70,HYP-LOOSE-CONN,ALM-THR-PHASE-DIF;ALM-K-WARN;ALM-K-ALM;ALM-PANEL-TEMP
2026-07-21T14:00:00+00:00,1496,1562,228.9,5.67,43.8,13.59,DSYA3_L2,45.96,1.687,499,45.96,1.687,0,0,70,HYP-LOOSE-CONN,ALM-THR-PHASE-DIF;ALM-K-WARN;ALM-K-ALM;ALM-PANEL-TEMP
2026-07-21T14:15:00+00:00,1497,1577,229.8,5.64,43.85,13.64,DSYA3_L2,46.09,1.687,525,46.09,1.687,0,0,70,HYP-LOOSE-CONN,ALM-THR-PHASE-DIF;ALM-K-WARN;ALM-K-ALM;ALM-PANEL-TEMP
2026-07-21T14:30:00+00:00,1498,1591,232.7,5.62,43.88,13.67,DSYA3_L2,47.29,1.689,525,47.29,1.689,0,0,70,HYP-LOOSE-CONN,ALM-THR-PHASE-DIF;ALM-K-WARN;ALM-K-ALM;ALM-PANEL-TEMP
2026-07-21T14:45:00+00:00,1499,1608,233.8,5.59,43.91,13.69,DSYA3_L2,48.22,1.691,529,48.22,1.691,0,0,70,HYP-LOOSE-CONN,ALM-THR-PHASE-DIF;ALM-K-WARN;ALM-K-ALM;ALM-PANEL-TEMP
2026-07-21T15:00:00+00:00,1500,1619,238.7,5.58,43.91,13.7,DSYA3_L2,49.39,1.693,524,49.39,1.693,0,0,70,HYP-LOOSE-CONN,ALM-THR-PHASE-DIF;ALM-K-WARN;ALM-K-ALM;ALM-PANEL-TEMP
2026-07-21T15:15:00+00:00,1501,1613,238.3,5.59,43.91,13.69,DSYA3_L2,49.72,1.695,524,49.72,1.695,0,0,70,HYP-LOOSE-CONN,ALM-THR-PHASE-DIF;ALM-K-WARN;ALM-K-ALM;ALM-PANEL-TEMP
2026-07-21T15:30:00+00:00,1502,1616,239.8,5.59,43.88,13.67,DSYA3_L2,49.44,1.696,524,49.44,1.696,0,0,70,HYP-LOOSE-CONN,ALM-THR-PHASE-DIF;ALM-K-WARN;ALM-K-ALM;ALM-PANEL-TEMP
2026-07-21T15:45:00+00:00,1503,1603,238.1,5.61,43.85,13.64,DSYA3_L2,49.31,1.697,524,49.31,1.697,0,0,70,HYP-LOOSE-CONN,ALM-THR-PHASE-DIF;ALM-K-WARN;ALM-K-ALM;ALM-PANEL-TEMP
2026-07-21T16:00:00+00:00,1504,1610,241.7,5.61,43.8,13.59,DSYA3_L2,48.99,1.698,523,48.99,1.698,0,0,70,HYP-LOOSE-CONN,ALM-THR-PHASE-DIF;ALM-K-WARN;ALM-K-ALM;ALM-PANEL-TEMP
2026-07-21T16:15:00+00:00,1505,1598,239.7,5.62,43.73,13.53,DSYA3_L2,48.58,1.699,527,48.58,1.699,0,0,70,HYP-LOOSE-CONN,ALM-THR-PHASE-DIF;ALM-K-WARN;ALM-K-ALM;ALM-PANEL-TEMP
2026-07-21T16:30:00+00:00,1506,1583,239,5.65,43.65,13.45,DSYA3_L2,48.27,1.7,527,48.27,1.7,0,0,70,HYP-LOOSE-CONN,ALM-THR-PHASE-DIF;ALM-K-WARN;ALM-K-ALM;ALM-PANEL-TEMP
2026-07-21T16:45:00+00:00,1507,1586,240.3,5.65,43.55,13.37,DSYA3_L2,47.31,1.7,546,47.31,1.7,0,0,70,HYP-LOOSE-CONN,ALM-THR-PHASE-DIF;ALM-K-WARN;ALM-K-ALM;ALM-PANEL-TEMP
2026-07-21T17:00:00+00:00,1508,1595,242.6,5.63,43.45,13.27,DSYA3_L2,47.36,1.701,544,47.36,1.701,0,0,70,HYP-LOOSE-CONN,ALM-THR-PHASE-DIF;ALM-K-WARN;ALM-K-ALM;ALM-PANEL-TEMP
2026-07-21T17:15:00+00:00,1509,1572,240,5.67,43.32,13.16,DSYA3_L2,47.94,1.703,498,47.94,1.703,0,0,70,HYP-LOOSE-CONN,ALM-THR-PHASE-DIF;ALM-K-WARN;ALM-K-ALM;ALM-PANEL-TEMP
2026-07-21T17:30:00+00:00,1510,1546,236.3,5.71,43.19,13.04,DSYA3_L2,46.72,1.703,498,46.72,1.703,0,0,70,HYP-LOOSE-CONN,ALM-THR-PHASE-DIF;ALM-K-WARN;ALM-K-ALM;ALM-PANEL-TEMP
2026-07-21T17:45:00+00:00,1511,1516,232.3,5.76,43.05,12.91,DSYA3_L2,45.77,1.704,497,45.77,1.704,0,0,70,HYP-LOOSE-CONN,ALM-THR-PHASE-DIF;ALM-K-WARN;ALM-K-ALM;ALM-PANEL-TEMP
2026-07-21T18:00:00+00:00,1512,1488,230.3,5.81,42.89,12.78,DSYA3_L2,43.81,1.704,477,43.81,1.704,0,0,70,HYP-LOOSE-CONN,ALM-THR-PHASE-DIF;ALM-K-WARN;ALM-K-ALM;ALM-PANEL-TEMP
2026-07-21T18:15:00+00:00,1513,1466,226.2,5.84,42.72,12.63,DSYA3_L2,42.33,1.704,477,42.33,1.704,0,0,70,HYP-LOOSE-CONN,ALM-THR-PHASE-DIF;ALM-K-WARN;ALM-K-ALM;ALM-PANEL-TEMP
2026-07-21T18:30:00+00:00,1514,1440,223,5.88,42.54,12.48,DSYA3_L2,41.35,1.705,473,41.35,1.705,0,0,70,HYP-LOOSE-CONN,ALM-THR-PHASE-DIF;ALM-K-WARN;ALM-K-ALM;ALM-PANEL-TEMP
2026-07-21T18:45:00+00:00,1515,1414,218.9,5.92,42.36,12.32,DSYA3_L2,39.58,1.704,496,39.58,1.704,0,0,70,HYP-LOOSE-CONN,ALM-THR-PHASE-DIF;ALM-K-WARN;ALM-K-ALM;ALM-PANEL-TEMP
2026-07-21T19:00:00+00:00,1516,1396,218.6,5.95,42.16,12.15,DSYA3_L2,38.23,1.704,472,38.23,1.704,0,0,70,HYP-LOOSE-CONN,ALM-THR-PHASE-DIF;ALM-K-WARN;ALM-K-ALM;ALM-PANEL-TEMP
2026-07-21T19:15:00+00:00,1517,1394,215.6,5.95,41.96,11.98,DSYA3_L2,37.42,1.705,500,37.42,1.705,0,0,70,HYP-LOOSE-CONN,ALM-THR-PHASE-DIF;ALM-K-WARN;ALM-K-ALM;ALM-PANEL-TEMP
2026-07-21T19:30:00+00:00,1518,1411,217.9,5.92,41.75,11.8,DSYA3_L2,36.94,1.705,544,36.94,1.705,0,0,70,HYP-LOOSE-CONN,ALM-THR-PHASE-DIF;ALM-K-WARN;ALM-K-ALM;ALM-PANEL-TEMP
2026-07-21T19:45:00+00:00,1519,1427,219.9,5.9,41.54,11.63,DSYA3_L2,37.51,1.706,567,37.51,1.706,0,0,70,HYP-LOOSE-CONN,ALM-THR-PHASE-DIF;ALM-K-WARN;ALM-K-ALM;ALM-PANEL-TEMP
2026-07-21T20:00:00+00:00,1520,1448,221.9,5.86,41.32,11.45,DSYA3_L2,38.51,1.707,567,38.51,1.707,0,0,70,HYP-LOOSE-CONN,ALM-THR-PHASE-DIF;ALM-K-WARN;ALM-K-ALM;ALM-PANEL-TEMP
2026-07-21T20:15:00+00:00,1521,1429,219.8,5.89,41.09,11.27,DSYA3_L2,39.67,1.708,519,39.67,1.708,0,0,70,HYP-LOOSE-CONN,ALM-THR-PHASE-DIF;ALM-K-WARN;ALM-K-ALM;ALM-PANEL-TEMP
2026-07-21T20:30:00+00:00,1522,1404,216.9,5.94,40.87,11.08,DSYA3_L2,38.77,1.709,519,38.77,1.709,0,0,70,HYP-LOOSE-CONN,ALM-THR-PHASE-DIF;ALM-K-WARN;ALM-K-ALM
2026-07-21T20:45:00+00:00,1523,1379,213.5,5.98,40.64,10.9,DSYA3_L2,37.86,1.709,518,37.86,1.709,0,0,70,HYP-LOOSE-CONN,ALM-THR-PHASE-DIF;ALM-K-WARN;ALM-K-ALM
2026-07-21T21:00:00+00:00,1524,1352,210.4,6.02,40.41,10.72,DSYA3_L2,37.03,1.709,470,37.03,1.709,0,0,70,HYP-LOOSE-CONN,ALM-THR-PHASE-DIF;ALM-K-WARN;ALM-K-ALM
2026-07-21T21:15:00+00:00,1525,1314,207.7,6.09,40.18,10.54,DSYA3_L2,35.17,1.709,468,35.17,1.709,0,0,70,HYP-LOOSE-CONN,ALM-THR-PHASE-DIF;ALM-K-WARN;ALM-K-ALM
2026-07-21T21:30:00+00:00,1526,1269,200.4,6.15,39.95,10.37,DSYA3_L2,33.48,1.709,398,33.48,1.709,0,0,70,HYP-LOOSE-CONN,ALM-THR-PHASE-DIF;ALM-K-WARN;ALM-K-ALM
2026-07-21T21:45:00+00:00,1527,1226,195.6,6.23,39.73,10.19,DSYA3_L2,31.07,1.708,349,31.07,1.708,0,0,50,HYP-LOOSE-CONN,ALM-K-WARN;ALM-K-ALM
2026-07-21T22:00:00+00:00,1528,1177,190.1,6.31,39.5,10.02,DSYA3_L2,29.39,1.708,299,29.39,1.708,0,0,70,HYP-LOOSE-CONN,ALM-K-WARN;ALM-K-ALM;ALM-TTL-14D
2026-07-21T22:15:00+00:00,1529,1094,178.6,6.44,39.28,9.86,DSYA3_L2,27.28,1.708,157,27.28,1.708,0,0,70,HYP-LOOSE-CONN,ALM-K-WARN;ALM-K-ALM;ALM-TTL-14D
2026-07-21T22:30:00+00:00,1530,1011,166.8,6.57,39.07,9.7,DSYA3_L2,23.73,1.708,37,23.73,1.708,0,0,70,HYP-LOOSE-CONN,ALM-K-WARN;ALM-K-ALM;ALM-TTL-14D
2026-07-21T22:45:00+00:00,1531,932.5,155.5,6.7,38.86,9.55,DSYA3_L2,20.69,1.707,10,20.69,1.707,0,0,70,HYP-LOOSE-CONN,ALM-K-WARN;ALM-K-ALM;ALM-TTL-14D
2026-07-21T23:00:00+00:00,1532,843.8,142.8,6.84,38.66,9.4,DSYA3_L2,17.72,1.707,9,17.72,1.707,0,0,70,HYP-LOOSE-CONN,ALM-K-WARN;ALM-K-ALM;ALM-TTL-14D
2026-07-21T23:15:00+00:00,1533,760.2,129.6,6.97,38.46,9.26,DSYA3_L2,14.45,1.707,9,14.45,1.707,0,0,70,HYP-LOOSE-CONN,ALM-K-WARN;ALM-K-ALM;ALM-TTL-14D
2026-07-21T23:30:00+00:00,1534,681.6,117.9,7.1,38.28,9.12,DSYA3_L2,12.22,1.707,8,12.22,1.707,0,0,70,HYP-LOOSE-CONN,ALM-K-WARN;ALM-K-ALM;ALM-TTL-14D
2026-07-21T23:45:00+00:00,1535,599.2,104.8,7.23,38.1,9,DSYA3_L2,9.98,1.706,8,9.98,1.706,0,0,70,HYP-LOOSE-CONN,ALM-K-WARN;ALM-K-ALM;ALM-TTL-14D
2026-07-22T00:00:00+00:00,1536,519.3,91.9,7.36,37.96,8.9,DSYA3_L2,7.61,1.706,7,7.61,1.706,0,0,70,HYP-LOOSE-CONN,ALM-K-WARN;ALM-K-ALM;ALM-TTL-14D
2026-07-22T00:15:00+00:00,1537,504.5,90,7.39,37.8,8.79,DSYA7_L1,6.29,1.706,7,5.74,1.706,0,0,70,HYP-LOOSE-CONN,ALM-K-WARN;ALM-K-ALM;ALM-TTL-14D
2026-07-22T00:30:00+00:00,1538,492.5,88.1,7.41,37.66,8.69,DSYA3_L1,5.29,1.706,7,5.03,1.706,0,0,70,HYP-LOOSE-CONN,ALM-K-WARN;ALM-K-ALM;ALM-TTL-14D
2026-07-22T00:45:00+00:00,1539,482.1,86.4,7.42,37.53,8.59,DSYA3_L2,5.06,1.706,6,5.06,1.706,0,0,70,HYP-LOOSE-CONN,ALM-K-WARN;ALM-K-ALM;ALM-TTL-14D
2026-07-22T01:00:00+00:00,1540,469.6,84.4,7.44,37.4,8.51,DSYA3_L2,4.56,1.706,6,4.56,1.706,0,0,70,HYP-LOOSE-CONN,ALM-K-WARN;ALM-K-ALM;ALM-TTL-14D
2026-07-22T01:15:00+00:00,1541,461.2,83.5,7.46,37.3,8.44,DSYA3_L2,4.44,1.706,6,4.44,1.706,0,0,70,HYP-LOOSE-CONN,ALM-K-WARN;ALM-K-ALM;ALM-TTL-14D
2026-07-22T01:30:00+00:00,1542,453.4,82.1,7.47,37.2,8.37,DSYA3_L2,3.89,1.706,5,3.89,1.706,0,0,70,HYP-LOOSE-CONN,ALM-K-WARN;ALM-K-ALM;ALM-TTL-14D
2026-07-22T01:45:00+00:00,1543,444.6,80.7,7.49,37.12,8.32,DSYA3_L2,4.09,1.706,5,4.09,1.706,0,0,70,HYP-LOOSE-CONN,ALM-K-WARN;ALM-K-ALM;ALM-TTL-14D
2026-07-22T02:00:00+00:00,1544,435.3,78.9,7.5,37.05,8.27,DSYA3_L2,3.69,1.706,5,3.69,1.706,0,0,70,HYP-LOOSE-CONN,ALM-K-WARN;ALM-K-ALM;ALM-TTL-14D
2026-07-22T02:15:00+00:00,1545,433.9,78.5,7.5,37,8.23,DSYA3_L2,3.95,1.706,5,3.95,1.706,0,0,70,HYP-LOOSE-CONN,ALM-K-WARN;ALM-K-ALM;ALM-TTL-14D
2026-07-22T02:30:00+00:00,1546,430,78,7.51,36.97,8.21,DSYA3_L2,3.47,1.706,4,3.47,1.706,0,0,70,HYP-LOOSE-CONN,ALM-K-WARN;ALM-K-ALM;ALM-TTL-14D
2026-07-22T02:45:00+00:00,1547,427.4,77.3,7.51,36.94,8.19,DSYA3_L2,3.92,1.706,4,3.92,1.706,0,0,70,HYP-LOOSE-CONN,ALM-K-WARN;ALM-K-ALM;ALM-TTL-14D
2026-07-22T03:00:00+00:00,1548,424.5,77.1,7.52,36.94,8.19,DSYA3_L2,3.44,1.706,4,3.44,1.706,0,0,70,HYP-LOOSE-CONN,ALM-K-WARN;ALM-K-ALM;ALM-TTL-14D
2026-07-22T03:15:00+00:00,1549,422.9,76.6,7.52,36.94,8.19,DSYA3_L2,3.61,1.706,4,3.61,1.706,0,0,70,HYP-LOOSE-CONN,ALM-K-WARN;ALM-K-ALM;ALM-TTL-14D
2026-07-22T03:30:00+00:00,1550,422.9,76.9,7.52,36.97,8.21,DSYA3_L2,3.42,1.706,3,3.42,1.706,0,0,70,HYP-LOOSE-CONN,ALM-K-WARN;ALM-K-ALM;ALM-TTL-14D
2026-07-22T03:45:00+00:00,1551,426,77.4,7.52,37,8.23,DSYA3_L2,3.57,1.706,3,3.57,1.706,0,0,70,HYP-LOOSE-CONN,ALM-K-WARN;ALM-K-ALM;ALM-TTL-14D
2026-07-22T04:00:00+00:00,1552,426.2,78,7.52,37.05,8.27,DSYA3_L2,3.59,1.706,3,3.59,1.706,0,0,70,HYP-LOOSE-CONN,ALM-K-WARN;ALM-K-ALM;ALM-TTL-14D
2026-07-22T04:15:00+00:00,1553,438.4,80.3,7.5,37.12,8.32,DSYA3_L2,3.38,1.706,3,3.38,1.706,0,0,70,HYP-LOOSE-CONN,ALM-K-WARN;ALM-K-ALM;ALM-TTL-14D
2026-07-22T04:30:00+00:00,1554,447.2,81.8,7.48,37.2,8.37,DSYA3_L2,3.31,1.706,2,3.31,1.706,0,0,70,HYP-LOOSE-CONN,ALM-K-WARN;ALM-K-ALM;ALM-TTL-14D
2026-07-22T04:45:00+00:00,1555,454.6,82.6,7.47,37.3,8.44,DSYA3_L2,3.47,1.706,2,3.47,1.706,0,0,70,HYP-LOOSE-CONN,ALM-K-WARN;ALM-K-ALM;ALM-TTL-14D
2026-07-22T05:00:00+00:00,1556,462.2,83.7,7.46,37.4,8.51,DSYA3_L2,3.98,1.707,2,3.98,1.707,0,0,70,HYP-LOOSE-CONN,ALM-K-WARN;ALM-K-ALM;ALM-TTL-14D
2026-07-22T05:15:00+00:00,1557,496.2,90.3,7.41,37.53,8.59,DSYA3_L2,3.73,1.707,2,3.73,1.707,0,0,70,HYP-LOOSE-CONN,ALM-K-WARN;ALM-K-ALM;ALM-TTL-14D
2026-07-22T05:30:00+00:00,1558,530.2,96,7.35,37.66,8.69,DSYA3_L2,4.7,1.707,2,4.7,1.707,0,0,70,HYP-LOOSE-CONN,ALM-K-WARN;ALM-K-ALM;ALM-TTL-14D
2026-07-22T05:45:00+00:00,1559,563.3,101.4,7.3,37.8,8.79,DSYA3_L2,5.28,1.707,2,5.28,1.707,0,0,70,HYP-LOOSE-CONN,ALM-K-WARN;ALM-K-ALM;ALM-TTL-14D
2026-07-22T06:00:00+00:00,1560,598.3,107.4,7.24,37.96,8.9,DSYA3_L2,6,1.707,1,6,1.707,0,0,70,HYP-LOOSE-CONN,ALM-K-WARN;ALM-K-ALM;ALM-TTL-14D
2026-07-22T06:15:00+00:00,1561,705,124.8,7.07,38.13,9.02,DSYA3_L2,6.59,1.707,2,6.59,1.707,0,0,70,HYP-LOOSE-CONN,ALM-K-WARN;ALM-K-ALM;ALM-TTL-14D
2026-07-22T06:30:00+00:00,1562,812.1,141.1,6.9,38.31,9.14,DSYA3_L2,9.36,1.708,2,9.36,1.708,0,0,70,HYP-LOOSE-CONN,ALM-K-WARN;ALM-K-ALM;ALM-TTL-14D
2026-07-22T06:45:00+00:00,1563,920,158,6.73,38.49,9.28,DSYA3_L2,11.72,1.708,3,11.72,1.708,0,0,70,HYP-LOOSE-CONN,ALM-K-WARN;ALM-K-ALM;ALM-TTL-14D
2026-07-22T07:00:00+00:00,1564,1022,174.1,6.56,38.69,9.42,DSYA3_L2,14.74,1.709,388,14.74,1.709,0,0,50,HYP-LOOSE-CONN,ALM-K-WARN;ALM-K-ALM
2026-07-22T07:15:00+00:00,1565,1123,188.3,6.4,38.89,9.57,DSYA3_L2,18.61,1.71,796,18.61,1.71,0,0,50,HYP-LOOSE-CONN,ALM-K-WARN;ALM-K-ALM
2026-07-22T07:30:00+00:00,1566,1231,203,6.23,39.1,9.72,DSYA3_L2,22.56,1.712,1012,22.56,1.712,0,0,50,HYP-LOOSE-CONN,ALM-K-WARN;ALM-K-ALM
2026-07-22T07:45:00+00:00,1567,1338,216.4,6.06,39.31,9.88,DSYA3_L2,27.38,1.714,1131,27.38,1.714,0,0,70,HYP-LOOSE-CONN,ALM-THR-PHASE-DIF;ALM-K-WARN;ALM-K-ALM
2026-07-22T08:00:00+00:00,1568,1446,230.4,5.88,39.53,10.04,DSYA3_L2,32.82,1.716,1155,32.82,1.716,0,0,70,HYP-LOOSE-CONN,ALM-THR-PHASE-DIF;ALM-K-WARN;ALM-K-ALM
2026-07-22T08:15:00+00:00,1569,1477,236.4,5.84,39.75,10.21,DSYA3_L2,38.07,1.719,1059,38.07,1.719,0,0,70,HYP-LOOSE-CONN,ALM-THR-PHASE-DIF;ALM-K-WARN;ALM-K-ALM
2026-07-22T08:30:00+00:00,1570,1508,238.5,5.79,39.98,10.39,DSYA3_L2,40.67,1.721,1011,40.67,1.721,0,0,70,HYP-LOOSE-CONN,ALM-THR-PHASE-DIF;ALM-K-WARN;ALM-K-ALM
2026-07-22T08:45:00+00:00,1571,1538,241.5,5.73,40.21,10.56,DSYA3_L2,43.22,1.724,962,43.22,1.724,0,0,70,HYP-LOOSE-CONN,ALM-THR-PHASE-DIF;ALM-K-WARN;ALM-K-ALM
2026-07-22T09:00:00+00:00,1572,1593,247.1,5.65,40.44,10.74,DSYA3_L2,44.62,1.726,960,44.62,1.726,0,0,70,HYP-LOOSE-CONN,ALM-THR-PHASE-DIF;ALM-K-WARN;ALM-K-ALM;ALM-PANEL-TEMP
2026-07-22T09:15:00+00:00,1573,1579,245.2,5.67,40.67,10.92,DSYA3_L2,47.9,1.729,818,47.9,1.729,0,0,70,HYP-LOOSE-CONN,ALM-THR-PHASE-DIF;ALM-K-WARN;ALM-K-ALM;ALM-PANEL-TEMP
2026-07-22T09:30:00+00:00,1574,1565,244.3,5.69,40.9,11.1,DSYA3_L2,48.34,1.732,792,48.34,1.732,0,0,70,HYP-LOOSE-CONN,ALM-THR-PHASE-DIF;ALM-K-WARN;ALM-K-ALM;ALM-PANEL-TEMP
2026-07-22T09:45:00+00:00,1575,1569,245.1,5.69,41.12,11.29,DSYA3_L2,47.12,1.733,721,47.12,1.733,0,0,70,HYP-LOOSE-CONN,ALM-THR-PHASE-DIF;ALM-K-WARN;ALM-K-ALM;ALM-PANEL-TEMP
2026-07-22T10:00:00+00:00,1576,1558,244.3,5.7,41.34,11.47,DSYA3_L2,47.34,1.735,653,47.34,1.735,0,0,70,HYP-LOOSE-CONN,ALM-THR-PHASE-DIF;ALM-K-WARN;ALM-K-ALM;ALM-PANEL-TEMP
2026-07-22T10:15:00+00:00,1577,1571,245.3,5.68,41.56,11.65,DSYA3_L2,46.97,1.737,649,46.97,1.737,0,0,70,HYP-LOOSE-CONN,ALM-THR-PHASE-DIF;ALM-K-WARN;ALM-K-ALM;ALM-PANEL-TEMP
2026-07-22T10:30:00+00:00,1578,1576,244.8,5.67,41.78,11.83,DSYA3_L2,47.66,1.74,625,47.66,1.74,0,0,70,HYP-LOOSE-CONN,ALM-THR-PHASE-DIF;ALM-K-WARN;ALM-K-ALM;ALM-PANEL-TEMP
2026-07-22T10:45:00+00:00,1579,1599,245.9,5.63,41.99,12,DSYA3_L2,47.79,1.741,625,47.79,1.741,0,0,70,HYP-LOOSE-CONN,ALM-THR-PHASE-DIF;ALM-K-WARN;ALM-K-ALM;ALM-PANEL-TEMP
2026-07-22T11:00:00+00:00,1580,1611,246.3,5.61,42.19,12.17,DSYA3_L2,49.02,1.744,622,49.02,1.744,0,0,70,HYP-LOOSE-CONN,ALM-THR-PHASE-DIF;ALM-K-WARN;ALM-K-ALM;ALM-PANEL-TEMP
2026-07-22T11:15:00+00:00,1581,1622,248.5,5.6,42.38,12.34,DSYA3_L2,50.29,1.746,622,50.29,1.746,0,0,70,HYP-LOOSE-CONN,ALM-THR-TERM-WARN;ALM-THR-PHASE-DIF;ALM-K-WARN;ALM-K-ALM;ALM-PANEL-TEMP
2026-07-22T11:30:00+00:00,1582,1613,247.4,5.61,42.57,12.5,DSYA3_L2,50.78,1.748,556,50.78,1.748,0,0,70,HYP-LOOSE-CONN,ALM-THR-TERM-WARN;ALM-THR-PHASE-DIF;ALM-K-WARN;ALM-K-ALM;ALM-PANEL-TEMP
2026-07-22T11:45:00+00:00,1583,1614,247.4,5.61,42.75,12.65,DSYA3_L2,50.67,1.75,551,50.67,1.75,0,0,70,HYP-LOOSE-CONN,ALM-THR-TERM-WARN;ALM-THR-PHASE-DIF;ALM-K-WARN;ALM-K-ALM;ALM-PANEL-TEMP
2026-07-22T12:00:00+00:00,1584,1608,247,5.62,42.91,12.8,DSYA3_L2,50.47,1.752,527,50.47,1.752,0,0,70,HYP-LOOSE-CONN,ALM-THR-TERM-WARN;ALM-THR-PHASE-DIF;ALM-K-WARN;ALM-K-ALM;ALM-PANEL-TEMP
2026-07-22T12:15:00+00:00,1585,1578,243.5,5.67,43.07,12.94,DSYA3_L2,50.13,1.753,503,50.13,1.753,0,0,70,HYP-LOOSE-CONN,ALM-THR-TERM-WARN;ALM-THR-PHASE-DIF;ALM-K-WARN;ALM-K-ALM;ALM-PANEL-TEMP
2026-07-22T12:30:00+00:00,1586,1554,240.2,5.7,43.22,13.07,DSYA3_L2,48.96,1.755,483,48.96,1.755,0,0,70,HYP-LOOSE-CONN,ALM-THR-PHASE-DIF;ALM-K-WARN;ALM-K-ALM;ALM-PANEL-TEMP
2026-07-22T12:45:00+00:00,1587,1531,235.7,5.74,43.35,13.19,DSYA3_L2,47.75,1.756,478,47.75,1.756,0,0,70,HYP-LOOSE-CONN,ALM-THR-PHASE-DIF;ALM-K-WARN;ALM-K-ALM;ALM-PANEL-TEMP
2026-07-22T13:00:00+00:00,1588,1518,234.8,5.76,43.47,13.29,DSYA3_L2,46.13,1.757,454,46.13,1.757,0,0,70,HYP-LOOSE-CONN,ALM-THR-PHASE-DIF;ALM-K-WARN;ALM-K-ALM;ALM-PANEL-TEMP
2026-07-22T13:15:00+00:00,1589,1531,238.6,5.74,43.58,13.39,DSYA3_L2,45.41,1.758,458,45.41,1.758,0,0,70,HYP-LOOSE-CONN,ALM-THR-PHASE-DIF;ALM-K-WARN;ALM-K-ALM;ALM-PANEL-TEMP
2026-07-22T13:30:00+00:00,1590,1537,240.1,5.73,43.67,13.48,DSYA3_L2,45.69,1.759,478,45.69,1.759,0,0,70,HYP-LOOSE-CONN,ALM-THR-PHASE-DIF;ALM-K-WARN;ALM-K-ALM;ALM-PANEL-TEMP
2026-07-22T13:45:00+00:00,1591,1535,239,5.74,43.75,13.55,DSYA3_L2,45.86,1.761,477,45.86,1.761,0,0,70,HYP-LOOSE-CONN,ALM-THR-PHASE-DIF;ALM-K-WARN;ALM-K-ALM;ALM-PANEL-TEMP
2026-07-22T14:00:00+00:00,1592,1535,239.2,5.74,43.82,13.61,DSYA3_L2,45.68,1.762,477,45.68,1.762,0,0,70,HYP-LOOSE-CONN,ALM-THR-PHASE-DIF;ALM-K-WARN;ALM-K-ALM;ALM-PANEL-TEMP
2026-07-22T14:15:00+00:00,1593,1562,241.8,5.69,43.87,13.66,DSYA3_L2,45.94,1.763,501,45.94,1.763,0,0,70,HYP-LOOSE-CONN,ALM-THR-PHASE-DIF;ALM-K-WARN;ALM-K-ALM;ALM-PANEL-TEMP
2026-07-22T14:30:00+00:00,1594,1587,243.9,5.65,43.91,13.69,DSYA3_L2,47.51,1.766,501,47.51,1.766,0,0,70,HYP-LOOSE-CONN,ALM-THR-PHASE-DIF;ALM-K-WARN;ALM-K-ALM;ALM-PANEL-TEMP
2026-07-22T14:45:00+00:00,1595,1607,246.8,5.62,43.93,13.72,DSYA3_L2,48.91,1.768,501,48.91,1.768,0,0,70,HYP-LOOSE-CONN,ALM-THR-PHASE-DIF;ALM-K-WARN;ALM-K-ALM;ALM-PANEL-TEMP
2026-07-22T15:00:00+00:00,1596,1626,247.3,5.59,43.94,13.72,DSYA3_L2,50.13,1.77,500,50.13,1.77,0,0,70,HYP-LOOSE-CONN,ALM-THR-TERM-WARN;ALM-THR-PHASE-DIF;ALM-K-WARN;ALM-K-ALM;ALM-PANEL-TEMP
2026-07-22T15:15:00+00:00,1597,1624,247.9,5.59,43.93,13.72,DSYA3_L2,51.3,1.772,500,51.3,1.772,0,0,70,HYP-LOOSE-CONN,ALM-THR-TERM-WARN;ALM-THR-PHASE-DIF;ALM-K-WARN;ALM-K-ALM;ALM-PANEL-TEMP
2026-07-22T15:30:00+00:00,1598,1621,249,5.6,43.91,13.69,DSYA3_L2,51.36,1.773,500,51.36,1.773,0,0,70,HYP-LOOSE-CONN,ALM-THR-TERM-WARN;ALM-THR-PHASE-DIF;ALM-K-WARN;ALM-K-ALM;ALM-PANEL-TEMP
2026-07-22T15:45:00+00:00,1599,1622,250.1,5.6,43.87,13.66,DSYA3_L2,51.82,1.775,480,51.82,1.775,0,0,70,HYP-LOOSE-CONN,ALM-THR-TERM-WARN;ALM-THR-PHASE-DIF;ALM-K-WARN;ALM-K-ALM;ALM-PANEL-TEMP
2026-07-22T16:00:00+00:00,1600,1612,248.6,5.61,43.82,13.61,DSYA3_L2,51.66,1.776,475,51.66,1.776,0,0,70,HYP-LOOSE-CONN,ALM-THR-TERM-WARN;ALM-THR-PHASE-DIF;ALM-K-WARN;ALM-K-ALM;ALM-PANEL-TEMP
2026-07-22T16:15:00+00:00,1601,1600,246.7,5.63,43.75,13.55,DSYA3_L2,50.91,1.777,475,50.91,1.777,0,0,70,HYP-LOOSE-CONN,ALM-THR-TERM-WARN;ALM-THR-PHASE-DIF;ALM-K-WARN;ALM-K-ALM;ALM-PANEL-TEMP
2026-07-22T16:30:00+00:00,1602,1599,246.6,5.63,43.67,13.48,DSYA3_L2,50.36,1.779,475,50.36,1.779,0,0,70,HYP-LOOSE-CONN,ALM-THR-TERM-WARN;ALM-THR-PHASE-DIF;ALM-K-WARN;ALM-K-ALM;ALM-PANEL-TEMP
2026-07-22T16:45:00+00:00,1603,1597,245.9,5.64,43.58,13.39,DSYA3_L2,50.03,1.78,475,50.03,1.78,0,0,70,HYP-LOOSE-CONN,ALM-THR-TERM-WARN;ALM-THR-PHASE-DIF;ALM-K-WARN;ALM-K-ALM;ALM-PANEL-TEMP
2026-07-22T17:00:00+00:00,1604,1580,242.5,5.66,43.47,13.29,DSYA3_L2,50.11,1.781,472,50.11,1.781,0,0,70,HYP-LOOSE-CONN,ALM-THR-TERM-WARN;ALM-THR-PHASE-DIF;ALM-K-WARN;ALM-K-ALM;ALM-PANEL-TEMP
2026-07-22T17:15:00+00:00,1605,1555,240,5.7,43.35,13.19,DSYA3_L2,49.11,1.781,454,49.11,1.781,0,0,70,HYP-LOOSE-CONN,ALM-THR-PHASE-DIF;ALM-K-WARN;ALM-K-ALM;ALM-PANEL-TEMP
2026-07-22T17:30:00+00:00,1606,1527,236.5,5.75,43.22,13.07,DSYA3_L2,47.75,1.782,450,47.75,1.782,0,0,70,HYP-LOOSE-CONN,ALM-THR-PHASE-DIF;ALM-K-WARN;ALM-K-ALM;ALM-PANEL-TEMP
2026-07-22T17:45:00+00:00,1607,1510,234.5,5.77,43.07,12.94,DSYA3_L2,46.46,1.782,449,46.46,1.782,0,0,70,HYP-LOOSE-CONN,ALM-THR-PHASE-DIF;ALM-K-WARN;ALM-K-ALM;ALM-PANEL-TEMP
2026-07-22T18:00:00+00:00,1608,1487,233.1,5.81,42.91,12.8,DSYA3_L2,45.41,1.783,447,45.41,1.783,0,0,70,HYP-LOOSE-CONN,ALM-THR-PHASE-DIF;ALM-K-WARN;ALM-K-ALM;ALM-PANEL-TEMP
2026-07-22T18:15:00+00:00,1609,1483,234.6,5.82,42.75,12.65,DSYA3_L2,43.83,1.783,447,43.83,1.783,0,0,70,HYP-LOOSE-CONN,ALM-THR-PHASE-DIF;ALM-K-WARN;ALM-K-ALM;ALM-PANEL-TEMP
2026-07-22T18:30:00+00:00,1610,1458,231.1,5.86,42.57,12.5,DSYA3_L2,43.41,1.784,447,43.41,1.784,0,0,70,HYP-LOOSE-CONN,ALM-THR-PHASE-DIF;ALM-K-WARN;ALM-K-ALM;ALM-PANEL-TEMP
2026-07-22T18:45:00+00:00,1611,1437,230.2,5.9,42.38,12.34,DSYA3_L2,41.96,1.784,447,41.96,1.784,0,0,70,HYP-LOOSE-CONN,ALM-THR-PHASE-DIF;ALM-K-WARN;ALM-K-ALM;ALM-PANEL-TEMP
2026-07-22T19:00:00+00:00,1612,1421,227.4,5.92,42.19,12.17,DSYA3_L2,40.43,1.784,446,40.43,1.784,0,0,70,HYP-LOOSE-CONN,ALM-THR-PHASE-DIF;ALM-K-WARN;ALM-K-ALM;ALM-PANEL-TEMP
2026-07-22T19:15:00+00:00,1613,1433,230.4,5.91,41.99,12,DSYA3_L2,40.01,1.785,446,40.01,1.785,0,0,70,HYP-LOOSE-CONN,ALM-THR-PHASE-DIF;ALM-K-WARN;ALM-K-ALM;ALM-PANEL-TEMP
2026-07-22T19:30:00+00:00,1614,1442,230.5,5.89,41.78,11.83,DSYA3_L2,39.83,1.785,472,39.83,1.785,0,0,70,HYP-LOOSE-CONN,ALM-THR-PHASE-DIF;ALM-K-WARN;ALM-K-ALM;ALM-PANEL-TEMP
2026-07-22T19:45:00+00:00,1615,1450,231.2,5.88,41.56,11.65,DSYA3_L2,40.23,1.786,495,40.23,1.786,0,0,70,HYP-LOOSE-CONN,ALM-THR-PHASE-DIF;ALM-K-WARN;ALM-K-ALM;ALM-PANEL-TEMP
2026-07-22T20:00:00+00:00,1616,1455,234,5.87,41.34,11.47,DSYA3_L2,41.05,1.787,493,41.05,1.787,0,0,70,HYP-LOOSE-CONN,ALM-THR-PHASE-DIF;ALM-K-WARN;ALM-K-ALM;ALM-PANEL-TEMP
2026-07-22T20:15:00+00:00,1617,1432,231.6,5.91,41.12,11.29,DSYA3_L2,41.15,1.788,471,41.15,1.788,0,0,70,HYP-LOOSE-CONN,ALM-THR-PHASE-DIF;ALM-K-WARN;ALM-K-ALM;ALM-PANEL-TEMP
2026-07-22T20:30:00+00:00,1618,1417,230.1,5.94,40.9,11.1,DSYA3_L2,40.24,1.788,447,40.24,1.788,0,0,70,HYP-LOOSE-CONN,ALM-THR-PHASE-DIF;ALM-K-WARN;ALM-K-ALM
2026-07-22T20:45:00+00:00,1619,1398,227.6,5.97,40.67,10.92,DSYA3_L2,38.93,1.788,447,38.93,1.788,0,0,70,HYP-LOOSE-CONN,ALM-THR-PHASE-DIF;ALM-K-WARN;ALM-K-ALM
2026-07-22T21:00:00+00:00,1620,1370,223.2,6.01,40.44,10.74,DSYA3_L2,38.22,1.789,444,38.22,1.789,0,0,70,HYP-LOOSE-CONN,ALM-THR-PHASE-DIF;ALM-K-WARN;ALM-K-ALM
2026-07-22T21:15:00+00:00,1621,1335,219,6.07,40.21,10.56,DSYA3_L2,36.89,1.789,378,36.89,1.789,0,0,70,HYP-LOOSE-CONN,ALM-THR-PHASE-DIF;ALM-K-WARN;ALM-K-ALM
2026-07-22T21:30:00+00:00,1622,1282,212.8,6.15,39.98,10.39,DSYA3_L2,35.23,1.789,330,35.23,1.789,0,0,90,HYP-LOOSE-CONN,ALM-THR-PHASE-DIF;ALM-K-WARN;ALM-K-ALM;ALM-TTL-14D
2026-07-22T21:45:00+00:00,1623,1234,207.6,6.23,39.75,10.21,DSYA3_L2,33.18,1.789,278,33.18,1.789,0,0,90,HYP-LOOSE-CONN,ALM-THR-PHASE-DIF;ALM-K-WARN;ALM-K-ALM;ALM-TTL-14D
2026-07-22T22:00:00+00:00,1624,1182,201,6.32,39.53,10.04,DSYA3_L2,30.16,1.788,275,30.16,1.788,0,0,70,HYP-LOOSE-CONN,ALM-K-WARN;ALM-K-ALM;ALM-TTL-14D
2026-07-22T22:15:00+00:00,1625,1096,187.5,6.45,39.31,9.88,DSYA3_L2,27.89,1.788,131,27.89,1.788,0,0,70,HYP-LOOSE-CONN,ALM-K-WARN;ALM-K-ALM;ALM-TTL-14D
2026-07-22T22:30:00+00:00,1626,1012,174.4,6.58,39.1,9.72,DSYA3_L2,24.44,1.787,13,24.44,1.787,0,0,70,HYP-LOOSE-CONN,ALM-K-WARN;ALM-K-ALM;ALM-TTL-14D
2026-07-22T22:45:00+00:00,1627,920.6,160.2,6.73,38.89,9.57,DSYA3_L2,21.15,1.787,10,21.15,1.787,0,0,70,HYP-LOOSE-CONN,ALM-K-WARN;ALM-K-ALM;ALM-TTL-14D
2026-07-22T23:00:00+00:00,1628,832.3,146,6.87,38.69,9.42,DSYA3_L2,17.59,1.787,9,17.59,1.787,0,0,70,HYP-LOOSE-CONN,ALM-K-WARN;ALM-K-ALM;ALM-TTL-14D
2026-07-22T23:15:00+00:00,1629,760.7,134.8,6.98,38.49,9.28,DSYA3_L2,14.43,1.786,9,14.43,1.786,0,0,70,HYP-LOOSE-CONN,ALM-K-WARN;ALM-K-ALM;ALM-TTL-14D
2026-07-22T23:30:00+00:00,1630,681.3,121.4,7.11,38.31,9.14,DSYA3_L2,12.05,1.786,8,12.05,1.786,0,0,70,HYP-LOOSE-CONN,ALM-K-WARN;ALM-K-ALM;ALM-TTL-14D
2026-07-22T23:45:00+00:00,1631,609.9,109.6,7.22,38.13,9.02,DSYA3_L2,9.53,1.786,8,9.53,1.786,0,0,70,HYP-LOOSE-CONN,ALM-K-WARN;ALM-K-ALM;ALM-TTL-14D
2026-07-23T00:00:00+00:00,1632,537.4,98.2,7.34,37.98,8.91,DSYA3_L2,8.21,1.786,7,8.21,1.786,0,0,70,HYP-LOOSE-CONN,ALM-K-WARN;ALM-K-ALM;ALM-TTL-14D
2026-07-23T00:15:00+00:00,1633,523.8,95.4,7.36,37.83,8.8,DSYA3_L1,6.35,1.786,7,5.78,1.786,0,0,70,HYP-LOOSE-CONN,ALM-K-WARN;ALM-K-ALM;ALM-TTL-14D
2026-07-23T00:30:00+00:00,1634,511.3,93.3,7.38,37.68,8.7,DSYA3_L2,5.89,1.786,6,5.89,1.786,0,0,70,HYP-LOOSE-CONN,ALM-K-WARN;ALM-K-ALM;ALM-TTL-14D
2026-07-23T00:45:00+00:00,1635,500.2,91.6,7.4,37.55,8.61,DSYA3_L2,5.14,1.786,6,5.14,1.786,0,0,70,HYP-LOOSE-CONN,ALM-K-WARN;ALM-K-ALM;ALM-TTL-14D
2026-07-23T01:00:00+00:00,1636,488,89.3,7.42,37.43,8.53,DSYA3_L2,4.76,1.786,6,4.76,1.786,0,0,70,HYP-LOOSE-CONN,ALM-K-WARN;ALM-K-ALM;ALM-TTL-14D
2026-07-23T01:15:00+00:00,1637,477.8,87.5,7.44,37.32,8.45,DSYA3_L2,4.87,1.786,6,4.87,1.786,0,0,70,HYP-LOOSE-CONN,ALM-K-WARN;ALM-K-ALM;ALM-TTL-14D
2026-07-23T01:30:00+00:00,1638,469.8,85.9,7.45,37.23,8.39,DSYA3_L2,4.55,1.786,5,4.55,1.786,0,0,70,HYP-LOOSE-CONN,ALM-K-WARN;ALM-K-ALM;ALM-TTL-14D
2026-07-23T01:45:00+00:00,1639,462.3,84.6,7.46,37.14,8.33,DSYA3_L2,4.39,1.786,5,4.39,1.786,0,0,70,HYP-LOOSE-CONN,ALM-K-WARN;ALM-K-ALM;ALM-TTL-14D
2026-07-23T02:00:00+00:00,1640,452.3,82.8,7.48,37.08,8.29,DSYA3_L2,4.29,1.786,5,4.29,1.786,0,0,70,HYP-LOOSE-CONN,ALM-K-WARN;ALM-K-ALM;ALM-TTL-14D
2026-07-23T02:15:00+00:00,1641,449.3,82.1,7.48,37.03,8.25,DSYA3_L2,4.3,1.786,5,4.3,1.786,0,0,70,HYP-LOOSE-CONN,ALM-K-WARN;ALM-K-ALM;ALM-TTL-14D
2026-07-23T02:30:00+00:00,1642,448.9,82.2,7.48,36.99,8.22,DSYA3_L2,3.73,1.786,4,3.73,1.786,0,0,70,HYP-LOOSE-CONN,ALM-K-WARN;ALM-K-ALM;ALM-TTL-14D
2026-07-23T02:45:00+00:00,1643,448.1,81.9,7.48,36.97,8.21,DSYA3_L2,3.94,1.786,4,3.94,1.786,0,0,70,HYP-LOOSE-CONN,ALM-K-WARN;ALM-K-ALM;ALM-TTL-14D
2026-07-23T03:00:00+00:00,1644,442.4,81,7.49,36.96,8.2,DSYA3_L2,3.9,1.786,4,3.9,1.786,0,0,70,HYP-LOOSE-CONN,ALM-K-WARN;ALM-K-ALM;ALM-TTL-14D
2026-07-23T03:15:00+00:00,1645,438.7,80.2,7.5,36.97,8.21,DSYA3_L2,3.77,1.786,4,3.77,1.786,0,0,70,HYP-LOOSE-CONN,ALM-K-WARN;ALM-K-ALM;ALM-TTL-14D
2026-07-23T03:30:00+00:00,1646,441.3,80.6,7.49,36.99,8.22,DSYA3_L2,3.71,1.786,3,3.71,1.786,0,0,70,HYP-LOOSE-CONN,ALM-K-WARN;ALM-K-ALM;ALM-TTL-14D
2026-07-23T03:45:00+00:00,1647,441.7,81,7.49,37.03,8.25,DSYA3_L2,3.93,1.786,3,3.93,1.786,0,0,70,HYP-LOOSE-CONN,ALM-K-WARN;ALM-K-ALM;ALM-TTL-14D
2026-07-23T04:00:00+00:00,1648,440.7,81.1,7.49,37.08,8.29,DSYA3_L2,3.95,1.786,3,3.95,1.786,0,0,70,HYP-LOOSE-CONN,ALM-K-WARN;ALM-K-ALM;ALM-TTL-14D
2026-07-23T04:15:00+00:00,1649,451.6,83.4,7.48,37.14,8.33,DSYA3_L2,3.78,1.786,3,3.78,1.786,0,0,70,HYP-LOOSE-CONN,ALM-K-WARN;ALM-K-ALM;ALM-TTL-14D
2026-07-23T04:30:00+00:00,1650,462.3,85,7.46,37.23,8.39,DSYA3_L2,3.84,1.786,2,3.84,1.786,0,0,70,HYP-LOOSE-CONN,ALM-K-WARN;ALM-K-ALM;ALM-TTL-14D
2026-07-23T04:45:00+00:00,1651,476.1,87.7,7.44,37.32,8.45,DSYA3_L2,4.28,1.786,2,4.28,1.786,0,0,70,HYP-LOOSE-CONN,ALM-K-WARN;ALM-K-ALM;ALM-TTL-14D
2026-07-23T05:00:00+00:00,1652,483.3,88.9,7.43,37.43,8.53,DSYA3_L2,4.39,1.786,2,4.39,1.786,0,0,70,HYP-LOOSE-CONN,ALM-K-WARN;ALM-K-ALM;ALM-TTL-14D
2026-07-23T05:15:00+00:00,1653,518.1,95,7.37,37.55,8.61,DSYA3_L2,4.96,1.786,2,4.96,1.786,0,0,70,HYP-LOOSE-CONN,ALM-K-WARN;ALM-K-ALM;ALM-TTL-14D
2026-07-23T05:30:00+00:00,1654,554.7,101.9,7.32,37.68,8.7,DSYA3_L2,5.43,1.786,2,5.43,1.786,0,0,70,HYP-LOOSE-CONN,ALM-K-WARN;ALM-K-ALM;ALM-TTL-14D
2026-07-23T05:45:00+00:00,1655,588.2,107,7.26,37.83,8.8,DSYA3_L2,5.72,1.786,2,5.72,1.786,0,0,70,HYP-LOOSE-CONN,ALM-K-WARN;ALM-K-ALM;ALM-TTL-14D
2026-07-23T06:00:00+00:00,1656,623.5,113.4,7.21,37.98,8.91,DSYA3_L2,6.68,1.787,1,6.68,1.787,0,0,70,HYP-LOOSE-CONN,ALM-K-WARN;ALM-K-ALM;ALM-TTL-14D
2026-07-23T06:15:00+00:00,1657,733.9,132,7.03,38.15,9.03,DSYA3_L2,7.14,1.787,2,7.14,1.787,0,0,70,HYP-LOOSE-CONN,ALM-K-WARN;ALM-K-ALM;ALM-TTL-14D
2026-07-23T06:30:00+00:00,1658,846.8,150.4,6.85,38.33,9.16,DSYA3_L2,9.79,1.787,2,9.79,1.787,0,0,70,HYP-LOOSE-CONN,ALM-K-WARN;ALM-K-ALM;ALM-TTL-14D
2026-07-23T06:45:00+00:00,1659,959.7,168.6,6.67,38.51,9.29,DSYA3_L2,13.27,1.788,2,13.27,1.788,0,0,70,HYP-LOOSE-CONN,ALM-K-WARN;ALM-K-ALM;ALM-TTL-14D
2026-07-23T07:00:00+00:00,1660,1068,185.5,6.5,38.71,9.44,DSYA3_L2,16.93,1.789,272,16.93,1.789,0,0,70,HYP-LOOSE-CONN,ALM-K-WARN;ALM-K-ALM;ALM-TTL-14D
2026-07-23T07:15:00+00:00,1661,1171,198.4,6.33,38.91,9.58,DSYA3_L2,21.2,1.791,604,21.2,1.791,0,0,50,HYP-LOOSE-CONN,ALM-K-WARN;ALM-K-ALM
2026-07-23T07:30:00+00:00,1662,1281,215.1,6.16,39.12,9.74,DSYA3_L2,25.68,1.792,820,25.68,1.792,0,0,70,HYP-LOOSE-CONN,ALM-THR-PHASE-DIF;ALM-K-WARN;ALM-K-ALM
2026-07-23T07:45:00+00:00,1663,1393,230.2,5.98,39.33,9.9,DSYA3_L2,31.09,1.795,939,31.09,1.795,0,0,70,HYP-LOOSE-CONN,ALM-THR-PHASE-DIF;ALM-K-WARN;ALM-K-ALM
2026-07-23T08:00:00+00:00,1664,1501,242.8,5.8,39.55,10.06,DSYA3_L2,36.82,1.798,963,36.82,1.798,0,0,70,HYP-LOOSE-CONN,ALM-THR-PHASE-DIF;ALM-K-WARN;ALM-K-ALM
2026-07-23T08:15:00+00:00,1665,1534,248.3,5.75,39.78,10.23,DSYA3_L2,42.58,1.8,937,42.58,1.8,0,0,70,HYP-LOOSE-CONN,ALM-THR-PHASE-DIF;ALM-K-WARN;ALM-K-ALM
2026-07-23T08:30:00+00:00,1666,1569,253.4,5.7,40,10.4,DSYA3_L2,45.65,1.803,867,45.65,1.803,0,0,70,HYP-LOOSE-CONN,ALM-THR-PHASE-DIF;ALM-K-WARN;ALM-K-ALM
2026-07-23T08:45:00+00:00,1667,1616,259.7,5.62,40.23,10.58,DSYA3_L2,47.95,1.806,842,47.95,1.806,0,0,70,HYP-LOOSE-CONN,ALM-THR-PHASE-DIF;ALM-K-WARN;ALM-K-ALM;ALM-PANEL-TEMP
2026-07-23T09:00:00+00:00,1668,1664,264.5,5.55,40.46,10.76,DSYA3_L2,50.72,1.809,794,50.72,1.809,0,0,70,HYP-LOOSE-CONN,ALM-THR-TERM-WARN;ALM-THR-PHASE-DIF;ALM-K-WARN;ALM-K-ALM;ALM-PANEL-TEMP
2026-07-23T09:15:00+00:00,1669,1658,262.7,5.55,40.69,10.94,DSYA3_L2,54.47,1.813,678,54.47,1.813,0,0,70,HYP-LOOSE-CONN,ALM-THR-TERM-WARN;ALM-THR-PHASE-DIF;ALM-K-WARN;ALM-K-ALM;ALM-PANEL-TEMP
2026-07-23T09:30:00+00:00,1670,1649,261.9,5.57,40.92,11.12,DSYA3_L2,54.67,1.816,626,54.67,1.816,0,0,70,HYP-LOOSE-CONN,ALM-THR-TERM-WARN;ALM-THR-PHASE-DIF;ALM-K-WARN;ALM-K-ALM;ALM-PANEL-TEMP
2026-07-23T09:45:00+00:00,1671,1641,260.9,5.58,41.14,11.3,DSYA3_L2,53.78,1.817,602,53.78,1.817,0,0,70,HYP-LOOSE-CONN,ALM-THR-TERM-WARN;ALM-THR-PHASE-DIF;ALM-K-WARN;ALM-K-ALM;ALM-PANEL-TEMP
2026-07-23T10:00:00+00:00,1672,1638,259.4,5.59,41.37,11.49,DSYA3_L2,53.79,1.82,599,53.79,1.82,0,0,70,HYP-LOOSE-CONN,ALM-THR-TERM-WARN;ALM-THR-PHASE-DIF;ALM-K-WARN;ALM-K-ALM;ALM-PANEL-TEMP
2026-07-23T10:15:00+00:00,1673,1642,256.7,5.57,41.59,11.67,DSYA3_L2,52.96,1.821,599,52.96,1.821,0,0,70,HYP-LOOSE-CONN,ALM-THR-TERM-WARN;ALM-THR-PHASE-DIF;ALM-K-WARN;ALM-K-ALM;ALM-PANEL-TEMP
2026-07-23T10:30:00+00:00,1674,1639,252.5,5.57,41.8,11.84,DSYA3_L2,54.01,1.824,599,54.01,1.824,0,0,70,HYP-LOOSE-CONN,ALM-THR-TERM-WARN;ALM-THR-PHASE-DIF;ALM-K-WARN;ALM-K-ALM;ALM-PANEL-TEMP
2026-07-23T10:45:00+00:00,1675,1646,252.2,5.56,42.01,12.02,DSYA3_L2,54.14,1.826,598,54.14,1.826,0,0,70,HYP-LOOSE-CONN,ALM-THR-TERM-WARN;ALM-THR-PHASE-DIF;ALM-K-WARN;ALM-K-ALM;ALM-PANEL-TEMP
2026-07-23T11:00:00+00:00,1676,1657,254,5.54,42.21,12.19,DSYA3_L2,54.65,1.829,532,54.65,1.829,0,0,70,HYP-LOOSE-CONN,ALM-THR-TERM-WARN;ALM-THR-PHASE-DIF;ALM-K-WARN;ALM-K-ALM;ALM-PANEL-TEMP
2026-07-23T11:15:00+00:00,1677,1652,254.1,5.55,42.41,12.36,DSYA3_L2,55.45,1.831,528,55.45,1.831,0,0,70,HYP-LOOSE-CONN,ALM-THR-TERM-WARN;ALM-THR-PHASE-DIF;ALM-K-WARN;ALM-K-ALM;ALM-PANEL-TEMP
2026-07-23T11:30:00+00:00,1678,1648,253.2,5.56,42.59,12.52,DSYA3_L2,55.21,1.833,504,55.21,1.833,0,0,70,HYP-LOOSE-CONN,ALM-THR-TERM-WARN;ALM-THR-PHASE-DIF;ALM-K-WARN;ALM-K-ALM;ALM-PANEL-TEMP
2026-07-23T11:45:00+00:00,1679,1656,254.3,5.54,42.77,12.67,DSYA3_L2,54.97,1.835,503,54.97,1.835,0,0,70,HYP-LOOSE-CONN,ALM-THR-TERM-WARN;ALM-THR-PHASE-DIF;ALM-K-WARN;ALM-K-ALM;ALM-PANEL-TEMP
2026-07-23T12:00:00+00:00,1680,1654,253.6,5.55,42.94,12.82,DSYA3_L2,55.28,1.837,479,55.28,1.837,0,0,70,HYP-LOOSE-CONN,ALM-THR-TERM-WARN;ALM-THR-PHASE-DIF;ALM-K-WARN;ALM-K-ALM;ALM-PANEL-TEMP
2026-07-23T12:15:00+00:00,1681,1630,250.5,5.58,43.09,12.96,DSYA3_L2,55.45,1.839,455,55.45,1.839,0,0,70,HYP-LOOSE-CONN,ALM-THR-TERM-WARN;ALM-THR-PHASE-DIF;ALM-K-WARN;ALM-K-ALM;ALM-PANEL-TEMP
2026-07-23T12:30:00+00:00,1682,1609,248.4,5.62,43.24,13.09,DSYA3_L2,54.09,1.84,454,54.09,1.84,0,0,70,HYP-LOOSE-CONN,ALM-THR-TERM-WARN;ALM-THR-PHASE-DIF;ALM-K-WARN;ALM-K-ALM;ALM-PANEL-TEMP
2026-07-23T12:45:00+00:00,1683,1588,246,5.65,43.37,13.2,DSYA3_L2,53.2,1.841,430,53.2,1.841,0,0,70,HYP-LOOSE-CONN,ALM-THR-TERM-WARN;ALM-THR-PHASE-DIF;ALM-K-WARN;ALM-K-ALM;ALM-PANEL-TEMP
2026-07-23T13:00:00+00:00,1684,1549,239.3,5.71,43.49,13.31,DSYA3_L2,51.81,1.843,428,51.81,1.843,0,0,70,HYP-LOOSE-CONN,ALM-THR-TERM-WARN;ALM-THR-PHASE-DIF;ALM-K-WARN;ALM-K-ALM;ALM-PANEL-TEMP
2026-07-23T13:15:00+00:00,1685,1569,242.2,5.68,43.6,13.41,DSYA3_L2,49.85,1.843,428,49.85,1.843,0,0,70,HYP-LOOSE-CONN,ALM-THR-PHASE-DIF;ALM-K-WARN;ALM-K-ALM;ALM-PANEL-TEMP
2026-07-23T13:30:00+00:00,1686,1585,242.5,5.65,43.7,13.5,DSYA3_L2,50.22,1.845,430,50.22,1.845,0,0,70,HYP-LOOSE-CONN,ALM-THR-TERM-WARN;ALM-THR-PHASE-DIF;ALM-K-WARN;ALM-K-ALM;ALM-PANEL-TEMP
2026-07-23T13:45:00+00:00,1687,1589,243.8,5.65,43.78,13.57,DSYA3_L2,51.05,1.847,429,51.05,1.847,0,0,70,HYP-LOOSE-CONN,ALM-THR-TERM-WARN;ALM-THR-PHASE-DIF;ALM-K-WARN;ALM-K-ALM;ALM-PANEL-TEMP
2026-07-23T14:00:00+00:00,1688,1587,245,5.65,43.84,13.63,DSYA3_L2,51.85,1.849,427,51.85,1.849,0,0,70,HYP-LOOSE-CONN,ALM-THR-TERM-WARN;ALM-THR-PHASE-DIF;ALM-K-WARN;ALM-K-ALM;ALM-PANEL-TEMP
2026-07-23T14:15:00+00:00,1689,1603,246.3,5.63,43.89,13.68,DSYA3_L2,51.24,1.849,453,51.24,1.849,0,0,70,HYP-LOOSE-CONN,ALM-THR-TERM-WARN;ALM-THR-PHASE-DIF;ALM-K-WARN;ALM-K-ALM;ALM-PANEL-TEMP
2026-07-23T14:30:00+00:00,1690,1624,246.5,5.59,43.93,13.71,DSYA3_L2,52.18,1.851,457,52.18,1.851,0,0,70,HYP-LOOSE-CONN,ALM-THR-TERM-WARN;ALM-THR-PHASE-DIF;ALM-K-WARN;ALM-K-ALM;ALM-PANEL-TEMP
2026-07-23T14:45:00+00:00,1691,1645,247.8,5.55,43.95,13.74,DSYA3_L2,54.24,1.854,453,54.24,1.854,0,0,70,HYP-LOOSE-CONN,ALM-THR-TERM-WARN;ALM-THR-PHASE-DIF;ALM-K-WARN;ALM-K-ALM;ALM-PANEL-TEMP
2026-07-23T15:00:00+00:00,1692,1664,250.8,5.52,43.96,13.74,DSYA3_L2,55.23,1.856,456,55.23,1.856,0,0,70,HYP-LOOSE-CONN,ALM-THR-TERM-WARN;ALM-THR-PHASE-DIF;ALM-K-WARN;ALM-K-ALM;ALM-PANEL-TEMP
2026-07-23T15:15:00+00:00,1693,1657,251,5.54,43.95,13.74,DSYA3_L2,56.74,1.858,452,56.74,1.858,0,0,70,HYP-LOOSE-CONN,ALM-THR-TERM-WARN;ALM-THR-PHASE-DIF;ALM-K-WARN;ALM-K-ALM;ALM-PANEL-TEMP
2026-07-23T15:30:00+00:00,1694,1660,251,5.53,43.93,13.71,DSYA3_L2,56.5,1.86,452,56.5,1.86,0,0,70,HYP-LOOSE-CONN,ALM-THR-TERM-WARN;ALM-THR-PHASE-DIF;ALM-K-WARN;ALM-K-ALM;ALM-PANEL-TEMP
2026-07-23T15:45:00+00:00,1695,1647,251.3,5.55,43.89,13.68,DSYA3_L2,56.74,1.861,451,56.74,1.861,0,0,70,HYP-LOOSE-CONN,ALM-THR-TERM-WARN;ALM-THR-PHASE-DIF;ALM-K-WARN;ALM-K-ALM;ALM-PANEL-TEMP
2026-07-23T16:00:00+00:00,1696,1648,253.9,5.56,43.84,13.63,DSYA3_L2,55.75,1.862,451,55.75,1.862,0,0,70,HYP-LOOSE-CONN,ALM-THR-TERM-WARN;ALM-THR-PHASE-DIF;ALM-K-WARN;ALM-K-ALM;ALM-PANEL-TEMP
2026-07-23T16:15:00+00:00,1697,1641,252.3,5.57,43.78,13.57,DSYA3_L2,55.64,1.864,451,55.64,1.864,0,0,70,HYP-LOOSE-CONN,ALM-THR-TERM-WARN;ALM-THR-PHASE-DIF;ALM-K-WARN;ALM-K-ALM;ALM-PANEL-TEMP
2026-07-23T16:30:00+00:00,1698,1638,251.8,5.57,43.7,13.5,DSYA3_L2,54.94,1.864,451,54.94,1.864,0,0,70,HYP-LOOSE-CONN,ALM-THR-TERM-WARN;ALM-THR-PHASE-DIF;ALM-K-WARN;ALM-K-ALM;ALM-PANEL-TEMP
2026-07-23T16:45:00+00:00,1699,1633,251.1,5.58,43.6,13.41,DSYA3_L2,55.58,1.867,431,55.58,1.867,0,0,70,HYP-LOOSE-CONN,ALM-THR-TERM-WARN;ALM-THR-PHASE-DIF;ALM-K-WARN;ALM-K-ALM;ALM-PANEL-TEMP
2026-07-23T17:00:00+00:00,1700,1630,252.1,5.59,43.49,13.31,DSYA3_L2,54.96,1.868,426,54.96,1.868,0,0,70,HYP-LOOSE-CONN,ALM-THR-TERM-WARN;ALM-THR-PHASE-DIF;ALM-K-WARN;ALM-K-ALM;ALM-PANEL-TEMP
2026-07-23T17:15:00+00:00,1701,1598,248.5,5.64,43.37,13.2,DSYA3_L2,54.27,1.868,426,54.27,1.868,0,0,70,HYP-LOOSE-CONN,ALM-THR-TERM-WARN;ALM-THR-PHASE-DIF;ALM-K-WARN;ALM-K-ALM;ALM-PANEL-TEMP
2026-07-23T17:30:00+00:00,1702,1567,245.9,5.69,43.24,13.09,DSYA3_L2,52.61,1.869,425,52.61,1.869,0,0,70,HYP-LOOSE-CONN,ALM-THR-TERM-WARN;ALM-THR-PHASE-DIF;ALM-K-WARN;ALM-K-ALM;ALM-PANEL-TEMP
2026-07-23T17:45:00+00:00,1703,1555,244.8,5.71,43.09,12.96,DSYA3_L2,50.48,1.869,425,50.48,1.869,0,0,70,HYP-LOOSE-CONN,ALM-THR-TERM-WARN;ALM-THR-PHASE-DIF;ALM-K-WARN;ALM-K-ALM;ALM-PANEL-TEMP
2026-07-23T18:00:00+00:00,1704,1517,239.6,5.77,42.94,12.82,DSYA3_L2,49.48,1.869,423,49.48,1.869,0,0,70,HYP-LOOSE-CONN,ALM-THR-PHASE-DIF;ALM-K-WARN;ALM-K-ALM;ALM-PANEL-TEMP
2026-07-23T18:15:00+00:00,1705,1491,235.6,5.81,42.77,12.67,DSYA3_L2,47.58,1.869,423,47.58,1.869,0,0,70,HYP-LOOSE-CONN,ALM-THR-PHASE-DIF;ALM-K-WARN;ALM-K-ALM;ALM-PANEL-TEMP
2026-07-23T18:30:00+00:00,1706,1474,231.5,5.83,42.59,12.52,DSYA3_L2,45.31,1.869,425,45.31,1.869,0,0,70,HYP-LOOSE-CONN,ALM-THR-PHASE-DIF;ALM-K-WARN;ALM-K-ALM;ALM-PANEL-TEMP
2026-07-23T18:45:00+00:00,1707,1460,230.4,5.86,42.41,12.36,DSYA3_L2,45.21,1.87,423,45.21,1.87,0,0,70,HYP-LOOSE-CONN,ALM-THR-PHASE-DIF;ALM-K-WARN;ALM-K-ALM;ALM-PANEL-TEMP
2026-07-23T19:00:00+00:00,1708,1452,231,5.87,42.21,12.19,DSYA3_L2,44.22,1.87,422,44.22,1.87,0,0,70,HYP-LOOSE-CONN,ALM-THR-PHASE-DIF;ALM-K-WARN;ALM-K-ALM;ALM-PANEL-TEMP
2026-07-23T19:15:00+00:00,1709,1466,232.7,5.85,42.01,12.02,DSYA3_L2,43.63,1.871,422,43.63,1.871,0,0,70,HYP-LOOSE-CONN,ALM-THR-PHASE-DIF;ALM-K-WARN;ALM-K-ALM;ALM-PANEL-TEMP
2026-07-23T19:30:00+00:00,1710,1482,236,5.83,41.8,11.84,DSYA3_L2,43.91,1.872,424,43.91,1.872,0,0,70,HYP-LOOSE-CONN,ALM-THR-PHASE-DIF;ALM-K-WARN;ALM-K-ALM;ALM-PANEL-TEMP
2026-07-23T19:45:00+00:00,1711,1499,237.7,5.8,41.59,11.67,DSYA3_L2,45,1.873,428,45,1.873,0,0,70,HYP-LOOSE-CONN,ALM-THR-PHASE-DIF;ALM-K-WARN;ALM-K-ALM;ALM-PANEL-TEMP
2026-07-23T20:00:00+00:00,1712,1507,238.7,5.79,41.37,11.49,DSYA3_L2,46.24,1.875,423,46.24,1.875,0,0,70,HYP-LOOSE-CONN,ALM-THR-PHASE-DIF;ALM-K-WARN;ALM-K-ALM;ALM-PANEL-TEMP
2026-07-23T20:15:00+00:00,1713,1478,235.3,5.83,41.14,11.3,DSYA3_L2,46.14,1.875,423,46.14,1.875,0,0,70,HYP-LOOSE-CONN,ALM-THR-PHASE-DIF;ALM-K-WARN;ALM-K-ALM;ALM-PANEL-TEMP
2026-07-23T20:30:00+00:00,1714,1453,234.2,5.88,40.92,11.12,DSYA3_L2,45.45,1.876,421,45.45,1.876,0,0,70,HYP-LOOSE-CONN,ALM-THR-PHASE-DIF;ALM-K-WARN;ALM-K-ALM;ALM-PANEL-TEMP
2026-07-23T20:45:00+00:00,1715,1428,229.7,5.91,40.69,10.94,DSYA3_L2,43.5,1.876,421,43.5,1.876,0,0,70,HYP-LOOSE-CONN,ALM-THR-PHASE-DIF;ALM-K-WARN;ALM-K-ALM
2026-07-23T21:00:00+00:00,1716,1400,226.9,5.96,40.46,10.76,DSYA3_L2,42.12,1.876,420,42.12,1.876,0,0,70,HYP-LOOSE-CONN,ALM-THR-PHASE-DIF;ALM-K-WARN;ALM-K-ALM
2026-07-23T21:15:00+00:00,1717,1347,219.9,6.05,40.23,10.58,DSYA3_L2,40.47,1.876,330,40.47,1.876,0,0,90,HYP-LOOSE-CONN,ALM-THR-PHASE-DIF;ALM-K-WARN;ALM-K-ALM;ALM-TTL-14D
2026-07-23T21:30:00+00:00,1718,1293,213.5,6.13,40,10.4,DSYA3_L2,37.5,1.875,302,37.5,1.875,0,0,90,HYP-LOOSE-CONN,ALM-THR-PHASE-DIF;ALM-K-WARN;ALM-K-ALM;ALM-TTL-14D
2026-07-23T21:45:00+00:00,1719,1241,204.7,6.21,39.78,10.23,DSYA3_L2,34.81,1.875,253,34.81,1.875,0,0,90,HYP-LOOSE-CONN,ALM-THR-PHASE-DIF;ALM-K-WARN;ALM-K-ALM;ALM-TTL-14D
2026-07-23T22:00:00+00:00,1720,1196,198.8,6.29,39.55,10.06,DSYA3_L2,32.5,1.875,185,32.5,1.875,0,0,90,HYP-LOOSE-CONN,ALM-THR-PHASE-DIF;ALM-K-WARN;ALM-K-ALM;ALM-TTL-14D
2026-07-23T22:15:00+00:00,1721,1113,187.1,6.42,39.33,9.9,DSYA3_L2,30.13,1.875,85,30.13,1.875,0,0,90,HYP-LOOSE-CONN,ALM-THR-PHASE-DIF;ALM-K-WARN;ALM-K-ALM;ALM-TTL-14D
2026-07-23T22:30:00+00:00,1722,1023,173.8,6.56,39.12,9.74,DSYA3_L2,26.4,1.874,11,26.4,1.874,0,0,70,HYP-LOOSE-CONN,ALM-K-WARN;ALM-K-ALM;ALM-TTL-14D
2026-07-23T22:45:00+00:00,1723,940.1,161.9,6.7,38.91,9.58,DSYA3_L2,22.81,1.874,10,22.81,1.874,0,0,70,HYP-LOOSE-CONN,ALM-K-WARN;ALM-K-ALM;ALM-TTL-14D
2026-07-23T23:00:00+00:00,1724,858.6,150,6.83,38.71,9.44,DSYA3_L2,19.51,1.874,9,19.51,1.874,0,0,70,HYP-LOOSE-CONN,ALM-K-WARN;ALM-K-ALM;ALM-TTL-14D
2026-07-23T23:15:00+00:00,1725,778.3,138,6.96,38.51,9.29,DSYA3_L2,15.83,1.873,9,15.83,1.873,0,0,70,HYP-LOOSE-CONN,ALM-K-WARN;ALM-K-ALM;ALM-TTL-14D
2026-07-23T23:30:00+00:00,1726,696,124.7,7.09,38.33,9.16,DSYA3_L2,13.2,1.873,8,13.2,1.873,0,0,70,HYP-LOOSE-CONN,ALM-K-WARN;ALM-K-ALM;ALM-TTL-14D
2026-07-23T23:45:00+00:00,1727,615.2,111.4,7.22,38.15,9.03,DSYA3_L2,10.74,1.873,8,10.74,1.873,0,0,70,HYP-LOOSE-CONN,ALM-K-WARN;ALM-K-ALM;ALM-TTL-14D
2026-07-24T00:00:00+00:00,1728,536.4,98,7.34,38,8.93,DSYA3_L2,8.26,1.873,7,8.26,1.873,0,0,70,HYP-LOOSE-CONN,ALM-K-WARN;ALM-K-ALM;ALM-TTL-14D
2026-07-24T00:15:00+00:00,1729,525.6,96.9,7.36,37.85,8.82,DSYA3_L2,6.61,1.873,7,6.61,1.873,0,0,70,HYP-LOOSE-CONN,ALM-K-WARN;ALM-K-ALM;ALM-TTL-14D
2026-07-24T00:30:00+00:00,1730,513.8,94.9,7.38,37.7,8.72,DSYA7_L1,5.7,1.873,6,5.46,1.873,0,0,70,HYP-LOOSE-CONN,ALM-K-WARN;ALM-K-ALM;ALM-TTL-14D
2026-07-24T00:45:00+00:00,1731,501,92.4,7.4,37.57,8.62,DSYA3_L2,5.57,1.873,6,5.57,1.873,0,0,70,HYP-LOOSE-CONN,ALM-K-WARN;ALM-K-ALM;ALM-TTL-14D
2026-07-24T01:00:00+00:00,1732,487.1,90.3,7.42,37.45,8.54,DSYA3_L2,4.83,1.873,6,4.83,1.873,0,0,70,HYP-LOOSE-CONN,ALM-K-WARN;ALM-K-ALM;ALM-TTL-14D
2026-07-24T01:15:00+00:00,1733,479,88.7,7.44,37.34,8.46,DSYA3_L2,4.76,1.873,6,4.76,1.873,0,0,70,HYP-LOOSE-CONN,ALM-K-WARN;ALM-K-ALM;ALM-TTL-14D
2026-07-24T01:30:00+00:00,1734,471.5,87.6,7.45,37.24,8.4,DSYA3_L2,5.03,1.873,5,5.03,1.873,0,0,70,HYP-LOOSE-CONN,ALM-K-WARN;ALM-K-ALM;ALM-TTL-14D
2026-07-24T01:45:00+00:00,1735,462.1,85.8,7.46,37.16,8.34,DSYA3_L2,4.79,1.873,5,4.79,1.873,0,0,70,HYP-LOOSE-CONN,ALM-K-WARN;ALM-K-ALM;ALM-TTL-14D
2026-07-24T02:00:00+00:00,1736,456.3,84.9,7.47,37.1,8.3,DSYA3_L2,4.47,1.873,5,4.47,1.873,0,0,70,HYP-LOOSE-CONN,ALM-K-WARN;ALM-K-ALM;ALM-TTL-14D
2026-07-24T02:15:00+00:00,1737,454.8,84.7,7.47,37.04,8.26,DSYA3_L2,4.57,1.873,4,4.57,1.873,0,0,70,HYP-LOOSE-CONN,ALM-K-WARN;ALM-K-ALM;ALM-TTL-14D
2026-07-24T02:30:00+00:00,1738,455.2,85.1,7.47,37.01,8.24,DSYA3_L2,4.07,1.873,4,4.07,1.873,0,0,70,HYP-LOOSE-CONN,ALM-K-WARN;ALM-K-ALM;ALM-TTL-14D
2026-07-24T02:45:00+00:00,1739,452.9,84.7,7.48,36.98,8.22,DSYA3_L2,3.84,1.873,4,3.84,1.873,0,0,70,HYP-LOOSE-CONN,ALM-K-WARN;ALM-K-ALM;ALM-TTL-14D
2026-07-24T03:00:00+00:00,1740,448.3,83.4,7.48,36.98,8.22,DSYA3_L2,4.21,1.873,4,4.21,1.873,0,0,70,HYP-LOOSE-CONN,ALM-K-WARN;ALM-K-ALM;ALM-TTL-14D
2026-07-24T03:15:00+00:00,1741,448.2,83.6,7.49,36.98,8.22,DSYA3_L2,4.02,1.873,3,4.02,1.873,0,0,70,HYP-LOOSE-CONN,ALM-K-WARN;ALM-K-ALM;ALM-TTL-14D
2026-07-24T03:30:00+00:00,1742,450.2,84.5,7.48,37.01,8.24,DSYA3_L2,4.03,1.873,3,4.03,1.873,0,0,70,HYP-LOOSE-CONN,ALM-K-WARN;ALM-K-ALM;ALM-TTL-14D
2026-07-24T03:45:00+00:00,1743,448.9,84.3,7.49,37.04,8.26,DSYA3_L2,4.31,1.873,3,4.31,1.873,0,0,70,HYP-LOOSE-CONN,ALM-K-WARN;ALM-K-ALM;ALM-TTL-14D
2026-07-24T04:00:00+00:00,1744,448.8,84.2,7.49,37.1,8.3,DSYA3_L2,4.15,1.873,3,4.15,1.873,0,0,70,HYP-LOOSE-CONN,ALM-K-WARN;ALM-K-ALM;ALM-TTL-14D
2026-07-24T04:15:00+00:00,1745,455.7,85.5,7.47,37.16,8.34,DSYA3_L2,4.2,1.873,3,4.2,1.873,0,0,70,HYP-LOOSE-CONN,ALM-K-WARN;ALM-K-ALM;ALM-TTL-14D
2026-07-24T04:30:00+00:00,1746,467.7,87.7,7.46,37.24,8.4,DSYA3_L2,4.1,1.873,2,4.1,1.873,0,0,70,HYP-LOOSE-CONN,ALM-K-WARN;ALM-K-ALM;ALM-TTL-14D
2026-07-24T04:45:00+00:00,1747,476.1,89.3,7.44,37.34,8.46,DSYA3_L2,4.79,1.873,2,4.79,1.873,0,0,70,HYP-LOOSE-CONN,ALM-K-WARN;ALM-K-ALM;ALM-TTL-14D
2026-07-24T05:00:00+00:00,1748,485.2,91.5,7.43,37.45,8.54,DSYA3_L2,4.32,1.873,2,4.32,1.873,0,0,70,HYP-LOOSE-CONN,ALM-K-WARN;ALM-K-ALM;ALM-TTL-14D
2026-07-24T05:15:00+00:00,1749,521.5,97.4,7.37,37.57,8.62,DSYA3_L2,4.92,1.873,2,4.92,1.873,0,0,70,HYP-LOOSE-CONN,ALM-K-WARN;ALM-K-ALM;ALM-TTL-14D
2026-07-24T05:30:00+00:00,1750,553.8,102.7,7.32,37.7,8.72,DSYA3_L2,5.44,1.873,2,5.44,1.873,0,0,70,HYP-LOOSE-CONN,ALM-K-WARN;ALM-K-ALM;ALM-TTL-14D
2026-07-24T05:45:00+00:00,1751,586.7,108.6,7.27,37.85,8.82,DSYA3_L2,5.92,1.873,2,5.92,1.873,0,0,70,HYP-LOOSE-CONN,ALM-K-WARN;ALM-K-ALM;ALM-TTL-14D
2026-07-24T06:00:00+00:00,1752,619.6,114.8,7.22,38,8.93,DSYA3_L2,7.07,1.873,1,7.07,1.873,0,0,70,HYP-LOOSE-CONN,ALM-K-WARN;ALM-K-ALM;ALM-TTL-14D
2026-07-24T06:15:00+00:00,1753,730.8,133,7.04,38.17,9.05,DSYA3_L2,7.31,1.873,2,7.31,1.873,0,0,70,HYP-LOOSE-CONN,ALM-K-WARN;ALM-K-ALM;ALM-TTL-14D
2026-07-24T06:30:00+00:00,1754,839.9,150.4,6.86,38.35,9.17,DSYA3_L2,9.85,1.874,2,9.85,1.874,0,0,70,HYP-LOOSE-CONN,ALM-K-WARN;ALM-K-ALM;ALM-TTL-14D
2026-07-24T06:45:00+00:00,1755,949.3,168.2,6.69,38.53,9.31,DSYA3_L2,12.96,1.875,2,12.96,1.875,0,0,70,HYP-LOOSE-CONN,ALM-K-WARN;ALM-K-ALM;ALM-TTL-14D
2026-07-24T07:00:00+00:00,1756,1059,184.9,6.52,38.73,9.45,DSYA3_L2,17.29,1.876,172,17.29,1.876,0,0,70,HYP-LOOSE-CONN,ALM-K-WARN;ALM-K-ALM;ALM-TTL-14D
2026-07-24T07:15:00+00:00,1757,1160,200,6.35,38.93,9.6,DSYA3_L2,21.37,1.877,580,21.37,1.877,0,0,50,HYP-LOOSE-CONN,ALM-K-WARN;ALM-K-ALM
2026-07-24T07:30:00+00:00,1758,1269,213.9,6.18,39.14,9.75,DSYA3_L2,25.89,1.878,824,25.89,1.878,0,0,70,HYP-LOOSE-CONN,ALM-THR-PHASE-DIF;ALM-K-WARN;ALM-K-ALM
2026-07-24T07:45:00+00:00,1759,1377,229.3,6.01,39.35,9.91,DSYA3_L2,31.55,1.881,964,31.55,1.881,0,0,70,HYP-LOOSE-CONN,ALM-THR-PHASE-DIF;ALM-K-WARN;ALM-K-ALM
2026-07-24T08:00:00+00:00,1760,1485,243.2,5.83,39.57,10.08,DSYA3_L2,37.21,1.883,1081,37.21,1.883,0,0,70,HYP-LOOSE-CONN,ALM-THR-PHASE-DIF;ALM-K-WARN;ALM-K-ALM
2026-07-24T08:15:00+00:00,1761,1516,248.2,5.79,39.79,10.24,DSYA3_L2,43.03,1.885,987,43.03,1.885,0,0,70,HYP-LOOSE-CONN,ALM-THR-PHASE-DIF;ALM-K-WARN;ALM-K-ALM
2026-07-24T08:30:00+00:00,1762,1560,254.6,5.72,40.02,10.42,DSYA3_L2,46.5,1.888,915,46.5,1.888,0,0,70,HYP-LOOSE-CONN,ALM-THR-PHASE-DIF;ALM-K-WARN;ALM-K-ALM
2026-07-24T08:45:00+00:00,1763,1597,258.7,5.66,40.25,10.59,DSYA3_L2,49.06,1.89,914,49.06,1.89,0,0,70,HYP-LOOSE-CONN,ALM-THR-PHASE-DIF;ALM-K-WARN;ALM-K-ALM;ALM-PANEL-TEMP
2026-07-24T09:00:00+00:00,1764,1628,262.9,5.61,40.48,10.77,DSYA3_L2,51.66,1.893,912,51.66,1.893,0,0,70,HYP-LOOSE-CONN,ALM-THR-TERM-WARN;ALM-THR-PHASE-DIF;ALM-K-WARN;ALM-K-ALM;ALM-PANEL-TEMP
2026-07-24T09:15:00+00:00,1765,1622,262.8,5.62,40.71,10.95,DSYA3_L2,53.72,1.895,770,53.72,1.895,0,0,70,HYP-LOOSE-CONN,ALM-THR-TERM-WARN;ALM-THR-PHASE-DIF;ALM-K-WARN;ALM-K-ALM;ALM-PANEL-TEMP
2026-07-24T09:30:00+00:00,1766,1616,264.5,5.63,40.93,11.14,DSYA3_L2,53.99,1.898,744,53.99,1.898,0,0,70,HYP-LOOSE-CONN,ALM-THR-TERM-WARN;ALM-THR-PHASE-DIF;ALM-K-WARN;ALM-K-ALM;ALM-PANEL-TEMP
2026-07-24T09:45:00+00:00,1767,1608,262.4,5.64,41.16,11.32,DSYA3_L2,53.62,1.9,673,53.62,1.9,0,0,70,HYP-LOOSE-CONN,ALM-THR-TERM-WARN;ALM-THR-PHASE-DIF;ALM-K-WARN;ALM-K-ALM;ALM-PANEL-TEMP
2026-07-24T10:00:00+00:00,1768,1602,262.8,5.66,41.38,11.5,DSYA3_L2,52.82,1.901,625,52.82,1.901,0,0,70,HYP-LOOSE-CONN,ALM-THR-TERM-WARN;ALM-THR-PHASE-DIF;ALM-K-WARN;ALM-K-ALM;ALM-PANEL-TEMP
2026-07-24T10:15:00+00:00,1769,1614,267.1,5.64,41.6,11.68,DSYA3_L2,52.77,1.903,625,52.77,1.903,0,0,70,HYP-LOOSE-CONN,ALM-THR-TERM-WARN;ALM-THR-PHASE-DIF;ALM-K-WARN;ALM-K-ALM;ALM-PANEL-TEMP
2026-07-24T10:30:00+00:00,1770,1628,269,5.62,41.82,11.86,DSYA3_L2,53,1.905,625,53,1.905,0,0,70,HYP-LOOSE-CONN,ALM-THR-TERM-WARN;ALM-THR-PHASE-DIF;ALM-K-WARN;ALM-K-ALM;ALM-PANEL-TEMP
2026-07-24T10:45:00+00:00,1771,1644,272.7,5.6,42.03,12.03,DSYA3_L2,53.95,1.908,600,53.95,1.908,0,0,70,HYP-LOOSE-CONN,ALM-THR-TERM-WARN;ALM-THR-PHASE-DIF;ALM-K-WARN;ALM-K-ALM;ALM-PANEL-TEMP
2026-07-24T11:00:00+00:00,1772,1650,271.8,5.58,42.23,12.21,DSYA3_L2,54.45,1.909,598,54.45,1.909,0,0,70,HYP-LOOSE-CONN,ALM-THR-TERM-WARN;ALM-THR-PHASE-DIF;ALM-K-WARN;ALM-K-ALM;ALM-PANEL-TEMP
2026-07-24T11:15:00+00:00,1773,1639,266.1,5.59,42.42,12.37,DSYA3_L2,55.59,1.912,574,55.59,1.912,0,0,70,HYP-LOOSE-CONN,ALM-THR-TERM-WARN;ALM-THR-PHASE-DIF;ALM-K-WARN;ALM-K-ALM;ALM-PANEL-TEMP
2026-07-24T11:30:00+00:00,1774,1629,262.8,5.61,42.61,12.53,DSYA3_L2,55.54,1.914,574,55.54,1.914,0,0,70,HYP-LOOSE-CONN,ALM-THR-TERM-WARN;ALM-THR-PHASE-DIF;ALM-K-WARN;ALM-K-ALM;ALM-PANEL-TEMP
2026-07-24T11:45:00+00:00,1775,1626,261.8,5.61,42.79,12.69,DSYA3_L2,55.18,1.916,573,55.18,1.916,0,0,70,HYP-LOOSE-CONN,ALM-THR-TERM-WARN;ALM-THR-PHASE-DIF;ALM-K-WARN;ALM-K-ALM;ALM-PANEL-TEMP
2026-07-24T12:00:00+00:00,1776,1616,261.5,5.63,42.95,12.83,DSYA3_L2,54.8,1.918,507,54.8,1.918,0,0,70,HYP-LOOSE-CONN,ALM-THR-TERM-WARN;ALM-THR-PHASE-DIF;ALM-K-WARN;ALM-K-ALM;ALM-PANEL-TEMP
2026-07-24T12:15:00+00:00,1777,1586,256.2,5.67,43.11,12.97,DSYA3_L2,53.92,1.919,503,53.92,1.919,0,0,70,HYP-LOOSE-CONN,ALM-THR-TERM-WARN;ALM-THR-PHASE-DIF;ALM-K-WARN;ALM-K-ALM;ALM-PANEL-TEMP
2026-07-24T12:30:00+00:00,1778,1563,253.4,5.71,43.26,13.1,DSYA3_L2,52.31,1.92,479,52.31,1.92,0,0,70,HYP-LOOSE-CONN,ALM-THR-TERM-WARN;ALM-THR-PHASE-DIF;ALM-K-WARN;ALM-K-ALM;ALM-PANEL-TEMP
2026-07-24T12:45:00+00:00,1779,1534,248.8,5.75,43.39,13.22,DSYA3_L2,51.08,1.921,459,51.08,1.921,0,0,70,HYP-LOOSE-CONN,ALM-THR-TERM-WARN;ALM-THR-PHASE-DIF;ALM-K-WARN;ALM-K-ALM;ALM-PANEL-TEMP
2026-07-24T13:00:00+00:00,1780,1509,245.9,5.8,43.51,13.33,DSYA3_L2,49.61,1.922,434,49.61,1.922,0,0,70,HYP-LOOSE-CONN,ALM-THR-PHASE-DIF;ALM-K-WARN;ALM-K-ALM;ALM-PANEL-TEMP
2026-07-24T13:15:00+00:00,1781,1520,247.5,5.78,43.62,13.43,DSYA3_L2,47.87,1.922,454,47.87,1.922,0,0,70,HYP-LOOSE-CONN,ALM-THR-PHASE-DIF;ALM-K-WARN;ALM-K-ALM;ALM-PANEL-TEMP
2026-07-24T13:30:00+00:00,1782,1521,248.7,5.78,43.71,13.51,DSYA3_L2,47.99,1.923,478,47.99,1.923,0,0,70,HYP-LOOSE-CONN,ALM-THR-PHASE-DIF;ALM-K-WARN;ALM-K-ALM;ALM-PANEL-TEMP
2026-07-24T13:45:00+00:00,1783,1533,250.5,5.76,43.79,13.59,DSYA3_L2,48.21,1.925,477,48.21,1.925,0,0,70,HYP-LOOSE-CONN,ALM-THR-PHASE-DIF;ALM-K-WARN;ALM-K-ALM;ALM-PANEL-TEMP
2026-07-24T14:00:00+00:00,1784,1537,252.3,5.76,43.86,13.65,DSYA3_L2,48.79,1.927,477,48.79,1.927,0,0,70,HYP-LOOSE-CONN,ALM-THR-PHASE-DIF;ALM-K-WARN;ALM-K-ALM;ALM-PANEL-TEMP
2026-07-24T14:15:00+00:00,1785,1552,255.3,5.73,43.91,13.7,DSYA3_L2,49.1,1.928,481,49.1,1.928,0,0,70,HYP-LOOSE-CONN,ALM-THR-PHASE-DIF;ALM-K-WARN;ALM-K-ALM;ALM-PANEL-TEMP
2026-07-24T14:30:00+00:00,1786,1564,255.9,5.71,43.95,13.73,DSYA3_L2,49.73,1.93,501,49.73,1.93,0,0,70,HYP-LOOSE-CONN,ALM-THR-PHASE-DIF;ALM-K-WARN;ALM-K-ALM;ALM-PANEL-TEMP
2026-07-24T14:45:00+00:00,1787,1580,256.2,5.68,43.97,13.75,DSYA3_L2,50.46,1.931,570,50.46,1.931,0,0,70,HYP-LOOSE-CONN,ALM-THR-TERM-WARN;ALM-THR-PHASE-DIF;ALM-K-WARN;ALM-K-ALM;ALM-PANEL-TEMP
2026-07-24T15:00:00+00:00,1788,1606,257.7,5.64,43.98,13.76,DSYA3_L2,51.5,1.933,570,51.5,1.933,0,0,70,HYP-LOOSE-CONN,ALM-THR-TERM-WARN;ALM-THR-PHASE-DIF;ALM-K-WARN;ALM-K-ALM;ALM-PANEL-TEMP
2026-07-24T15:15:00+00:00,1789,1596,256.9,5.66,43.97,13.75,DSYA3_L2,53.14,1.935,504,53.14,1.935,0,0,70,HYP-LOOSE-CONN,ALM-THR-TERM-WARN;ALM-THR-PHASE-DIF;ALM-K-WARN;ALM-K-ALM;ALM-PANEL-TEMP
2026-07-24T15:30:00+00:00,1790,1602,261.1,5.65,43.95,13.73,DSYA3_L2,53.32,1.936,500,53.32,1.936,0,0,70,HYP-LOOSE-CONN,ALM-THR-TERM-WARN;ALM-THR-PHASE-DIF;ALM-K-WARN;ALM-K-ALM;ALM-PANEL-TEMP
2026-07-24T15:45:00+00:00,1791,1607,262.7,5.65,43.91,13.7,DSYA3_L2,53.46,1.938,499,53.46,1.938,0,0,70,HYP-LOOSE-CONN,ALM-THR-TERM-WARN;ALM-THR-PHASE-DIF;ALM-K-WARN;ALM-K-ALM;ALM-PANEL-TEMP
2026-07-24T16:00:00+00:00,1792,1610,262.6,5.64,43.86,13.65,DSYA3_L2,53.53,1.939,479,53.53,1.939,0,0,70,HYP-LOOSE-CONN,ALM-THR-TERM-WARN;ALM-THR-PHASE-DIF;ALM-K-WARN;ALM-K-ALM;ALM-PANEL-TEMP
2026-07-24T16:15:00+00:00,1793,1600,262.6,5.66,43.79,13.59,DSYA3_L2,53.85,1.941,475,53.85,1.941,0,0,70,HYP-LOOSE-CONN,ALM-THR-TERM-WARN;ALM-THR-PHASE-DIF;ALM-K-WARN;ALM-K-ALM;ALM-PANEL-TEMP
2026-07-24T16:30:00+00:00,1794,1605,262.4,5.65,43.71,13.51,DSYA3_L2,53.05,1.942,475,53.05,1.942,0,0,70,HYP-LOOSE-CONN,ALM-THR-TERM-WARN;ALM-THR-PHASE-DIF;ALM-K-WARN;ALM-K-ALM;ALM-PANEL-TEMP
2026-07-24T16:45:00+00:00,1795,1594,261.3,5.67,43.62,13.43,DSYA3_L2,53.39,1.943,474,53.39,1.943,0,0,70,HYP-LOOSE-CONN,ALM-THR-TERM-WARN;ALM-THR-PHASE-DIF;ALM-K-WARN;ALM-K-ALM;ALM-PANEL-TEMP
2026-07-24T17:00:00+00:00,1796,1589,263.9,5.68,43.51,13.33,DSYA3_L2,52.87,1.944,472,52.87,1.944,0,0,70,HYP-LOOSE-CONN,ALM-THR-TERM-WARN;ALM-THR-PHASE-DIF;ALM-K-WARN;ALM-K-ALM;ALM-PANEL-TEMP
2026-07-24T17:15:00+00:00,1797,1564,259.7,5.72,43.39,13.22,DSYA3_L2,52.14,1.945,450,52.14,1.945,0,0,70,HYP-LOOSE-CONN,ALM-THR-TERM-WARN;ALM-THR-PHASE-DIF;ALM-K-WARN;ALM-K-ALM;ALM-PANEL-TEMP
2026-07-24T17:30:00+00:00,1798,1541,258.8,5.76,43.26,13.1,DSYA3_L2,50.93,1.946,450,50.93,1.946,0,0,70,HYP-LOOSE-CONN,ALM-THR-TERM-WARN;ALM-THR-PHASE-DIF;ALM-K-WARN;ALM-K-ALM;ALM-PANEL-TEMP
2026-07-24T17:45:00+00:00,1799,1511,253.7,5.8,43.11,12.97,DSYA3_L2,49.24,1.946,430,49.24,1.946,0,0,70,HYP-LOOSE-CONN,ALM-THR-PHASE-DIF;ALM-K-WARN;ALM-K-ALM;ALM-PANEL-TEMP
2026-07-24T18:00:00+00:00,1800,1496,255.1,5.83,42.95,12.83,DSYA3_L2,47.21,1.946,425,47.21,1.946,0,0,70,HYP-LOOSE-CONN,ALM-THR-PHASE-DIF;ALM-K-WARN;ALM-K-ALM;ALM-PANEL-TEMP
2026-07-24T18:15:00+00:00,1801,1481,253.5,5.86,42.79,12.69,DSYA3_L2,46.65,1.947,405,46.65,1.947,0,0,70,HYP-LOOSE-CONN,ALM-THR-PHASE-DIF;ALM-K-WARN;ALM-K-ALM;ALM-PANEL-TEMP
2026-07-24T18:30:00+00:00,1802,1470,250.7,5.87,42.61,12.53,DSYA3_L2,45.44,1.947,401,45.44,1.947,0,0,70,HYP-LOOSE-CONN,ALM-THR-PHASE-DIF;ALM-K-WARN;ALM-K-ALM;ALM-PANEL-TEMP
2026-07-24T18:45:00+00:00,1803,1448,246.6,5.91,42.42,12.37,DSYA3_L2,44.76,1.948,400,44.76,1.948,0,0,70,HYP-LOOSE-CONN,ALM-THR-PHASE-DIF;ALM-K-WARN;ALM-K-ALM;ALM-PANEL-TEMP
2026-07-24T19:00:00+00:00,1804,1425,241.9,5.94,42.23,12.21,DSYA3_L2,43.58,1.948,398,43.58,1.948,0,0,70,HYP-LOOSE-CONN,ALM-THR-PHASE-DIF;ALM-K-WARN;ALM-K-ALM;ALM-PANEL-TEMP
2026-07-24T19:15:00+00:00,1805,1441,246.1,5.92,42.03,12.03,DSYA3_L2,42.31,1.948,404,42.31,1.948,0,0,70,HYP-LOOSE-CONN,ALM-THR-PHASE-DIF;ALM-K-WARN;ALM-K-ALM;ALM-PANEL-TEMP
2026-07-24T19:30:00+00:00,1806,1460,248.5,5.89,41.82,11.86,DSYA3_L2,42.85,1.95,424,42.85,1.95,0,0,70,HYP-LOOSE-CONN,ALM-THR-PHASE-DIF;ALM-K-WARN;ALM-K-ALM;ALM-PANEL-TEMP
2026-07-24T19:45:00+00:00,1807,1469,248.4,5.87,41.6,11.68,DSYA3_L2,43.81,1.951,428,43.81,1.951,0,0,70,HYP-LOOSE-CONN,ALM-THR-PHASE-DIF;ALM-K-WARN;ALM-K-ALM;ALM-PANEL-TEMP
2026-07-24T20:00:00+00:00,1808,1486,248.9,5.84,41.38,11.5,DSYA3_L2,44.56,1.952,445,44.56,1.952,0,0,70,HYP-LOOSE-CONN,ALM-THR-PHASE-DIF;ALM-K-WARN;ALM-K-ALM;ALM-PANEL-TEMP
2026-07-24T20:15:00+00:00,1809,1471,248,5.87,41.16,11.32,DSYA3_L2,45.33,1.953,423,45.33,1.953,0,0,70,HYP-LOOSE-CONN,ALM-THR-PHASE-DIF;ALM-K-WARN;ALM-K-ALM;ALM-PANEL-TEMP
2026-07-24T20:30:00+00:00,1810,1442,244.8,5.91,40.93,11.14,DSYA3_L2,45.17,1.954,399,45.17,1.954,0,0,70,HYP-LOOSE-CONN,ALM-THR-PHASE-DIF;ALM-K-WARN;ALM-K-ALM;ALM-PANEL-TEMP
2026-07-24T20:45:00+00:00,1811,1413,241.6,5.96,40.71,10.95,DSYA3_L2,43.36,1.954,398,43.36,1.954,0,0,70,HYP-LOOSE-CONN,ALM-THR-PHASE-DIF;ALM-K-WARN;ALM-K-ALM
2026-07-24T21:00:00+00:00,1812,1385,239.7,6.01,40.48,10.77,DSYA3_L2,41.88,1.954,396,41.88,1.954,0,0,70,HYP-LOOSE-CONN,ALM-THR-PHASE-DIF;ALM-K-WARN;ALM-K-ALM
2026-07-24T21:15:00+00:00,1813,1338,232.2,6.08,40.25,10.59,DSYA3_L2,40.28,1.954,326,40.28,1.954,0,0,90,HYP-LOOSE-CONN,ALM-THR-PHASE-DIF;ALM-K-WARN;ALM-K-ALM;ALM-TTL-14D
2026-07-24T21:30:00+00:00,1814,1291,225.8,6.16,40.02,10.42,DSYA3_L2,38.05,1.954,277,38.05,1.954,0,0,90,HYP-LOOSE-CONN,ALM-THR-PHASE-DIF;ALM-K-WARN;ALM-K-ALM;ALM-TTL-14D
2026-07-24T21:45:00+00:00,1815,1236,218.3,6.25,39.79,10.24,DSYA3_L2,34.91,1.954,229,34.91,1.954,0,0,90,HYP-LOOSE-CONN,ALM-THR-PHASE-DIF;ALM-K-WARN;ALM-K-ALM;ALM-TTL-14D
2026-07-24T22:00:00+00:00,1816,1183,209.1,6.33,39.57,10.08,DSYA3_L2,32.16,1.954,157,32.16,1.954,0,0,90,HYP-LOOSE-CONN,ALM-THR-PHASE-DIF;ALM-K-WARN;ALM-K-ALM;ALM-TTL-14D
2026-07-24T22:15:00+00:00,1817,1101,196.8,6.46,39.35,9.91,DSYA3_L2,29.8,1.953,61,29.8,1.953,0,0,70,HYP-LOOSE-CONN,ALM-K-WARN;ALM-K-ALM;ALM-TTL-14D
2026-07-24T22:30:00+00:00,1818,1012,182.5,6.6,39.14,9.75,DSYA3_L2,26.26,1.953,58,26.26,1.953,0,0,70,HYP-LOOSE-CONN,ALM-K-WARN;ALM-K-ALM;ALM-TTL-14D
2026-07-24T22:45:00+00:00,1819,928.1,168.4,6.73,38.93,9.6,DSYA3_L2,22.71,1.953,58,22.71,1.953,0,0,70,HYP-LOOSE-CONN,ALM-K-WARN;ALM-K-ALM;ALM-TTL-14D
2026-07-24T23:00:00+00:00,1820,842.3,154.6,6.87,38.73,9.45,DSYA3_L2,18.89,1.952,20,18.89,1.952,0,0,70,HYP-LOOSE-CONN,ALM-K-WARN;ALM-K-ALM;ALM-TTL-14D
2026-07-24T23:15:00+00:00,1821,774.9,143.6,6.97,38.53,9.31,DSYA3_L2,15.83,1.952,19,15.83,1.952,0,0,70,HYP-LOOSE-CONN,ALM-K-WARN;ALM-K-ALM;ALM-TTL-14D
2026-07-24T23:30:00+00:00,1822,714.1,132.9,7.07,38.35,9.17,DSYA3_L2,13.42,1.952,10,13.42,1.952,0,0,70,HYP-LOOSE-CONN,ALM-K-WARN;ALM-K-ALM;ALM-TTL-14D
2026-07-24T23:45:00+00:00,1823,648.8,122.6,7.17,38.17,9.05,DSYA3_L2,11.55,1.952,9,11.55,1.952,0,0,70,HYP-LOOSE-CONN,ALM-K-WARN;ALM-K-ALM;ALM-TTL-14D
2026-07-25T00:00:00+00:00,1824,583.4,111.2,7.28,38.01,8.94,DSYA3_L2,9.35,1.952,9,9.35,1.952,0,0,70,HYP-LOOSE-CONN,ALM-K-WARN;ALM-K-ALM;ALM-TTL-14D
2026-07-25T00:15:00+00:00,1825,568.9,108.8,7.3,37.86,8.83,DSYA3_L2,7.64,1.952,8,7.64,1.952,0,0,70,HYP-LOOSE-CONN,ALM-K-WARN;ALM-K-ALM;ALM-TTL-14D
2026-07-25T00:30:00+00:00,1826,556.1,106.5,7.32,37.71,8.72,DSYA3_L2,6.88,1.952,8,6.88,1.952,0,0,70,HYP-LOOSE-CONN,ALM-K-WARN;ALM-K-ALM;ALM-TTL-14D
2026-07-25T00:45:00+00:00,1827,543.2,104.1,7.34,37.58,8.63,DSYA3_L2,6.52,1.952,8,6.52,1.952,0,0,70,HYP-LOOSE-CONN,ALM-K-WARN;ALM-K-ALM;ALM-TTL-14D
2026-07-25T01:00:00+00:00,1828,528.9,101.5,7.36,37.46,8.55,DSYA3_L2,6.46,1.952,7,6.46,1.952,0,0,70,HYP-LOOSE-CONN,ALM-K-WARN;ALM-K-ALM;ALM-TTL-14D
2026-07-25T01:15:00+00:00,1829,511.9,98.4,7.39,37.35,8.47,DSYA3_L2,5.82,1.952,7,5.82,1.952,0,0,70,HYP-LOOSE-CONN,ALM-K-WARN;ALM-K-ALM;ALM-TTL-14D
2026-07-25T01:30:00+00:00,1830,499.6,96.3,7.41,37.26,8.41,DSYA3_L2,5.81,1.952,7,5.81,1.952,0,0,70,HYP-LOOSE-CONN,ALM-K-WARN;ALM-K-ALM;ALM-TTL-14D
2026-07-25T01:45:00+00:00,1831,488.3,94.6,7.43,37.18,8.35,DSYA3_L2,5.04,1.952,6,5.04,1.952,0,0,70,HYP-LOOSE-CONN,ALM-K-WARN;ALM-K-ALM;ALM-TTL-14D
2026-07-25T02:00:00+00:00,1832,473.2,92.1,7.45,37.11,8.31,DSYA3_L2,4.82,1.952,6,4.82,1.952,0,0,70,HYP-LOOSE-CONN,ALM-K-WARN;ALM-K-ALM;ALM-TTL-14D
2026-07-25T02:15:00+00:00,1833,467.5,91.3,7.46,37.06,8.27,DSYA3_L2,4.59,1.952,6,4.59,1.952,0,0,70,HYP-LOOSE-CONN,ALM-K-WARN;ALM-K-ALM;ALM-TTL-14D
2026-07-25T02:30:00+00:00,1834,463.2,90.4,7.47,37.02,8.25,DSYA3_L2,4.64,1.952,5,4.64,1.952,0,0,70,HYP-LOOSE-CONN,ALM-K-WARN;ALM-K-ALM;ALM-TTL-14D
2026-07-25T02:45:00+00:00,1835,457.9,89.4,7.48,37,8.23,DSYA3_L2,4.68,1.952,5,4.68,1.952,0,0,70,HYP-LOOSE-CONN,ALM-K-WARN;ALM-K-ALM;ALM-TTL-14D
2026-07-25T03:00:00+00:00,1836,454.1,89.6,7.49,36.99,8.23,DSYA3_L2,4.58,1.952,5,4.58,1.952,0,0,70,HYP-LOOSE-CONN,ALM-K-WARN;ALM-K-ALM;ALM-TTL-14D
2026-07-25T03:15:00+00:00,1837,454.2,89.2,7.48,37,8.23,DSYA3_L2,3.73,1.952,4,3.73,1.952,0,0,70,HYP-LOOSE-CONN,ALM-K-WARN;ALM-K-ALM;ALM-TTL-14D
2026-07-25T03:30:00+00:00,1838,453.6,88.8,7.49,37.02,8.25,DSYA3_L2,4.32,1.952,4,4.32,1.952,0,0,70,HYP-LOOSE-CONN,ALM-K-WARN;ALM-K-ALM;ALM-TTL-14D
2026-07-25T03:45:00+00:00,1839,450.5,88.1,7.49,37.06,8.27,DSYA3_L2,4.3,1.952,4,4.3,1.952,0,0,70,HYP-LOOSE-CONN,ALM-K-WARN;ALM-K-ALM;ALM-TTL-14D
2026-07-25T04:00:00+00:00,1840,445.5,87,7.5,37.11,8.31,DSYA3_L2,4.3,1.952,4,4.3,1.952,0,0,70,HYP-LOOSE-CONN,ALM-K-WARN;ALM-K-ALM;ALM-TTL-14D
2026-07-25T04:15:00+00:00,1841,450.3,87.9,7.49,37.18,8.35,DSYA3_L2,4.25,1.952,3,4.25,1.952,0,0,70,HYP-LOOSE-CONN,ALM-K-WARN;ALM-K-ALM;ALM-TTL-14D
2026-07-25T04:30:00+00:00,1842,450.2,88.3,7.49,37.26,8.41,DSYA3_L2,4.56,1.952,3,4.56,1.952,0,0,70,HYP-LOOSE-CONN,ALM-K-WARN;ALM-K-ALM;ALM-TTL-14D
2026-07-25T04:45:00+00:00,1843,450.6,88.4,7.49,37.35,8.47,DSYA3_L2,4.2,1.952,3,4.2,1.952,0,0,70,HYP-LOOSE-CONN,ALM-K-WARN;ALM-K-ALM;ALM-TTL-14D
2026-07-25T05:00:00+00:00,1844,452.1,88.5,7.49,37.46,8.55,DSYA3_L2,4.09,1.952,3,4.09,1.952,0,0,70,HYP-LOOSE-CONN,ALM-K-WARN;ALM-K-ALM;ALM-TTL-14D
2026-07-25T05:15:00+00:00,1845,467.7,91.6,7.46,37.58,8.63,DSYA3_L2,3.74,1.952,3,3.74,1.952,0,0,70,HYP-LOOSE-CONN,ALM-K-WARN;ALM-K-ALM;ALM-TTL-14D
2026-07-25T05:30:00+00:00,1846,483.8,95,7.44,37.71,8.72,DSYA3_L2,4.63,1.952,3,4.63,1.952,0,0,70,HYP-LOOSE-CONN,ALM-K-WARN;ALM-K-ALM;ALM-TTL-14D
2026-07-25T05:45:00+00:00,1847,500.4,98.2,7.41,37.86,8.83,DSYA3_L2,4.67,1.952,2,4.67,1.952,0,0,70,HYP-LOOSE-CONN,ALM-K-WARN;ALM-K-ALM;ALM-TTL-14D
2026-07-25T06:00:00+00:00,1848,513,100.4,7.39,38.01,8.94,DSYA3_L2,5.02,1.952,2,5.02,1.952,0,0,70,HYP-LOOSE-CONN,ALM-K-WARN;ALM-K-ALM;ALM-TTL-14D
2026-07-25T06:15:00+00:00,1849,545.9,106.3,7.34,38.18,9.06,DSYA3_L2,5.18,1.952,2,5.18,1.952,0,0,70,HYP-LOOSE-CONN,ALM-K-WARN;ALM-K-ALM;ALM-TTL-14D
2026-07-25T06:30:00+00:00,1850,580.7,113,7.29,38.36,9.18,DSYA3_L2,5.72,1.952,2,5.72,1.952,0,0,70,HYP-LOOSE-CONN,ALM-K-WARN;ALM-K-ALM;ALM-TTL-14D
2026-07-25T06:45:00+00:00,1851,615.5,119.5,7.23,38.55,9.32,DSYA3_L2,6.64,1.952,2,6.64,1.952,0,0,70,HYP-LOOSE-CONN,ALM-K-WARN;ALM-K-ALM;ALM-TTL-14D
2026-07-25T07:00:00+00:00,1852,654,126.4,7.17,38.74,9.46,DSYA3_L2,7.56,1.953,2,7.56,1.953,0,0,70,HYP-LOOSE-CONN,ALM-K-WARN;ALM-K-ALM;ALM-TTL-14D
2026-07-25T07:15:00+00:00,1853,710.7,137.4,7.08,38.94,9.61,DSYA3_L2,8.54,1.953,3,8.54,1.953,0,0,70,HYP-LOOSE-CONN,ALM-K-WARN;ALM-K-ALM;ALM-TTL-14D
2026-07-25T07:30:00+00:00,1854,762,146.5,7,39.15,9.76,DSYA3_L2,9.98,1.953,11,9.98,1.953,0,0,70,HYP-LOOSE-CONN,ALM-K-WARN;ALM-K-ALM;ALM-TTL-14D
2026-07-25T07:45:00+00:00,1855,820.5,157.1,6.91,39.36,9.92,DSYA3_L2,11.66,1.953,12,11.66,1.953,0,0,70,HYP-LOOSE-CONN,ALM-K-WARN;ALM-K-ALM;ALM-TTL-14D
2026-07-25T08:00:00+00:00,1856,880,168.4,6.82,39.58,10.08,DSYA3_L2,13.25,1.954,48,13.25,1.954,0,0,70,HYP-LOOSE-CONN,ALM-K-WARN;ALM-K-ALM;ALM-TTL-14D
2026-07-25T08:15:00+00:00,1857,932.4,177.1,6.74,39.81,10.25,DSYA3_L2,15.3,1.954,48,15.3,1.954,0,0,70,HYP-LOOSE-CONN,ALM-K-WARN;ALM-K-ALM;ALM-TTL-14D
2026-07-25T08:30:00+00:00,1858,981.7,184.7,6.66,40.03,10.43,DSYA3_L2,16.99,1.955,48,16.99,1.955,0,0,70,HYP-LOOSE-CONN,ALM-K-WARN;ALM-K-ALM;ALM-TTL-14D
2026-07-25T08:45:00+00:00,1859,1029,191.4,6.58,40.26,10.6,DSYA3_L2,19.25,1.956,50,19.25,1.956,0,0,70,HYP-LOOSE-CONN,ALM-K-WARN;ALM-K-ALM;ALM-TTL-14D
2026-07-25T09:00:00+00:00,1860,1077,199.1,6.51,40.49,10.78,DSYA3_L2,21.33,1.957,150,21.33,1.957,0,0,70,HYP-LOOSE-CONN,ALM-K-WARN;ALM-K-ALM;ALM-TTL-14D
2026-07-25T09:15:00+00:00,1861,1103,203.1,6.47,40.72,10.96,DSYA3_L2,23.07,1.958,222,23.07,1.958,0,0,70,HYP-LOOSE-CONN,ALM-K-WARN;ALM-K-ALM;ALM-TTL-14D
2026-07-25T09:30:00+00:00,1862,1124,206.3,6.43,40.95,11.15,DSYA3_L2,24.61,1.959,290,24.61,1.959,0,0,70,HYP-LOOSE-CONN,ALM-K-WARN;ALM-K-ALM;ALM-TTL-14D
2026-07-25T09:45:00+00:00,1863,1150,211.6,6.39,41.17,11.33,DSYA3_L2,25.88,1.96,384,25.88,1.96,0,0,70,HYP-LOOSE-CONN,ALM-THR-PHASE-DIF;ALM-K-WARN;ALM-K-ALM
2026-07-25T10:00:00+00:00,1864,1161,212,6.37,41.4,11.51,DSYA3_L2,26.91,1.961,383,26.91,1.961,0,0,70,HYP-LOOSE-CONN,ALM-THR-PHASE-DIF;ALM-K-WARN;ALM-K-ALM
2026-07-25T10:15:00+00:00,1865,1163,211.9,6.37,41.62,11.69,DSYA3_L2,27.94,1.962,317,27.94,1.962,0,0,90,HYP-LOOSE-CONN,ALM-THR-PHASE-DIF;ALM-K-WARN;ALM-K-ALM;ALM-TTL-14D
2026-07-25T10:30:00+00:00,1866,1161,211.8,6.37,41.83,11.87,DSYA3_L2,28.04,1.963,313,28.04,1.963,0,0,90,HYP-LOOSE-CONN,ALM-THR-PHASE-DIF;ALM-K-WARN;ALM-K-ALM;ALM-TTL-14D
2026-07-25T10:45:00+00:00,1867,1158,212.1,6.38,42.04,12.04,DSYA3_L2,28.02,1.963,312,28.02,1.963,0,0,90,HYP-LOOSE-CONN,ALM-THR-PHASE-DIF;ALM-K-WARN;ALM-K-ALM;ALM-TTL-14D
2026-07-25T11:00:00+00:00,1868,1156,211.5,6.38,42.24,12.22,DSYA3_L2,27.54,1.964,288,27.54,1.964,0,0,70,HYP-LOOSE-CONN,ALM-K-WARN;ALM-K-ALM;ALM-TTL-14D
2026-07-25T11:15:00+00:00,1869,1147,210.8,6.4,42.43,12.38,DSYA3_L2,28,1.965,264,28,1.965,0,0,90,HYP-LOOSE-CONN,ALM-THR-PHASE-DIF;ALM-K-WARN;ALM-K-ALM;ALM-TTL-14D;ALM-PANEL-TEMP
2026-07-25T11:30:00+00:00,1870,1138,208.4,6.41,42.62,12.54,DSYA3_L2,27.18,1.965,264,27.18,1.965,0,0,70,HYP-LOOSE-CONN,ALM-K-WARN;ALM-K-ALM;ALM-TTL-14D;ALM-PANEL-TEMP
2026-07-25T11:45:00+00:00,1871,1138,208.6,6.41,42.8,12.7,DSYA3_L2,26.41,1.965,263,26.41,1.965,0,0,70,HYP-LOOSE-CONN,ALM-K-WARN;ALM-K-ALM;ALM-TTL-14D;ALM-PANEL-TEMP
2026-07-25T12:00:00+00:00,1872,1132,208,6.42,42.97,12.84,DSYA3_L2,27.06,1.966,215,27.06,1.966,0,0,90,HYP-LOOSE-CONN,ALM-THR-PHASE-DIF;ALM-K-WARN;ALM-K-ALM;ALM-TTL-14D;ALM-PANEL-TEMP
2026-07-25T12:15:00+00:00,1873,1119,205.4,6.44,43.12,12.98,DSYA3_L2,27.31,1.968,213,27.31,1.968,0,0,90,HYP-LOOSE-CONN,ALM-THR-PHASE-DIF;ALM-K-WARN;ALM-K-ALM;ALM-TTL-14D;ALM-PANEL-TEMP
2026-07-25T12:30:00+00:00,1874,1097,201.8,6.47,43.27,13.11,DSYA3_L2,26.1,1.968,213,26.1,1.968,0,0,70,HYP-LOOSE-CONN,ALM-K-WARN;ALM-K-ALM;ALM-TTL-14D;ALM-PANEL-TEMP
2026-07-25T12:45:00+00:00,1875,1088,200.7,6.49,43.4,13.23,DSYA3_L2,25.17,1.968,142,25.17,1.968,0,0,70,HYP-LOOSE-CONN,ALM-K-WARN;ALM-K-ALM;ALM-TTL-14D;ALM-PANEL-TEMP
2026-07-25T13:00:00+00:00,1876,1071,197.2,6.51,43.52,13.34,DSYA3_L2,25.2,1.969,94,25.2,1.969,0,0,70,HYP-LOOSE-CONN,ALM-K-WARN;ALM-K-ALM;ALM-TTL-14D;ALM-PANEL-TEMP
2026-07-25T13:15:00+00:00,1877,1063,195.2,6.53,43.63,13.44,DSYA3_L2,24.09,1.969,70,24.09,1.969,0,0,70,HYP-LOOSE-CONN,ALM-K-WARN;ALM-K-ALM;ALM-TTL-14D;ALM-PANEL-TEMP
2026-07-25T13:30:00+00:00,1878,1042,190.8,6.56,43.72,13.52,DSYA3_L2,23.83,1.97,46,23.83,1.97,0,0,70,HYP-LOOSE-CONN,ALM-K-WARN;ALM-K-ALM;ALM-TTL-14D;ALM-PANEL-TEMP
2026-07-25T13:45:00+00:00,1879,1026,188.5,6.58,43.8,13.6,DSYA3_L2,23.09,1.97,45,23.09,1.97,0,0,70,HYP-LOOSE-CONN,ALM-K-WARN;ALM-K-ALM;ALM-TTL-14D;ALM-PANEL-TEMP
2026-07-25T14:00:00+00:00,1880,1012,185.9,6.6,43.87,13.66,DSYA3_L2,22.44,1.97,43,22.44,1.97,0,0,70,HYP-LOOSE-CONN,ALM-K-WARN;ALM-K-ALM;ALM-TTL-14D;ALM-PANEL-TEMP
2026-07-25T14:15:00+00:00,1881,1010,185.8,6.61,43.92,13.71,DSYA3_L2,22.12,1.971,43,22.12,1.971,0,0,70,HYP-LOOSE-CONN,ALM-K-WARN;ALM-K-ALM;ALM-TTL-14D;ALM-PANEL-TEMP
2026-07-25T14:30:00+00:00,1882,998.5,183.3,6.63,43.96,13.74,DSYA3_L2,21.66,1.971,43,21.66,1.971,0,0,70,HYP-LOOSE-CONN,ALM-K-WARN;ALM-K-ALM;ALM-TTL-14D;ALM-PANEL-TEMP
2026-07-25T14:45:00+00:00,1883,982.6,180.1,6.65,43.98,13.76,DSYA3_L2,21.12,1.972,42,21.12,1.972,0,0,70,HYP-LOOSE-CONN,ALM-K-WARN;ALM-K-ALM;ALM-TTL-14D;ALM-PANEL-TEMP
2026-07-25T15:00:00+00:00,1884,970.9,177.9,6.67,43.99,13.77,DSYA3_L2,20.44,1.972,42,20.44,1.972,0,0,70,HYP-LOOSE-CONN,ALM-K-WARN;ALM-K-ALM;ALM-TTL-14D;ALM-PANEL-TEMP
2026-07-25T15:15:00+00:00,1885,968,178,6.67,43.98,13.76,DSYA3_L2,20.09,1.972,42,20.09,1.972,0,0,70,HYP-LOOSE-CONN,ALM-K-WARN;ALM-K-ALM;ALM-TTL-14D;ALM-PANEL-TEMP
2026-07-25T15:30:00+00:00,1886,966.4,176.6,6.67,43.96,13.74,DSYA3_L2,19.77,1.972,41,19.77,1.972,0,0,70,HYP-LOOSE-CONN,ALM-K-WARN;ALM-K-ALM;ALM-TTL-14D;ALM-PANEL-TEMP
2026-07-25T15:45:00+00:00,1887,969.7,177.5,6.67,43.92,13.71,DSYA3_L2,19.69,1.973,41,19.69,1.973,0,0,70,HYP-LOOSE-CONN,ALM-K-WARN;ALM-K-ALM;ALM-TTL-14D;ALM-PANEL-TEMP
2026-07-25T16:00:00+00:00,1888,974.2,178.4,6.66,43.87,13.66,DSYA3_L2,20.14,1.974,41,20.14,1.974,0,0,70,HYP-LOOSE-CONN,ALM-K-WARN;ALM-K-ALM;ALM-TTL-14D;ALM-PANEL-TEMP
2026-07-25T16:15:00+00:00,1889,982.3,180,6.65,43.8,13.6,DSYA3_L2,20,1.974,41,20,1.974,0,0,70,HYP-LOOSE-CONN,ALM-K-WARN;ALM-K-ALM;ALM-TTL-14D;ALM-PANEL-TEMP
2026-07-25T16:30:00+00:00,1890,990.5,181.5,6.64,43.72,13.52,DSYA3_L2,20.24,1.974,41,20.24,1.974,0,0,70,HYP-LOOSE-CONN,ALM-K-WARN;ALM-K-ALM;ALM-TTL-14D;ALM-PANEL-TEMP
2026-07-25T16:45:00+00:00,1891,1006,184,6.61,43.63,13.44,DSYA3_L2,20.62,1.975,41,20.62,1.975,0,0,70,HYP-LOOSE-CONN,ALM-K-WARN;ALM-K-ALM;ALM-TTL-14D;ALM-PANEL-TEMP
2026-07-25T17:00:00+00:00,1892,1016,186.1,6.6,43.52,13.34,DSYA3_L2,21.37,1.976,40,21.37,1.976,0,0,70,HYP-LOOSE-CONN,ALM-K-WARN;ALM-K-ALM;ALM-TTL-14D;ALM-PANEL-TEMP
2026-07-25T17:15:00+00:00,1893,1049,190.8,6.55,43.4,13.23,DSYA3_L2,21.83,1.977,90,21.83,1.977,0,0,70,HYP-LOOSE-CONN,ALM-K-WARN;ALM-K-ALM;ALM-TTL-14D;ALM-PANEL-TEMP
2026-07-25T17:30:00+00:00,1894,1088,195.9,6.48,43.27,13.11,DSYA3_L2,22.76,1.977,208,22.76,1.977,0,0,70,HYP-LOOSE-CONN,ALM-K-WARN;ALM-K-ALM;ALM-TTL-14D;ALM-PANEL-TEMP
2026-07-25T17:45:00+00:00,1895,1124,201.3,6.42,43.12,12.98,DSYA3_L2,24.73,1.979,209,24.73,1.979,0,0,70,HYP-LOOSE-CONN,ALM-K-WARN;ALM-K-ALM;ALM-TTL-14D;ALM-PANEL-TEMP
2026-07-25T18:00:00+00:00,1896,1157,206.9,6.37,42.97,12.84,DSYA3_L2,25.9,1.98,257,25.9,1.98,0,0,90,HYP-LOOSE-CONN,ALM-THR-PHASE-DIF;ALM-K-WARN;ALM-K-ALM;ALM-TTL-14D;ALM-PANEL-TEMP
2026-07-25T18:15:00+00:00,1897,1189,213.9,6.33,42.8,12.7,DSYA3_L2,28.07,1.982,281,28.07,1.982,0,0,90,HYP-LOOSE-CONN,ALM-THR-PHASE-DIF;ALM-K-WARN;ALM-K-ALM;ALM-TTL-14D;ALM-PANEL-TEMP
2026-07-25T18:30:00+00:00,1898,1223,218.4,6.27,42.62,12.54,DSYA3_L2,29.33,1.983,305,29.33,1.983,0,0,90,HYP-LOOSE-CONN,ALM-THR-PHASE-DIF;ALM-K-WARN;ALM-K-ALM;ALM-TTL-14D;ALM-PANEL-TEMP
2026-07-25T18:45:00+00:00,1899,1250,223.6,6.23,42.43,12.38,DSYA3_L2,31.01,1.985,375,31.01,1.985,0,0,70,HYP-LOOSE-CONN,ALM-THR-PHASE-DIF;ALM-K-WARN;ALM-K-ALM;ALM-PANEL-TEMP
2026-07-25T19:00:00+00:00,1900,1277,227.5,6.19,42.24,12.22,DSYA3_L2,32.77,1.987,374,32.77,1.987,0,0,70,HYP-LOOSE-CONN,ALM-THR-PHASE-DIF;ALM-K-WARN;ALM-K-ALM;ALM-PANEL-TEMP
2026-07-25T19:15:00+00:00,1901,1286,227.8,6.17,42.04,12.04,DSYA3_L2,34.02,1.989,374,34.02,1.989,0,0,70,HYP-LOOSE-CONN,ALM-THR-PHASE-DIF;ALM-K-WARN;ALM-K-ALM;ALM-PANEL-TEMP
2026-07-25T19:30:00+00:00,1902,1305,231.1,6.14,41.83,11.87,DSYA3_L2,34.66,1.991,374,34.66,1.991,0,0,70,HYP-LOOSE-CONN,ALM-THR-PHASE-DIF;ALM-K-WARN;ALM-K-ALM;ALM-PANEL-TEMP
2026-07-25T19:45:00+00:00,1903,1330,233,6.1,41.62,11.69,DSYA3_L2,35.99,1.993,374,35.99,1.993,0,0,70,HYP-LOOSE-CONN,ALM-THR-PHASE-DIF;ALM-K-WARN;ALM-K-ALM;ALM-PANEL-TEMP
2026-07-25T20:00:00+00:00,1904,1350,235.4,6.07,41.4,11.51,DSYA3_L2,37.33,1.996,373,37.33,1.996,0,0,70,HYP-LOOSE-CONN,ALM-THR-PHASE-DIF;ALM-K-WARN;ALM-K-ALM;ALM-PANEL-TEMP
2026-07-25T20:15:00+00:00,1905,1344,235.3,6.08,41.17,11.33,DSYA3_L2,38.74,1.998,303,38.74,1.998,0,0,90,HYP-LOOSE-CONN,ALM-THR-PHASE-DIF;ALM-K-WARN;ALM-K-ALM;ALM-TTL-14D
2026-07-25T20:30:00+00:00,1906,1327,231.8,6.1,40.95,11.15,DSYA3_L2,38.66,2,278,38.66,2,0,0,90,HYP-LOOSE-CONN,ALM-THR-PHASE-DIF;ALM-K-WARN;ALM-K-ALM;ALM-TTL-14D
2026-07-25T20:45:00+00:00,1907,1306,228.5,6.14,40.72,10.96,DSYA3_L2,37.76,2.001,254,37.76,2.001,0,0,90,HYP-LOOSE-CONN,ALM-THR-PHASE-DIF;ALM-K-WARN;ALM-K-ALM;ALM-TTL-14D
2026-07-25T21:00:00+00:00,1908,1284,226.4,6.17,40.49,10.78,DSYA3_L2,37.22,2.002,228,37.22,2.002,0,0,90,HYP-LOOSE-CONN,ALM-THR-PHASE-DIF;ALM-K-WARN;ALM-K-ALM;ALM-TTL-14D
2026-07-25T21:15:00+00:00,1909,1254,220.4,6.22,40.26,10.6,DSYA3_L2,35.93,2.003,204,35.93,2.003,0,0,90,HYP-LOOSE-CONN,ALM-THR-PHASE-DIF;ALM-K-WARN;ALM-K-ALM;ALM-TTL-14D
2026-07-25T21:30:00+00:00,1910,1225,216,6.26,40.03,10.43,DSYA3_L2,34.26,2.004,204,34.26,2.004,0,0,90,HYP-LOOSE-CONN,ALM-THR-PHASE-DIF;ALM-K-WARN;ALM-K-ALM;ALM-TTL-14D
2026-07-25T21:45:00+00:00,1911,1182,207.9,6.33,39.81,10.25,DSYA3_L2,32.32,2.003,203,32.32,2.003,0,0,90,HYP-LOOSE-CONN,ALM-THR-PHASE-DIF;ALM-K-WARN;ALM-K-ALM;ALM-TTL-14D
2026-07-25T22:00:00+00:00,1912,1157,203.3,6.37,39.58,10.08,DSYA3_L2,31.2,2.004,107,31.2,2.004,0,0,90,HYP-LOOSE-CONN,ALM-THR-PHASE-DIF;ALM-K-WARN;ALM-K-ALM;ALM-TTL-14D
2026-07-25T22:15:00+00:00,1913,1090,193.2,6.47,39.36,9.92,DSYA3_L2,28.93,2.004,41,28.93,2.004,0,0,90,HYP-LOOSE-CONN,ALM-THR-PHASE-DIF;ALM-K-WARN;ALM-K-ALM;ALM-TTL-14D
2026-07-25T22:30:00+00:00,1914,1024,183.3,6.58,39.15,9.76,DSYA3_L2,26.45,2.003,34,26.45,2.003,0,0,70,HYP-LOOSE-CONN,ALM-K-WARN;ALM-K-ALM;ALM-TTL-14D
2026-07-25T22:45:00+00:00,1915,961.7,173.9,6.68,38.94,9.61,DSYA3_L2,23.51,2.003,34,23.51,2.003,0,0,70,HYP-LOOSE-CONN,ALM-K-WARN;ALM-K-ALM;ALM-TTL-14D
2026-07-25T23:00:00+00:00,1916,898,163.3,6.78,38.74,9.46,DSYA3_L2,21.05,2.002,21,21.05,2.002,0,0,70,HYP-LOOSE-CONN,ALM-K-WARN;ALM-K-ALM;ALM-TTL-14D
2026-07-25T23:15:00+00:00,1917,816.6,148.9,6.9,38.55,9.32,DSYA3_L2,18.25,2.002,20,18.25,2.002,0,0,70,HYP-LOOSE-CONN,ALM-K-WARN;ALM-K-ALM;ALM-TTL-14D
2026-07-25T23:30:00+00:00,1918,737.2,135.5,7.03,38.36,9.18,DSYA3_L2,15.02,2.002,11,15.02,2.002,0,0,70,HYP-LOOSE-CONN,ALM-K-WARN;ALM-K-ALM;ALM-TTL-14D
2026-07-25T23:45:00+00:00,1919,662.6,123.2,7.15,38.18,9.06,DSYA3_L2,12.56,2.001,9,12.56,2.001,0,0,70,HYP-LOOSE-CONN,ALM-K-WARN;ALM-K-ALM;ALM-TTL-14D
2026-07-26T00:00:00+00:00,1920,585.7,109.8,7.27,38.02,8.94,DSYA3_L2,10.58,2.001,9,10.58,2.001,0,0,70,HYP-LOOSE-CONN,ALM-K-WARN;ALM-K-ALM;ALM-TTL-14D
2026-07-26T00:15:00+00:00,1921,573.8,107.9,7.29,37.87,8.83,DSYA3_L2,8.03,2.001,8,8.03,2.001,0,0,70,HYP-LOOSE-CONN,ALM-K-WARN;ALM-K-ALM;ALM-TTL-14D
2026-07-26T00:30:00+00:00,1922,554,103.7,7.32,37.72,8.73,DSYA3_L2,7.76,2.001,8,7.76,2.001,0,0,70,HYP-LOOSE-CONN,ALM-K-WARN;ALM-K-ALM;ALM-TTL-14D
2026-07-26T00:45:00+00:00,1923,532.5,99.6,7.35,37.59,8.64,DSYA3_L2,6.71,2.001,8,6.71,2.001,0,0,70,HYP-LOOSE-CONN,ALM-K-WARN;ALM-K-ALM;ALM-TTL-14D
2026-07-26T01:00:00+00:00,1924,514.5,96.3,7.38,37.47,8.55,DSYA3_L2,6.37,2.001,7,6.37,2.001,0,0,70,HYP-LOOSE-CONN,ALM-K-WARN;ALM-K-ALM;ALM-TTL-14D
2026-07-26T01:15:00+00:00,1925,503.1,94.6,7.4,37.36,8.48,DSYA3_L2,6.1,2.001,7,6.1,2.001,0,0,70,HYP-LOOSE-CONN,ALM-K-WARN;ALM-K-ALM;ALM-TTL-14D
2026-07-26T01:30:00+00:00,1926,490.8,92,7.42,37.26,8.41,DSYA3_L2,5.63,2.001,7,5.63,2.001,0,0,70,HYP-LOOSE-CONN,ALM-K-WARN;ALM-K-ALM;ALM-TTL-14D
2026-07-26T01:45:00+00:00,1927,479.5,90.2,7.44,37.18,8.36,DSYA3_L2,5.54,2.001,6,5.54,2.001,0,0,70,HYP-LOOSE-CONN,ALM-K-WARN;ALM-K-ALM;ALM-TTL-14D
2026-07-26T02:00:00+00:00,1928,468.9,88.7,7.46,37.12,8.31,DSYA3_L2,4.92,2.001,6,4.92,2.001,0,0,70,HYP-LOOSE-CONN,ALM-K-WARN;ALM-K-ALM;ALM-TTL-14D
2026-07-26T02:15:00+00:00,1929,463,87.8,7.46,37.06,8.28,DSYA3_L2,4.96,2.001,6,4.96,2.001,0,0,70,HYP-LOOSE-CONN,ALM-K-WARN;ALM-K-ALM;ALM-TTL-14D
2026-07-26T02:30:00+00:00,1930,455.3,86.3,7.48,37.03,8.25,DSYA3_L2,4.85,2.001,5,4.85,2.001,0,0,70,HYP-LOOSE-CONN,ALM-K-WARN;ALM-K-ALM;ALM-TTL-14D
2026-07-26T02:45:00+00:00,1931,447,84.4,7.49,37,8.24,DSYA3_L2,4.83,2.001,5,4.83,2.001,0,0,70,HYP-LOOSE-CONN,ALM-K-WARN;ALM-K-ALM;ALM-TTL-14D
2026-07-26T03:00:00+00:00,1932,445.1,84,7.49,37,8.23,DSYA3_L2,4.63,2.001,5,4.63,2.001,0,0,70,HYP-LOOSE-CONN,ALM-K-WARN;ALM-K-ALM;ALM-TTL-14D
2026-07-26T03:15:00+00:00,1933,440,83,7.5,37,8.24,DSYA3_L2,4.11,2.001,4,4.11,2.001,0,0,70,HYP-LOOSE-CONN,ALM-K-WARN;ALM-K-ALM;ALM-TTL-14D
2026-07-26T03:30:00+00:00,1934,437.5,82.8,7.5,37.03,8.25,DSYA3_L2,4.44,2.001,4,4.44,2.001,0,0,70,HYP-LOOSE-CONN,ALM-K-WARN;ALM-K-ALM;ALM-TTL-14D
2026-07-26T03:45:00+00:00,1935,429.6,81.6,7.52,37.06,8.28,DSYA3_L2,4.42,2.001,4,4.42,2.001,0,0,70,HYP-LOOSE-CONN,ALM-K-WARN;ALM-K-ALM;ALM-TTL-14D
2026-07-26T04:00:00+00:00,1936,428.3,81.2,7.52,37.12,8.31,DSYA3_L2,4.04,2.001,4,4.04,2.001,0,0,70,HYP-LOOSE-CONN,ALM-K-WARN;ALM-K-ALM;ALM-TTL-14D
2026-07-26T04:15:00+00:00,1937,428.8,81.4,7.52,37.18,8.36,DSYA3_L2,4.09,2.002,3,4.09,2.002,0,0,70,HYP-LOOSE-CONN,ALM-K-WARN;ALM-K-ALM;ALM-TTL-14D
2026-07-26T04:30:00+00:00,1938,433.1,81.7,7.51,37.26,8.41,DSYA3_L2,3.98,2.002,3,3.98,2.002,0,0,70,HYP-LOOSE-CONN,ALM-K-WARN;ALM-K-ALM;ALM-TTL-14D
2026-07-26T04:45:00+00:00,1939,436.7,83.1,7.51,37.36,8.48,DSYA3_L2,4.01,2.002,3,4.01,2.002,0,0,70,HYP-LOOSE-CONN,ALM-K-WARN;ALM-K-ALM;ALM-TTL-14D
2026-07-26T05:00:00+00:00,1940,438.2,83.5,7.5,37.47,8.55,DSYA3_L2,4.21,2.002,3,4.21,2.002,0,0,70,HYP-LOOSE-CONN,ALM-K-WARN;ALM-K-ALM;ALM-TTL-14D
2026-07-26T05:15:00+00:00,1941,451.2,86,7.48,37.59,8.64,DSYA3_L2,4.11,2.002,3,4.11,2.002,0,0,70,HYP-LOOSE-CONN,ALM-K-WARN;ALM-K-ALM;ALM-TTL-14D
2026-07-26T05:30:00+00:00,1942,464.3,88.4,7.46,37.72,8.73,DSYA3_L2,4.28,2.002,2,4.28,2.002,0,0,70,HYP-LOOSE-CONN,ALM-K-WARN;ALM-K-ALM;ALM-TTL-14D
2026-07-26T05:45:00+00:00,1943,479,90.8,7.44,37.87,8.83,DSYA3_L2,4.85,2.002,2,4.85,2.002,0,0,70,HYP-LOOSE-CONN,ALM-K-WARN;ALM-K-ALM;ALM-TTL-14D
2026-07-26T06:00:00+00:00,1944,492.8,93.5,7.42,38.02,8.94,DSYA3_L2,4.94,2.002,2,4.94,2.002,0,0,70,HYP-LOOSE-CONN,ALM-K-WARN;ALM-K-ALM;ALM-TTL-14D
2026-07-26T06:15:00+00:00,1945,529.7,100.9,7.36,38.19,9.06,DSYA3_L2,5.29,2.002,2,5.29,2.002,0,0,70,HYP-LOOSE-CONN,ALM-K-WARN;ALM-K-ALM;ALM-TTL-14D
2026-07-26T06:30:00+00:00,1946,557.8,105.7,7.32,38.37,9.19,DSYA3_L2,6.1,2.002,2,6.1,2.002,0,0,70,HYP-LOOSE-CONN,ALM-K-WARN;ALM-K-ALM;ALM-TTL-14D
2026-07-26T06:45:00+00:00,1947,589.9,111.2,7.27,38.55,9.32,DSYA3_L2,6.24,2.002,2,6.24,2.002,0,0,70,HYP-LOOSE-CONN,ALM-K-WARN;ALM-K-ALM;ALM-TTL-14D
2026-07-26T07:00:00+00:00,1948,626.5,117.6,7.21,38.75,9.46,DSYA3_L2,7.48,2.002,2,7.48,2.002,0,0,70,HYP-LOOSE-CONN,ALM-K-WARN;ALM-K-ALM;ALM-TTL-14D
2026-07-26T07:15:00+00:00,1949,681.8,127.3,7.12,38.95,9.61,DSYA3_L2,8.52,2.003,3,8.52,2.003,0,0,70,HYP-LOOSE-CONN,ALM-K-WARN;ALM-K-ALM;ALM-TTL-14D
2026-07-26T07:30:00+00:00,1950,734.8,135.9,7.04,39.16,9.77,DSYA3_L2,9.73,2.003,11,9.73,2.003,0,0,70,HYP-LOOSE-CONN,ALM-K-WARN;ALM-K-ALM;ALM-TTL-14D
2026-07-26T07:45:00+00:00,1951,792.9,146.8,6.95,39.37,9.93,DSYA3_L2,10.89,2.003,12,10.89,2.003,0,0,70,HYP-LOOSE-CONN,ALM-K-WARN;ALM-K-ALM;ALM-TTL-14D
2026-07-26T08:00:00+00:00,1952,841.5,153.5,6.87,39.59,10.09,DSYA3_L2,13.12,2.005,12,13.12,2.005,0,0,70,HYP-LOOSE-CONN,ALM-K-WARN;ALM-K-ALM;ALM-TTL-14D
2026-07-26T08:15:00+00:00,1953,890.6,162,6.79,39.81,10.26,DSYA3_L2,14.98,2.006,24,14.98,2.006,0,0,70,HYP-LOOSE-CONN,ALM-K-WARN;ALM-K-ALM;ALM-TTL-14D
2026-07-26T08:30:00+00:00,1954,935.9,170.7,6.72,40.04,10.43,DSYA3_L2,16.61,2.006,24,16.61,2.006,0,0,70,HYP-LOOSE-CONN,ALM-K-WARN;ALM-K-ALM;ALM-TTL-14D
2026-07-26T08:45:00+00:00,1955,990.9,181.2,6.64,40.27,10.61,DSYA3_L2,18.64,2.008,24,18.64,2.008,0,0,70,HYP-LOOSE-CONN,ALM-K-WARN;ALM-K-ALM;ALM-TTL-14D
2026-07-26T09:00:00+00:00,1956,1038,187.7,6.56,40.5,10.79,DSYA3_L2,20.41,2.009,74,20.41,2.009,0,0,70,HYP-LOOSE-CONN,ALM-K-WARN;ALM-K-ALM;ALM-TTL-14D
2026-07-26T09:15:00+00:00,1957,1062,191.1,6.52,40.73,10.97,DSYA3_L2,22.97,2.011,102,22.97,2.011,0,0,70,HYP-LOOSE-CONN,ALM-K-WARN;ALM-K-ALM;ALM-TTL-14D
2026-07-26T09:30:00+00:00,1958,1086,195,6.48,40.95,11.15,DSYA3_L2,24.25,2.013,192,24.25,2.013,0,0,70,HYP-LOOSE-CONN,ALM-K-WARN;ALM-K-ALM;ALM-TTL-14D
2026-07-26T09:45:00+00:00,1959,1108,197.7,6.45,41.18,11.33,DSYA3_L2,25.71,2.015,192,25.71,2.015,0,0,90,HYP-LOOSE-CONN,ALM-THR-PHASE-DIF;ALM-K-WARN;ALM-K-ALM;ALM-TTL-14D
2026-07-26T10:00:00+00:00,1960,1132,202.6,6.41,41.4,11.52,DSYA3_L2,27.07,2.018,191,27.07,2.018,0,0,90,HYP-LOOSE-CONN,ALM-THR-PHASE-DIF;ALM-K-WARN;ALM-K-ALM;ALM-TTL-14D
2026-07-26T10:15:00+00:00,1961,1126,202.4,6.42,41.62,11.7,DSYA3_L2,27.6,2.019,191,27.6,2.019,0,0,90,HYP-LOOSE-CONN,ALM-THR-PHASE-DIF;ALM-K-WARN;ALM-K-ALM;ALM-TTL-14D
2026-07-26T10:30:00+00:00,1962,1138,204.6,6.4,41.84,11.88,DSYA3_L2,27.6,2.021,191,27.6,2.021,0,0,90,HYP-LOOSE-CONN,ALM-THR-PHASE-DIF;ALM-K-WARN;ALM-K-ALM;ALM-TTL-14D
2026-07-26T10:45:00+00:00,1963,1131,204.2,6.42,42.05,12.05,DSYA3_L2,27.97,2.022,190,27.97,2.022,0,0,90,HYP-LOOSE-CONN,ALM-THR-PHASE-DIF;ALM-K-WARN;ALM-K-ALM;ALM-TTL-14D
2026-07-26T11:00:00+00:00,1964,1127,204.2,6.42,42.25,12.22,DSYA3_L2,28.19,2.024,190,28.19,2.024,0,0,90,HYP-LOOSE-CONN,ALM-THR-PHASE-DIF;ALM-K-WARN;ALM-K-ALM;ALM-TTL-14D
2026-07-26T11:15:00+00:00,1965,1123,203.2,6.43,42.44,12.39,DSYA3_L2,27.79,2.026,124,27.79,2.026,0,0,90,HYP-LOOSE-CONN,ALM-THR-PHASE-DIF;ALM-K-WARN;ALM-K-ALM;ALM-TTL-14D
2026-07-26T11:30:00+00:00,1966,1118,203.9,6.44,42.63,12.55,DSYA3_L2,27.55,2.027,120,27.55,2.027,0,0,90,HYP-LOOSE-CONN,ALM-THR-PHASE-DIF;ALM-K-WARN;ALM-K-ALM;ALM-TTL-14D;ALM-PANEL-TEMP
2026-07-26T11:45:00+00:00,1967,1107,201.8,6.46,42.81,12.7,DSYA3_L2,27.56,2.029,119,27.56,2.029,0,0,90,HYP-LOOSE-CONN,ALM-THR-PHASE-DIF;ALM-K-WARN;ALM-K-ALM;ALM-TTL-14D;ALM-PANEL-TEMP
2026-07-26T12:00:00+00:00,1968,1113,203.8,6.45,42.97,12.85,DSYA3_L2,26.99,2.03,95,26.99,2.03,0,0,90,HYP-LOOSE-CONN,ALM-THR-PHASE-DIF;ALM-K-WARN;ALM-K-ALM;ALM-TTL-14D;ALM-PANEL-TEMP
2026-07-26T12:15:00+00:00,1969,1092,202.9,6.48,43.13,12.99,DSYA3_L2,26.91,2.031,75,26.91,2.031,0,0,90,HYP-LOOSE-CONN,ALM-THR-PHASE-DIF;ALM-K-WARN;ALM-K-ALM;ALM-TTL-14D;ALM-PANEL-TEMP
2026-07-26T12:30:00+00:00,1970,1074,200,6.51,43.27,13.12,DSYA3_L2,26.13,2.032,71,26.13,2.032,0,0,90,HYP-LOOSE-CONN,ALM-THR-PHASE-DIF;ALM-K-WARN;ALM-K-ALM;ALM-TTL-14D;ALM-PANEL-TEMP
2026-07-26T12:45:00+00:00,1971,1062,198.5,6.53,43.41,13.24,DSYA3_L2,25.39,2.033,51,25.39,2.033,0,0,70,HYP-LOOSE-CONN,ALM-K-WARN;ALM-K-ALM;ALM-TTL-14D;ALM-PANEL-TEMP
2026-07-26T13:00:00+00:00,1972,1052,197.1,6.55,43.53,13.35,DSYA3_L2,24.17,2.033,44,24.17,2.033,0,0,70,HYP-LOOSE-CONN,ALM-K-WARN;ALM-K-ALM;ALM-TTL-14D;ALM-PANEL-TEMP
2026-07-26T13:15:00+00:00,1973,1034,195,6.58,43.64,13.44,DSYA3_L2,23.52,2.034,22,23.52,2.034,0,0,70,HYP-LOOSE-CONN,ALM-K-WARN;ALM-K-ALM;ALM-TTL-14D;ALM-PANEL-TEMP
2026-07-26T13:30:00+00:00,1974,1018,190.9,6.6,43.73,13.53,DSYA3_L2,23.26,2.035,20,23.26,2.035,0,0,70,HYP-LOOSE-CONN,ALM-K-WARN;ALM-K-ALM;ALM-TTL-14D;ALM-PANEL-TEMP
2026-07-26T13:45:00+00:00,1975,1004,187.6,6.62,43.81,13.6,DSYA3_L2,22.8,2.035,19,22.8,2.035,0,0,70,HYP-LOOSE-CONN,ALM-K-WARN;ALM-K-ALM;ALM-TTL-14D;ALM-PANEL-TEMP
2026-07-26T14:00:00+00:00,1976,993.8,184.5,6.64,43.88,13.66,DSYA3_L2,21.76,2.036,19,21.76,2.036,0,0,70,HYP-LOOSE-CONN,ALM-K-WARN;ALM-K-ALM;ALM-TTL-14D;ALM-PANEL-TEMP
2026-07-26T14:15:00+00:00,1977,981.6,182.6,6.66,43.93,13.71,DSYA3_L2,21.79,2.037,19,21.79,2.037,0,0,70,HYP-LOOSE-CONN,ALM-K-WARN;ALM-K-ALM;ALM-TTL-14D;ALM-PANEL-TEMP
2026-07-26T14:30:00+00:00,1978,974.7,180.3,6.66,43.97,13.75,DSYA3_L2,20.94,2.037,18,20.94,2.037,0,0,70,HYP-LOOSE-CONN,ALM-K-WARN;ALM-K-ALM;ALM-TTL-14D;ALM-PANEL-TEMP
2026-07-26T14:45:00+00:00,1979,965.9,177.4,6.68,43.99,13.77,DSYA3_L2,20.99,2.038,18,20.99,2.038,0,0,70,HYP-LOOSE-CONN,ALM-K-WARN;ALM-K-ALM;ALM-TTL-14D;ALM-PANEL-TEMP
2026-07-26T15:00:00+00:00,1980,954.7,174.2,6.69,44,13.77,DSYA3_L2,20.5,2.038,18,20.5,2.038,0,0,70,HYP-LOOSE-CONN,ALM-K-WARN;ALM-K-ALM;ALM-TTL-14D;ALM-PANEL-TEMP
2026-07-26T15:15:00+00:00,1981,953.4,174.2,6.69,43.99,13.77,DSYA3_L2,20.2,2.039,17,20.2,2.039,0,0,70,HYP-LOOSE-CONN,ALM-K-WARN;ALM-K-ALM;ALM-TTL-14D;ALM-PANEL-TEMP
2026-07-26T15:30:00+00:00,1982,954.8,175.2,6.69,43.97,13.75,DSYA3_L2,19.92,2.039,17,19.92,2.039,0,0,70,HYP-LOOSE-CONN,ALM-K-WARN;ALM-K-ALM;ALM-TTL-14D;ALM-PANEL-TEMP
2026-07-26T15:45:00+00:00,1983,950.3,173.6,6.7,43.93,13.71,DSYA3_L2,19.95,2.04,17,19.95,2.04,0,0,70,HYP-LOOSE-CONN,ALM-K-WARN;ALM-K-ALM;ALM-TTL-14D;ALM-PANEL-TEMP
2026-07-26T16:00:00+00:00,1984,957.7,174.3,6.69,43.88,13.66,DSYA3_L2,20,2.041,17,20,2.041,0,0,70,HYP-LOOSE-CONN,ALM-K-WARN;ALM-K-ALM;ALM-TTL-14D;ALM-PANEL-TEMP
2026-07-26T16:15:00+00:00,1985,975.9,175.3,6.65,43.81,13.6,DSYA3_L2,20.19,2.042,17,20.19,2.042,0,0,70,HYP-LOOSE-CONN,ALM-K-WARN;ALM-K-ALM;ALM-TTL-14D;ALM-PANEL-TEMP
2026-07-26T16:30:00+00:00,1986,993.6,178.6,6.63,43.73,13.53,DSYA3_L2,20.84,2.043,17,20.84,2.043,0,0,70,HYP-LOOSE-CONN,ALM-K-WARN;ALM-K-ALM;ALM-TTL-14D;ALM-PANEL-TEMP
2026-07-26T16:45:00+00:00,1987,1007,181.7,6.61,43.64,13.44,DSYA3_L2,22.12,2.045,16,22.12,2.045,0,0,70,HYP-LOOSE-CONN,ALM-K-WARN;ALM-K-ALM;ALM-TTL-14D;ALM-PANEL-TEMP
2026-07-26T17:00:00+00:00,1988,1023,185.5,6.58,43.53,13.35,DSYA3_L2,22.19,2.046,16,22.19,2.046,0,0,70,HYP-LOOSE-CONN,ALM-K-WARN;ALM-K-ALM;ALM-TTL-14D;ALM-PANEL-TEMP
2026-07-26T17:15:00+00:00,1989,1058,190.5,6.53,43.41,13.24,DSYA3_L2,23.18,2.048,22,23.18,2.048,0,0,70,HYP-LOOSE-CONN,ALM-K-WARN;ALM-K-ALM;ALM-TTL-14D;ALM-PANEL-TEMP
2026-07-26T17:30:00+00:00,1990,1094,195.9,6.47,43.27,13.12,DSYA3_L2,24.52,2.05,66,24.52,2.05,0,0,70,HYP-LOOSE-CONN,ALM-K-WARN;ALM-K-ALM;ALM-TTL-14D;ALM-PANEL-TEMP
2026-07-26T17:45:00+00:00,1991,1131,201,6.41,43.13,12.99,DSYA3_L2,26.32,2.053,89,26.32,2.053,0,0,90,HYP-LOOSE-CONN,ALM-THR-PHASE-DIF;ALM-K-WARN;ALM-K-ALM;ALM-TTL-14D;ALM-PANEL-TEMP
2026-07-26T18:00:00+00:00,1992,1159,205.2,6.37,42.97,12.85,DSYA3_L2,27.9,2.055,111,27.9,2.055,0,0,90,HYP-LOOSE-CONN,ALM-THR-PHASE-DIF;ALM-K-WARN;ALM-K-ALM;ALM-TTL-14D;ALM-PANEL-TEMP
2026-07-26T18:15:00+00:00,1993,1189,209.9,6.32,42.81,12.7,DSYA3_L2,29.47,2.058,183,29.47,2.058,0,0,90,HYP-LOOSE-CONN,ALM-THR-PHASE-DIF;ALM-K-WARN;ALM-K-ALM;ALM-TTL-14D;ALM-PANEL-TEMP
2026-07-26T18:30:00+00:00,1994,1215,214.4,6.28,42.63,12.55,DSYA3_L2,30.75,2.061,183,30.75,2.061,0,0,90,HYP-LOOSE-CONN,ALM-THR-PHASE-DIF;ALM-K-WARN;ALM-K-ALM;ALM-TTL-14D;ALM-PANEL-TEMP
2026-07-26T18:45:00+00:00,1995,1236,216.8,6.24,42.44,12.39,DSYA3_L2,32.47,2.064,182,32.47,2.064,0,0,90,HYP-LOOSE-CONN,ALM-THR-PHASE-DIF;ALM-K-WARN;ALM-K-ALM;ALM-TTL-14D;ALM-PANEL-TEMP
2026-07-26T19:00:00+00:00,1996,1265,221.5,6.2,42.25,12.22,DSYA3_L2,33.59,2.067,182,33.59,2.067,0,0,90,HYP-LOOSE-CONN,ALM-THR-PHASE-DIF;ALM-K-WARN;ALM-K-ALM;ALM-TTL-14D;ALM-PANEL-TEMP
2026-07-26T19:15:00+00:00,1997,1275,222.8,6.18,42.05,12.05,DSYA3_L2,35.38,2.072,182,35.38,2.072,0,0,90,HYP-LOOSE-CONN,ALM-THR-PHASE-DIF;ALM-K-WARN;ALM-K-ALM;ALM-TTL-14D;ALM-PANEL-TEMP
2026-07-26T19:30:00+00:00,1998,1295,224.9,6.15,41.84,11.88,DSYA3_L2,35.78,2.074,183,35.78,2.074,0,0,90,HYP-LOOSE-CONN,ALM-THR-PHASE-DIF;ALM-K-WARN;ALM-K-ALM;ALM-TTL-14D;ALM-PANEL-TEMP
2026-07-26T19:45:00+00:00,1999,1318,229.5,6.11,41.62,11.7,DSYA3_L2,37.39,2.079,183,37.39,2.079,0,0,90,HYP-LOOSE-CONN,ALM-THR-PHASE-DIF;ALM-K-WARN;ALM-K-ALM;ALM-TTL-14D;ALM-PANEL-TEMP
2026-07-26T20:00:00+00:00,2000,1334,231.7,6.09,41.4,11.52,DSYA3_L2,38.43,2.082,181,38.43,2.082,0,0,90,HYP-LOOSE-CONN,ALM-THR-PHASE-DIF;ALM-K-WARN;ALM-K-ALM;ALM-TTL-14D
2026-07-26T20:15:00+00:00,2001,1316,228.8,6.12,41.18,11.33,DSYA3_L2,39.59,2.087,181,39.59,2.087,0,0,90,HYP-LOOSE-CONN,ALM-THR-PHASE-DIF;ALM-K-WARN;ALM-K-ALM;ALM-TTL-14D
2026-07-26T20:30:00+00:00,2002,1301,226.8,6.14,40.95,11.15,DSYA3_L2,38.79,2.088,181,38.79,2.088,0,0,90,HYP-LOOSE-CONN,ALM-THR-PHASE-DIF;ALM-K-WARN;ALM-K-ALM;ALM-TTL-14D
2026-07-26T20:45:00+00:00,2003,1285,224.7,6.17,40.73,10.97,DSYA3_L2,38.18,2.09,180,38.18,2.09,0,0,90,HYP-LOOSE-CONN,ALM-THR-PHASE-DIF;ALM-K-WARN;ALM-K-ALM;ALM-TTL-14D
2026-07-26T21:00:00+00:00,2004,1275,223.1,6.18,40.5,10.79,DSYA3_L2,37.21,2.091,180,37.21,2.091,0,0,90,HYP-LOOSE-CONN,ALM-THR-PHASE-DIF;ALM-K-WARN;ALM-K-ALM;ALM-TTL-14D
2026-07-26T21:15:00+00:00,2005,1243,218,6.23,40.27,10.61,DSYA3_L2,36.48,2.092,110,36.48,2.092,0,0,90,HYP-LOOSE-CONN,ALM-THR-PHASE-DIF;ALM-K-WARN;ALM-K-ALM;ALM-TTL-14D
2026-07-26T21:30:00+00:00,2006,1216,215.5,6.28,40.04,10.43,DSYA3_L2,35.08,2.092,90,35.08,2.092,0,0,90,HYP-LOOSE-CONN,ALM-THR-PHASE-DIF;ALM-K-WARN;ALM-K-ALM;ALM-TTL-14D
2026-07-26T21:45:00+00:00,2007,1178,209.1,6.34,39.81,10.26,DSYA3_L2,33.68,2.093,84,33.68,2.093,0,0,90,HYP-LOOSE-CONN,ALM-THR-PHASE-DIF;ALM-K-WARN;ALM-K-ALM;ALM-TTL-14D
2026-07-26T22:00:00+00:00,2008,1145,204,6.39,39.59,10.09,DSYA3_L2,31.58,2.092,59,31.58,2.092,0,0,90,HYP-LOOSE-CONN,ALM-THR-PHASE-DIF;ALM-K-WARN;ALM-K-ALM;ALM-TTL-14D
2026-07-26T22:15:00+00:00,2009,1083,193.8,6.49,39.37,9.93,DSYA3_L2,29.96,2.092,13,29.96,2.092,0,0,90,HYP-LOOSE-CONN,ALM-THR-PHASE-DIF;ALM-K-WARN;ALM-K-ALM;ALM-TTL-14D
2026-07-26T22:30:00+00:00,2010,1025,185.3,6.58,39.16,9.77,DSYA3_L2,27.27,2.091,10,27.27,2.091,0,0,90,HYP-LOOSE-CONN,ALM-THR-PHASE-DIF;ALM-K-WARN;ALM-K-ALM;ALM-TTL-14D
2026-07-26T22:45:00+00:00,2011,961.7,175.3,6.68,38.95,9.61,DSYA3_L2,24.38,2.09,10,24.38,2.09,0,0,70,HYP-LOOSE-CONN,ALM-K-WARN;ALM-K-ALM;ALM-TTL-14D
2026-07-26T23:00:00+00:00,2012,894.7,164.4,6.79,38.75,9.46,DSYA3_L2,21.38,2.088,9,21.38,2.088,0,0,70,HYP-LOOSE-CONN,ALM-K-WARN;ALM-K-ALM;ALM-TTL-14D
2026-07-26T23:15:00+00:00,2013,800.8,148.9,6.93,38.55,9.32,DSYA3_L2,18.7,2.087,9,18.7,2.087,0,0,70,HYP-LOOSE-CONN,ALM-K-WARN;ALM-K-ALM;ALM-TTL-14D
2026-07-26T23:30:00+00:00,2014,708.2,133.6,7.08,38.37,9.19,DSYA3_L2,15.65,2.087,8,15.65,2.087,0,0,70,HYP-LOOSE-CONN,ALM-K-WARN;ALM-K-ALM;ALM-TTL-14D
2026-07-26T23:45:00+00:00,2015,617.8,118.8,7.23,38.19,9.06,DSYA3_L2,12.28,2.086,8,12.28,2.086,0,0,70,HYP-LOOSE-CONN,ALM-K-WARN;ALM-K-ALM;ALM-TTL-14D
2026-07-27T00:00:00+00:00,2016,526.8,102.5,7.37,38.03,8.94,DSYA3_L2,9.35,2.086,7,9.35,2.086,0,0,70,HYP-LOOSE-CONN,ALM-K-WARN;ALM-K-ALM;ALM-TTL-14D
2026-07-27T00:15:00+00:00,2017,515.1,100.8,7.39,37.87,8.83,DSYA3_L2,6.77,2.086,7,6.77,2.086,0,0,70,HYP-LOOSE-CONN,ALM-K-WARN;ALM-K-ALM;ALM-TTL-14D
2026-07-27T00:30:00+00:00,2018,502,98.4,7.41,37.72,8.73,DSYA3_L2,6.02,2.086,6,6.02,2.086,0,0,70,HYP-LOOSE-CONN,ALM-K-WARN;ALM-K-ALM;ALM-TTL-14D
2026-07-27T00:45:00+00:00,2019,493.4,96.4,7.42,37.59,8.64,DSYA3_L2,6.11,2.086,6,6.11,2.086,0,0,70,HYP-LOOSE-CONN,ALM-K-WARN;ALM-K-ALM;ALM-TTL-14D
2026-07-27T01:00:00+00:00,2020,482.9,94.9,7.44,37.47,8.55,DSYA3_L2,5.52,2.086,6,5.52,2.086,0,0,70,HYP-LOOSE-CONN,ALM-K-WARN;ALM-K-ALM;ALM-TTL-14D
2026-07-27T01:15:00+00:00,2021,476.9,93.9,7.45,37.36,8.48,DSYA3_L2,5.06,2.086,6,5.06,2.086,0,0,70,HYP-LOOSE-CONN,ALM-K-WARN;ALM-K-ALM;ALM-TTL-14D
2026-07-27T01:30:00+00:00,2022,469.2,92.7,7.46,37.27,8.41,DSYA3_L2,5,2.086,5,5,2.086,0,0,70,HYP-LOOSE-CONN,ALM-K-WARN;ALM-K-ALM;ALM-TTL-14D
2026-07-27T01:45:00+00:00,2023,458.4,90.8,7.48,37.19,8.36,DSYA3_L2,4.75,2.086,5,4.75,2.086,0,0,70,HYP-LOOSE-CONN,ALM-K-WARN;ALM-K-ALM;ALM-TTL-14D
2026-07-27T02:00:00+00:00,2024,453.1,90.3,7.49,37.12,8.31,DSYA3_L2,5.07,2.086,5,5.07,2.086,0,0,70,HYP-LOOSE-CONN,ALM-K-WARN;ALM-K-ALM;ALM-TTL-14D
2026-07-27T02:15:00+00:00,2025,450.1,89.8,7.49,37.07,8.28,DSYA3_L2,4.73,2.086,4,4.73,2.086,0,0,70,HYP-LOOSE-CONN,ALM-K-WARN;ALM-K-ALM;ALM-TTL-14D
2026-07-27T02:30:00+00:00,2026,448,89.5,7.5,37.03,8.25,DSYA3_L2,4.66,2.086,4,4.66,2.086,0,0,70,HYP-LOOSE-CONN,ALM-K-WARN;ALM-K-ALM;ALM-TTL-14D
2026-07-27T02:45:00+00:00,2027,445.6,88.9,7.5,37.01,8.24,DSYA3_L2,4.59,2.086,4,4.59,2.086,0,0,70,HYP-LOOSE-CONN,ALM-K-WARN;ALM-K-ALM;ALM-TTL-14D
2026-07-27T03:00:00+00:00,2028,443.3,88.4,7.5,37,8.23,DSYA3_L2,4.53,2.086,4,4.53,2.086,0,0,70,HYP-LOOSE-CONN,ALM-K-WARN;ALM-K-ALM;ALM-TTL-14D
2026-07-27T03:15:00+00:00,2029,444.1,88.3,7.5,37.01,8.24,DSYA3_L2,4.34,2.086,3,4.34,2.086,0,0,70,HYP-LOOSE-CONN,ALM-K-WARN;ALM-K-ALM;ALM-TTL-14D
2026-07-27T03:30:00+00:00,2030,446.3,88.9,7.5,37.03,8.25,DSYA3_L2,4.21,2.086,3,4.21,2.086,0,0,70,HYP-LOOSE-CONN,ALM-K-WARN;ALM-K-ALM;ALM-TTL-14D
2026-07-27T03:45:00+00:00,2031,447.3,89.1,7.5,37.07,8.28,DSYA3_L2,4.33,2.086,3,4.33,2.086,0,0,70,HYP-LOOSE-CONN,ALM-K-WARN;ALM-K-ALM;ALM-TTL-14D
2026-07-27T04:00:00+00:00,2032,444.5,89,7.5,37.12,8.31,DSYA3_L2,4.16,2.086,3,4.16,2.086,0,0,70,HYP-LOOSE-CONN,ALM-K-WARN;ALM-K-ALM;ALM-TTL-14D
2026-07-27T04:15:00+00:00,2033,453.6,90.8,7.49,37.19,8.36,DSYA3_L2,4.54,2.086,2,4.54,2.086,0,0,70,HYP-LOOSE-CONN,ALM-K-WARN;ALM-K-ALM;ALM-TTL-14D
2026-07-27T04:30:00+00:00,2034,460.9,92.7,7.48,37.27,8.41,DSYA3_L2,4.36,2.086,2,4.36,2.086,0,0,70,HYP-LOOSE-CONN,ALM-K-WARN;ALM-K-ALM;ALM-TTL-14D
2026-07-27T04:45:00+00:00,2035,469.7,94.4,7.46,37.36,8.48,DSYA3_L2,4.67,2.086,2,4.67,2.086,0,0,70,HYP-LOOSE-CONN,ALM-K-WARN;ALM-K-ALM;ALM-TTL-14D
2026-07-27T05:00:00+00:00,2036,479.9,96.3,7.45,37.47,8.55,DSYA3_L2,4.99,2.086,2,4.99,2.086,0,0,70,HYP-LOOSE-CONN,ALM-K-WARN;ALM-K-ALM;ALM-TTL-14D
2026-07-27T05:15:00+00:00,2037,514.4,103,7.39,37.59,8.64,DSYA3_L2,5.03,2.086,2,5.03,2.086,0,0,70,HYP-LOOSE-CONN,ALM-K-WARN;ALM-K-ALM;ALM-TTL-14D
2026-07-27T05:30:00+00:00,2038,552.3,110.1,7.34,37.72,8.73,DSYA3_L2,5.72,2.087,2,5.72,2.087,0,0,70,HYP-LOOSE-CONN,ALM-K-WARN;ALM-K-ALM;ALM-TTL-14D
2026-07-27T05:45:00+00:00,2039,585.1,115.9,7.28,37.87,8.83,DSYA3_L2,6.16,2.087,1,6.16,2.087,0,0,70,HYP-LOOSE-CONN,ALM-K-WARN;ALM-K-ALM;ALM-TTL-14D
2026-07-27T06:00:00+00:00,2040,616.9,121.1,7.23,38.03,8.94,DSYA3_L2,7.11,2.087,1,7.11,2.087,0,0,70,HYP-LOOSE-CONN,ALM-K-WARN;ALM-K-ALM;ALM-TTL-14D
2026-07-27T06:15:00+00:00,2041,725.3,141.4,7.06,38.19,9.06,DSYA3_L2,8.16,2.087,1,8.16,2.087,0,0,70,HYP-LOOSE-CONN,ALM-K-WARN;ALM-K-ALM;ALM-TTL-14D
2026-07-27T06:30:00+00:00,2042,828.4,159.3,6.9,38.37,9.19,DSYA3_L2,10.48,2.088,2,10.48,2.088,0,0,70,HYP-LOOSE-CONN,ALM-K-WARN;ALM-K-ALM;ALM-TTL-14D
2026-07-27T06:45:00+00:00,2043,933.6,176.6,6.73,38.56,9.32,DSYA3_L2,14.38,2.091,2,14.38,2.091,0,0,70,HYP-LOOSE-CONN,ALM-K-WARN;ALM-K-ALM;ALM-TTL-14D
2026-07-27T07:00:00+00:00,2044,1034,194.3,6.58,38.75,9.46,DSYA3_L2,18.18,2.094,2,18.18,2.094,0,0,70,HYP-LOOSE-CONN,ALM-K-WARN;ALM-K-ALM;ALM-TTL-14D
2026-07-27T07:15:00+00:00,2045,1140,212.5,6.41,38.95,9.61,DSYA3_L2,22.11,2.097,170,22.11,2.097,0,0,70,HYP-LOOSE-CONN,ALM-K-WARN;ALM-K-ALM;ALM-TTL-14D
2026-07-27T07:30:00+00:00,2046,1238,229.1,6.26,39.16,9.77,DSYA3_L2,27.06,2.101,268,27.06,2.101,0,0,90,HYP-LOOSE-CONN,ALM-THR-PHASE-DIF;ALM-K-WARN;ALM-K-ALM;ALM-TTL-14D
2026-07-27T07:45:00+00:00,2047,1356,246.7,6.07,39.37,9.93,DSYA3_L2,32.43,2.106,339,32.43,2.106,0,0,70,HYP-LOOSE-CONN,ALM-THR-PHASE-DIF;ALM-K-WARN;ALM-K-ALM
2026-07-27T08:00:00+00:00,2048,1467,262.4,5.9,39.59,10.09,DSYA3_L2,38.79,2.111,367,38.79,2.111,0,0,70,HYP-LOOSE-CONN,ALM-THR-PHASE-DIF;ALM-K-WARN;ALM-K-ALM
2026-07-27T08:15:00+00:00,2049,1505,270.6,5.84,39.82,10.26,DSYA3_L2,45.63,2.118,361,45.63,2.118,0,0,70,HYP-LOOSE-CONN,ALM-THR-PHASE-DIF;ALM-K-WARN;ALM-K-ALM
2026-07-27T08:30:00+00:00,2050,1548,278.9,5.78,40.04,10.44,DSYA3_L2,48.85,2.123,339,48.85,2.123,0,0,70,HYP-LOOSE-CONN,ALM-THR-PHASE-DIF;ALM-K-WARN;ALM-K-ALM
2026-07-27T08:45:00+00:00,2051,1590,286.6,5.71,40.27,10.61,DSYA3_L2,52.04,2.13,338,52.04,2.13,0,0,70,HYP-LOOSE-CONN,ALM-THR-TERM-WARN;ALM-THR-PHASE-DIF;ALM-K-WARN;ALM-K-ALM;ALM-PANEL-TEMP
2026-07-27T09:00:00+00:00,2052,1625,293,5.66,40.5,10.79,DSYA3_L2,54.66,2.137,336,54.66,2.137,0,0,70,HYP-LOOSE-CONN,ALM-THR-TERM-WARN;ALM-THR-PHASE-DIF;ALM-K-WARN;ALM-K-ALM;ALM-PANEL-TEMP
2026-07-27T09:15:00+00:00,2053,1617,291.3,5.67,40.73,10.97,DSYA3_L2,57.27,2.144,336,57.27,2.144,0,0,70,HYP-LOOSE-CONN,ALM-THR-TERM-WARN;ALM-THR-PHASE-DIF;ALM-K-WARN;ALM-K-ALM;ALM-PANEL-TEMP
2026-07-27T09:30:00+00:00,2054,1614,290.5,5.68,40.96,11.15,DSYA3_L2,57.53,2.15,264,57.53,2.15,0,0,90,HYP-LOOSE-CONN,ALM-THR-TERM-WARN;ALM-THR-PHASE-DIF;ALM-K-WARN;ALM-K-ALM;ALM-TTL-14D;ALM-PANEL-TEMP
2026-07-27T09:45:00+00:00,2055,1603,288.6,5.69,41.18,11.34,DSYA3_L2,57.45,2.156,241,57.45,2.156,0,0,90,HYP-LOOSE-CONN,ALM-THR-TERM-WARN;ALM-THR-PHASE-DIF;ALM-K-WARN;ALM-K-ALM;ALM-TTL-14D;ALM-PANEL-TEMP
2026-07-27T10:00:00+00:00,2056,1599,289.4,5.7,41.41,11.52,DSYA3_L2,56.67,2.159,217,56.67,2.159,0,0,90,HYP-LOOSE-CONN,ALM-THR-TERM-WARN;ALM-THR-PHASE-DIF;ALM-K-WARN;ALM-K-ALM;ALM-TTL-14D;ALM-PANEL-TEMP
2026-07-27T10:15:00+00:00,2057,1607,294.2,5.69,41.63,11.7,DSYA3_L2,56.64,2.165,217,56.64,2.165,0,0,90,HYP-LOOSE-CONN,ALM-THR-TERM-WARN;ALM-THR-PHASE-DIF;ALM-K-WARN;ALM-K-ALM;ALM-TTL-14D;ALM-PANEL-TEMP
2026-07-27T10:30:00+00:00,2058,1606,295.2,5.7,41.84,11.88,DSYA3_L2,56.15,2.168,221,56.15,2.168,0,0,90,HYP-LOOSE-CONN,ALM-THR-TERM-WARN;ALM-THR-PHASE-DIF;ALM-K-WARN;ALM-K-ALM;ALM-TTL-14D;ALM-PANEL-TEMP
2026-07-27T10:45:00+00:00,2059,1619,294.9,5.67,42.05,12.05,DSYA3_L2,56.5,2.172,221,56.5,2.172,0,0,90,HYP-LOOSE-CONN,ALM-THR-TERM-WARN;ALM-THR-PHASE-DIF;ALM-K-WARN;ALM-K-ALM;ALM-TTL-14D;ALM-PANEL-TEMP
2026-07-27T11:00:00+00:00,2060,1622,294.4,5.67,42.25,12.22,DSYA3_L2,57.53,2.177,216,57.53,2.177,0,0,90,HYP-LOOSE-CONN,ALM-THR-TERM-WARN;ALM-THR-PHASE-DIF;ALM-K-WARN;ALM-K-ALM;ALM-TTL-14D;ALM-PANEL-TEMP
2026-07-27T11:15:00+00:00,2061,1614,291.1,5.68,42.44,12.39,DSYA3_L2,57.7,2.181,216,57.7,2.181,0,0,90,HYP-LOOSE-CONN,ALM-THR-TERM-WARN;ALM-THR-PHASE-DIF;ALM-K-WARN;ALM-K-ALM;ALM-TTL-14D;ALM-PANEL-TEMP
2026-07-27T11:30:00+00:00,2062,1608,290.3,5.69,42.63,12.55,DSYA3_L2,57.81,2.185,216,57.81,2.185,0,0,90,HYP-LOOSE-CONN,ALM-THR-TERM-WARN;ALM-THR-PHASE-DIF;ALM-K-WARN;ALM-K-ALM;ALM-TTL-14D;ALM-PANEL-TEMP
2026-07-27T11:45:00+00:00,2063,1618,291.3,5.67,42.81,12.7,DSYA3_L2,57.55,2.188,215,57.55,2.188,0,0,90,HYP-LOOSE-CONN,ALM-THR-TERM-WARN;ALM-THR-PHASE-DIF;ALM-K-WARN;ALM-K-ALM;ALM-TTL-14D;ALM-PANEL-TEMP
2026-07-27T12:00:00+00:00,2064,1607,291.5,5.69,42.97,12.85,DSYA3_L2,57.79,2.191,213,57.79,2.191,0,0,90,HYP-LOOSE-CONN,ALM-THR-TERM-WARN;ALM-THR-PHASE-DIF;ALM-K-WARN;ALM-K-ALM;ALM-TTL-14D;ALM-PANEL-TEMP
2026-07-27T12:15:00+00:00,2065,1577,287.2,5.74,43.13,12.99,DSYA3_L2,57.01,2.193,195,57.01,2.193,0,0,90,HYP-LOOSE-CONN,ALM-THR-TERM-WARN;ALM-THR-PHASE-DIF;ALM-K-WARN;ALM-K-ALM;ALM-TTL-14D;ALM-PANEL-TEMP
2026-07-27T12:30:00+00:00,2066,1544,281.8,5.79,43.28,13.12,DSYA3_L2,55.15,2.193,195,55.15,2.193,0,0,90,HYP-LOOSE-CONN,ALM-THR-TERM-WARN;ALM-THR-PHASE-DIF;ALM-K-WARN;ALM-K-ALM;ALM-TTL-14D;ALM-PANEL-TEMP
2026-07-27T12:45:00+00:00,2067,1517,278.5,5.83,43.41,13.24,DSYA3_L2,53.03,2.193,195,53.03,2.193,0,0,90,HYP-LOOSE-CONN,ALM-THR-TERM-WARN;ALM-THR-PHASE-DIF;ALM-K-WARN;ALM-K-ALM;ALM-TTL-14D;ALM-PANEL-TEMP
2026-07-27T13:00:00+00:00,2068,1486,274.5,5.88,43.53,13.35,DSYA3_L2,51.59,2.195,188,51.59,2.195,0,0,90,HYP-LOOSE-CONN,ALM-THR-TERM-WARN;ALM-THR-PHASE-DIF;ALM-K-WARN;ALM-K-ALM;ALM-TTL-14D;ALM-PANEL-TEMP
2026-07-27T13:15:00+00:00,2069,1495,277.1,5.87,43.64,13.45,DSYA3_L2,49.6,2.196,194,49.6,2.196,0,0,90,HYP-LOOSE-CONN,ALM-THR-PHASE-DIF;ALM-K-WARN;ALM-K-ALM;ALM-TTL-14D;ALM-PANEL-TEMP
2026-07-27T13:30:00+00:00,2070,1496,275.9,5.87,43.73,13.53,DSYA3_L2,49.25,2.197,213,49.25,2.197,0,0,90,HYP-LOOSE-CONN,ALM-THR-PHASE-DIF;ALM-K-WARN;ALM-K-ALM;ALM-TTL-14D;ALM-PANEL-TEMP
2026-07-27T13:45:00+00:00,2071,1494,276.7,5.87,43.81,13.61,DSYA3_L2,49.44,2.199,213,49.44,2.199,0,0,90,HYP-LOOSE-CONN,ALM-THR-PHASE-DIF;ALM-K-WARN;ALM-K-ALM;ALM-TTL-14D;ALM-PANEL-TEMP
2026-07-27T14:00:00+00:00,2072,1493,276.2,5.87,43.88,13.67,DSYA3_L2,49.38,2.201,213,49.38,2.201,0,0,90,HYP-LOOSE-CONN,ALM-THR-PHASE-DIF;ALM-K-WARN;ALM-K-ALM;ALM-TTL-14D;ALM-PANEL-TEMP
2026-07-27T14:15:00+00:00,2073,1516,280,5.84,43.93,13.71,DSYA3_L2,49.46,2.203,235,49.46,2.203,0,0,90,HYP-LOOSE-CONN,ALM-THR-PHASE-DIF;ALM-K-WARN;ALM-K-ALM;ALM-TTL-14D;ALM-PANEL-TEMP
2026-07-27T14:30:00+00:00,2074,1529,282.9,5.82,43.97,13.75,DSYA3_L2,50.4,2.205,237,50.4,2.205,0,0,90,HYP-LOOSE-CONN,ALM-THR-TERM-WARN;ALM-THR-PHASE-DIF;ALM-K-WARN;ALM-K-ALM;ALM-TTL-14D;ALM-PANEL-TEMP
2026-07-27T14:45:00+00:00,2075,1539,284.7,5.8,43.99,13.77,DSYA3_L2,50.79,2.207,260,50.79,2.207,0,0,90,HYP-LOOSE-CONN,ALM-THR-TERM-WARN;ALM-THR-PHASE-DIF;ALM-K-WARN;ALM-K-ALM;ALM-TTL-14D;ALM-PANEL-TEMP
2026-07-27T15:00:00+00:00,2076,1571,291.4,5.75,44,13.78,DSYA3_L2,52.16,2.21,260,52.16,2.21,0,0,90,HYP-LOOSE-CONN,ALM-THR-TERM-WARN;ALM-THR-PHASE-DIF;ALM-K-WARN;ALM-K-ALM;ALM-TTL-14D;ALM-PANEL-TEMP
2026-07-27T15:15:00+00:00,2077,1570,290.6,5.76,43.99,13.77,DSYA3_L2,53.1,2.211,260,53.1,2.211,0,0,90,HYP-LOOSE-CONN,ALM-THR-TERM-WARN;ALM-THR-PHASE-DIF;ALM-K-WARN;ALM-K-ALM;ALM-TTL-14D;ALM-PANEL-TEMP
2026-07-27T15:30:00+00:00,2078,1577,290.7,5.74,43.97,13.75,DSYA3_L2,53.66,2.213,260,53.66,2.213,0,0,90,HYP-LOOSE-CONN,ALM-THR-TERM-WARN;ALM-THR-PHASE-DIF;ALM-K-WARN;ALM-K-ALM;ALM-TTL-14D;ALM-PANEL-TEMP
2026-07-27T15:45:00+00:00,2079,1573,291.9,5.75,43.93,13.71,DSYA3_L2,54.34,2.215,264,54.34,2.215,0,0,90,HYP-LOOSE-CONN,ALM-THR-TERM-WARN;ALM-THR-PHASE-DIF;ALM-K-WARN;ALM-K-ALM;ALM-TTL-14D;ALM-PANEL-TEMP
2026-07-27T16:00:00+00:00,2080,1582,292.2,5.74,43.88,13.67,DSYA3_L2,54.27,2.216,259,54.27,2.216,0,0,90,HYP-LOOSE-CONN,ALM-THR-TERM-WARN;ALM-THR-PHASE-DIF;ALM-K-WARN;ALM-K-ALM;ALM-TTL-14D;ALM-PANEL-TEMP
2026-07-27T16:15:00+00:00,2081,1583,292,5.73,43.81,13.61,DSYA3_L2,54.77,2.218,259,54.77,2.218,0,0,90,HYP-LOOSE-CONN,ALM-THR-TERM-WARN;ALM-THR-PHASE-DIF;ALM-K-WARN;ALM-K-ALM;ALM-TTL-14D;ALM-PANEL-TEMP
2026-07-27T16:30:00+00:00,2082,1574,289.2,5.74,43.73,13.53,DSYA3_L2,55.1,2.22,259,55.1,2.22,0,0,90,HYP-LOOSE-CONN,ALM-THR-TERM-WARN;ALM-THR-PHASE-DIF;ALM-K-WARN;ALM-K-ALM;ALM-TTL-14D;ALM-PANEL-TEMP
2026-07-27T16:45:00+00:00,2083,1563,287.9,5.76,43.64,13.45,DSYA3_L2,54.64,2.221,328,54.64,2.221,0,0,90,HYP-LOOSE-CONN,ALM-THR-TERM-WARN;ALM-THR-PHASE-DIF;ALM-K-WARN;ALM-K-ALM;ALM-TTL-14D;ALM-PANEL-TEMP
2026-07-27T17:00:00+00:00,2084,1556,287.2,5.78,43.53,13.35,DSYA3_L2,54.44,2.222,258,54.44,2.222,0,0,90,HYP-LOOSE-CONN,ALM-THR-TERM-WARN;ALM-THR-PHASE-DIF;ALM-K-WARN;ALM-K-ALM;ALM-TTL-14D;ALM-PANEL-TEMP
2026-07-27T17:15:00+00:00,2085,1535,281.4,5.8,43.41,13.24,DSYA3_L2,53.69,2.223,258,53.69,2.223,0,0,90,HYP-LOOSE-CONN,ALM-THR-TERM-WARN;ALM-THR-PHASE-DIF;ALM-K-WARN;ALM-K-ALM;ALM-TTL-14D;ALM-PANEL-TEMP
2026-07-27T17:30:00+00:00,2086,1509,277,5.84,43.28,13.12,DSYA3_L2,52.46,2.223,258,52.46,2.223,0,0,90,HYP-LOOSE-CONN,ALM-THR-TERM-WARN;ALM-THR-PHASE-DIF;ALM-K-WARN;ALM-K-ALM;ALM-TTL-14D;ALM-PANEL-TEMP
2026-07-27T17:45:00+00:00,2087,1478,271,5.89,43.13,12.99,DSYA3_L2,50.85,2.223,257,50.85,2.223,0,0,90,HYP-LOOSE-CONN,ALM-THR-TERM-WARN;ALM-THR-PHASE-DIF;ALM-K-WARN;ALM-K-ALM;ALM-TTL-14D;ALM-PANEL-TEMP
2026-07-27T18:00:00+00:00,2088,1465,269.4,5.91,42.97,12.85,DSYA3_L2,49.03,2.223,237,49.03,2.223,0,0,90,HYP-LOOSE-CONN,ALM-THR-PHASE-DIF;ALM-K-WARN;ALM-K-ALM;ALM-TTL-14D;ALM-PANEL-TEMP
2026-07-27T18:15:00+00:00,2089,1440,264.3,5.95,42.81,12.7,DSYA3_L2,47.9,2.223,237,47.9,2.223,0,0,90,HYP-LOOSE-CONN,ALM-THR-PHASE-DIF;ALM-K-WARN;ALM-K-ALM;ALM-TTL-14D;ALM-PANEL-TEMP
2026-07-27T18:30:00+00:00,2090,1424,261.2,5.97,42.63,12.55,DSYA3_L2,47.09,2.224,233,47.09,2.224,0,0,90,HYP-LOOSE-CONN,ALM-THR-PHASE-DIF;ALM-K-WARN;ALM-K-ALM;ALM-TTL-14D;ALM-PANEL-TEMP
2026-07-27T18:45:00+00:00,2091,1411,258.2,5.99,42.44,12.39,DSYA3_L2,45.87,2.224,232,45.87,2.224,0,0,90,HYP-LOOSE-CONN,ALM-THR-PHASE-DIF;ALM-K-WARN;ALM-K-ALM;ALM-TTL-14D;ALM-PANEL-TEMP
2026-07-27T19:00:00+00:00,2092,1403,259.5,6.01,42.25,12.22,DSYA3_L2,44.54,2.224,230,44.54,2.224,0,0,90,HYP-LOOSE-CONN,ALM-THR-PHASE-DIF;ALM-K-WARN;ALM-K-ALM;ALM-TTL-14D;ALM-PANEL-TEMP
2026-07-27T19:15:00+00:00,2093,1419,262.8,5.98,42.05,12.05,DSYA3_L2,44.17,2.225,254,44.17,2.225,0,0,90,HYP-LOOSE-CONN,ALM-THR-PHASE-DIF;ALM-K-WARN;ALM-K-ALM;ALM-TTL-14D;ALM-PANEL-TEMP
2026-07-27T19:30:00+00:00,2094,1429,263,5.97,41.84,11.88,DSYA3_L2,44.98,2.227,256,44.98,2.227,0,0,90,HYP-LOOSE-CONN,ALM-THR-PHASE-DIF;ALM-K-WARN;ALM-K-ALM;ALM-TTL-14D;ALM-PANEL-TEMP
2026-07-27T19:45:00+00:00,2095,1447,268.2,5.94,41.63,11.7,DSYA3_L2,45.17,2.227,325,45.17,2.227,0,0,90,HYP-LOOSE-CONN,ALM-THR-PHASE-DIF;ALM-K-WARN;ALM-K-ALM;ALM-TTL-14D;ALM-PANEL-TEMP
2026-07-27T20:00:00+00:00,2096,1463,268.5,5.91,41.41,11.52,DSYA3_L2,46.39,2.229,325,46.39,2.229,0,0,90,HYP-LOOSE-CONN,ALM-THR-PHASE-DIF;ALM-K-WARN;ALM-K-ALM;ALM-TTL-14D;ALM-PANEL-TEMP
2026-07-27T20:15:00+00:00,2097,1428,264.1,5.97,41.18,11.34,DSYA3_L2,47.36,2.23,255,47.36,2.23,0,0,90,HYP-LOOSE-CONN,ALM-THR-PHASE-DIF;ALM-K-WARN;ALM-K-ALM;ALM-TTL-14D;ALM-PANEL-TEMP
2026-07-27T20:30:00+00:00,2098,1416,262.4,5.99,40.96,11.15,DSYA3_L2,46.05,2.231,255,46.05,2.231,0,0,90,HYP-LOOSE-CONN,ALM-THR-PHASE-DIF;ALM-K-WARN;ALM-K-ALM;ALM-TTL-14D
2026-07-27T20:45:00+00:00,2099,1393,258.3,6.02,40.73,10.97,DSYA3_L2,45.13,2.231,235,45.13,2.231,0,0,90,HYP-LOOSE-CONN,ALM-THR-PHASE-DIF;ALM-K-WARN;ALM-K-ALM;ALM-TTL-14D
2026-07-27T21:00:00+00:00,2100,1366,253.4,6.07,40.5,10.79,DSYA3_L2,43.6,2.231,228,43.6,2.231,0,0,90,HYP-LOOSE-CONN,ALM-THR-PHASE-DIF;ALM-K-WARN;ALM-K-ALM;ALM-TTL-14D
2026-07-27T21:15:00+00:00,2101,1311,244.5,6.15,40.27,10.61,DSYA3_L2,42.51,2.231,182,42.51,2.231,0,0,90,HYP-LOOSE-CONN,ALM-THR-PHASE-DIF;ALM-K-WARN;ALM-K-ALM;ALM-TTL-14D
2026-07-27T21:30:00+00:00,2102,1261,236,6.23,40.04,10.44,DSYA3_L2,39.7,2.231,157,39.7,2.231,0,0,90,HYP-LOOSE-CONN,ALM-THR-PHASE-DIF;ALM-K-WARN;ALM-K-ALM;ALM-TTL-14D
2026-07-27T21:45:00+00:00,2103,1214,229.9,6.31,39.82,10.26,DSYA3_L2,36.41,2.23,155,36.41,2.23,0,0,90,HYP-LOOSE-CONN,ALM-THR-PHASE-DIF;ALM-K-WARN;ALM-K-ALM;ALM-TTL-14D
2026-07-27T22:00:00+00:00,2104,1163,220.2,6.38,39.59,10.09,DSYA3_L2,33.45,2.229,61,33.45,2.229,0,0,90,HYP-LOOSE-CONN,ALM-THR-PHASE-DIF;ALM-K-WARN;ALM-K-ALM;ALM-TTL-14D
2026-07-27T22:15:00+00:00,2105,1088,207,6.5,39.37,9.93,DSYA3_L2,31.64,2.229,11,31.64,2.229,0,0,90,HYP-LOOSE-CONN,ALM-THR-PHASE-DIF;ALM-K-WARN;ALM-K-ALM;ALM-TTL-14D
2026-07-27T22:30:00+00:00,2106,1008,192.9,6.62,39.16,9.77,DSYA3_L2,27.63,2.228,10,27.63,2.228,0,0,90,HYP-LOOSE-CONN,ALM-THR-PHASE-DIF;ALM-K-WARN;ALM-K-ALM;ALM-TTL-14D
2026-07-27T22:45:00+00:00,2107,933.6,180.2,6.74,38.95,9.61,DSYA3_L2,23.98,2.227,9,23.98,2.227,0,0,70,HYP-LOOSE-CONN,ALM-K-WARN;ALM-K-ALM;ALM-TTL-14D
2026-07-27T23:00:00+00:00,2108,842.7,163.7,6.88,38.75,9.46,DSYA3_L2,20.85,2.227,9,20.85,2.227,0,0,70,HYP-LOOSE-CONN,ALM-K-WARN;ALM-K-ALM;ALM-TTL-14D
2026-07-27T23:15:00+00:00,2109,763.8,150.2,7.01,38.56,9.32,DSYA3_L2,16.82,2.226,8,16.82,2.226,0,0,70,HYP-LOOSE-CONN,ALM-K-WARN;ALM-K-ALM;ALM-TTL-14D
2026-07-27T23:30:00+00:00,2110,684.6,135.3,7.13,38.37,9.19,DSYA3_L2,14.04,2.226,8,14.04,2.226,0,0,70,HYP-LOOSE-CONN,ALM-K-WARN;ALM-K-ALM;ALM-TTL-14D
2026-07-27T23:45:00+00:00,2111,608.5,121.7,7.25,38.19,9.06,DSYA3_L2,11.46,2.226,7,11.46,2.226,0,0,70,HYP-LOOSE-CONN,ALM-K-WARN;ALM-K-ALM;ALM-TTL-14D
2026-07-28T00:00:00+00:00,2112,531.6,107.8,7.37,38.02,8.94,DSYA3_L2,9.07,2.226,7,9.07,2.226,0,0,70,HYP-LOOSE-CONN,ALM-K-WARN;ALM-K-ALM;ALM-TTL-14D
2026-07-28T00:15:00+00:00,2113,519.1,105.2,7.39,37.87,8.83,DSYA3_L2,7.05,2.226,7,7.05,2.226,0,0,70,HYP-LOOSE-CONN,ALM-K-WARN;ALM-K-ALM;ALM-TTL-14D
2026-07-28T00:30:00+00:00,2114,507.3,102.7,7.41,37.72,8.73,DSYA3_L2,6.17,2.226,6,6.17,2.226,0,0,70,HYP-LOOSE-CONN,ALM-K-WARN;ALM-K-ALM;ALM-TTL-14D
2026-07-28T00:45:00+00:00,2115,494.8,100.4,7.43,37.59,8.64,DSYA3_L2,6.13,2.226,6,6.13,2.226,0,0,70,HYP-LOOSE-CONN,ALM-K-WARN;ALM-K-ALM;ALM-TTL-14D
2026-07-28T01:00:00+00:00,2116,483.1,97.5,7.44,37.47,8.55,DSYA3_L2,5.69,2.226,6,5.69,2.226,0,0,70,HYP-LOOSE-CONN,ALM-K-WARN;ALM-K-ALM;ALM-TTL-14D
2026-07-28T01:15:00+00:00,2117,472.7,95.6,7.46,37.36,8.48,DSYA3_L2,5.72,2.226,5,5.72,2.226,0,0,70,HYP-LOOSE-CONN,ALM-K-WARN;ALM-K-ALM;ALM-TTL-14D
2026-07-28T01:30:00+00:00,2118,464.3,93.9,7.47,37.26,8.41,DSYA3_L2,5.15,2.226,5,5.15,2.226,0,0,70,HYP-LOOSE-CONN,ALM-K-WARN;ALM-K-ALM;ALM-TTL-14D
2026-07-28T01:45:00+00:00,2119,455.1,92.4,7.49,37.18,8.36,DSYA3_L2,5.12,2.226,5,5.12,2.226,0,0,70,HYP-LOOSE-CONN,ALM-K-WARN;ALM-K-ALM;ALM-TTL-14D
2026-07-28T02:00:00+00:00,2120,448.7,91.4,7.5,37.12,8.31,DSYA3_L2,4.65,2.226,5,4.65,2.226,0,0,70,HYP-LOOSE-CONN,ALM-K-WARN;ALM-K-ALM;ALM-TTL-14D
2026-07-28T02:15:00+00:00,2121,445.9,91,7.5,37.06,8.28,DSYA3_L2,4.78,2.226,4,4.78,2.226,0,0,70,HYP-LOOSE-CONN,ALM-K-WARN;ALM-K-ALM;ALM-TTL-14D
2026-07-28T02:30:00+00:00,2122,442.7,90.3,7.51,37.03,8.25,DSYA3_L2,4.53,2.226,4,4.53,2.226,0,0,70,HYP-LOOSE-CONN,ALM-K-WARN;ALM-K-ALM;ALM-TTL-14D
2026-07-28T02:45:00+00:00,2123,441.3,90,7.51,37,8.24,DSYA3_L2,4.61,2.226,4,4.61,2.226,0,0,70,HYP-LOOSE-CONN,ALM-K-WARN;ALM-K-ALM;ALM-TTL-14D
2026-07-28T03:00:00+00:00,2124,441.9,90.4,7.51,37,8.23,DSYA3_L2,4.05,2.226,4,4.05,2.226,0,0,70,HYP-LOOSE-CONN,ALM-K-WARN;ALM-K-ALM;ALM-TTL-14D
2026-07-28T03:15:00+00:00,2125,442.5,90.7,7.51,37,8.24,DSYA3_L2,4.34,2.226,3,4.34,2.226,0,0,70,HYP-LOOSE-CONN,ALM-K-WARN;ALM-K-ALM;ALM-TTL-14D
2026-07-28T03:30:00+00:00,2126,441.7,90.8,7.51,37.03,8.25,DSYA3_L2,4.26,2.226,3,4.26,2.226,0,0,70,HYP-LOOSE-CONN,ALM-K-WARN;ALM-K-ALM;ALM-TTL-14D
2026-07-28T03:45:00+00:00,2127,440.4,90.9,7.51,37.06,8.28,DSYA3_L2,4.2,2.226,3,4.2,2.226,0,0,70,HYP-LOOSE-CONN,ALM-K-WARN;ALM-K-ALM;ALM-TTL-14D
2026-07-28T04:00:00+00:00,2128,441.7,91.2,7.51,37.12,8.31,DSYA3_L2,4.23,2.226,3,4.23,2.226,0,0,70,HYP-LOOSE-CONN,ALM-K-WARN;ALM-K-ALM;ALM-TTL-14D
2026-07-28T04:15:00+00:00,2129,451.7,93.3,7.5,37.18,8.36,DSYA3_L2,4.44,2.226,2,4.44,2.226,0,0,70,HYP-LOOSE-CONN,ALM-K-WARN;ALM-K-ALM;ALM-TTL-14D
2026-07-28T04:30:00+00:00,2130,462.2,95.3,7.48,37.26,8.41,DSYA3_L2,4.66,2.226,2,4.66,2.226,0,0,70,HYP-LOOSE-CONN,ALM-K-WARN;ALM-K-ALM;ALM-TTL-14D
2026-07-28T04:45:00+00:00,2131,471.9,96.9,7.46,37.36,8.48,DSYA3_L2,4.96,2.226,2,4.96,2.226,0,0,70,HYP-LOOSE-CONN,ALM-K-WARN;ALM-K-ALM;ALM-TTL-14D
2026-07-28T05:00:00+00:00,2132,481.7,98.4,7.45,37.47,8.55,DSYA3_L2,5.25,2.226,2,5.25,2.226,0,0,70,HYP-LOOSE-CONN,ALM-K-WARN;ALM-K-ALM;ALM-TTL-14D
2026-07-28T05:15:00+00:00,2133,518.2,105.8,7.39,37.59,8.64,DSYA3_L2,5.11,2.226,2,5.11,2.226,0,0,70,HYP-LOOSE-CONN,ALM-K-WARN;ALM-K-ALM;ALM-TTL-14D
2026-07-28T05:30:00+00:00,2134,553.8,112.4,7.34,37.72,8.73,DSYA3_L2,5.98,2.226,1,5.98,2.226,0,0,70,HYP-LOOSE-CONN,ALM-K-WARN;ALM-K-ALM;ALM-TTL-14D
2026-07-28T05:45:00+00:00,2135,597.3,121,7.27,37.87,8.83,DSYA3_L2,6.8,2.226,1,6.8,2.226,0,0,70,HYP-LOOSE-CONN,ALM-K-WARN;ALM-K-ALM;ALM-TTL-14D
2026-07-28T06:00:00+00:00,2136,635.9,127.9,7.21,38.02,8.94,DSYA3_L2,7.66,2.227,1,7.66,2.227,0,0,70,HYP-LOOSE-CONN,ALM-K-WARN;ALM-K-ALM;ALM-TTL-14D
2026-07-28T06:15:00+00:00,2137,745,147.7,7.04,38.19,9.06,DSYA3_L2,8.69,2.227,1,8.69,2.227,0,0,70,HYP-LOOSE-CONN,ALM-K-WARN;ALM-K-ALM;ALM-TTL-14D
2026-07-28T06:30:00+00:00,2138,856.7,167.9,6.86,38.37,9.19,DSYA3_L2,11.45,2.227,1,11.45,2.227,0,0,70,HYP-LOOSE-CONN,ALM-K-WARN;ALM-K-ALM;ALM-TTL-14D
2026-07-28T06:45:00+00:00,2139,968.9,188.2,6.69,38.55,9.32,DSYA3_L2,15.38,2.228,2,15.38,2.228,0,0,70,HYP-LOOSE-CONN,ALM-K-WARN;ALM-K-ALM;ALM-TTL-14D
2026-07-28T07:00:00+00:00,2140,1076,206.3,6.52,38.75,9.46,DSYA3_L2,19.59,2.23,2,19.59,2.23,0,0,70,HYP-LOOSE-CONN,ALM-K-WARN;ALM-K-ALM;ALM-TTL-14D
2026-07-28T07:15:00+00:00,2141,1194,227.6,6.34,38.95,9.61,DSYA3_L2,24.68,2.232,176,24.68,2.232,0,0,90,HYP-LOOSE-CONN,ALM-THR-PHASE-DIF;ALM-K-WARN;ALM-K-ALM;ALM-TTL-14D
2026-07-28T07:30:00+00:00,2142,1297,246,6.18,39.16,9.77,DSYA3_L2,30.21,2.234,412,30.21,2.234,0,0,70,HYP-LOOSE-CONN,ALM-THR-PHASE-DIF;ALM-K-WARN;ALM-K-ALM
2026-07-28T07:45:00+00:00,2143,1417,266.2,5.99,39.37,9.93,DSYA3_L2,35.89,2.237,579,35.89,2.237,0,0,70,HYP-LOOSE-CONN,ALM-THR-PHASE-DIF;ALM-K-WARN;ALM-K-ALM
2026-07-28T08:00:00+00:00,2144,1522,282.2,5.83,39.59,10.09,DSYA3_L2,43.14,2.24,651,43.14,2.24,0,0,70,HYP-LOOSE-CONN,ALM-THR-PHASE-DIF;ALM-K-WARN;ALM-K-ALM
2026-07-28T08:15:00+00:00,2145,1561,287.2,5.77,39.81,10.26,DSYA3_L2,50.31,2.244,649,50.31,2.244,0,0,70,HYP-LOOSE-CONN,ALM-THR-TERM-WARN;ALM-THR-PHASE-DIF;ALM-K-WARN;ALM-K-ALM
2026-07-28T08:30:00+00:00,2146,1596,290.8,5.71,40.04,10.43,DSYA3_L2,54.03,2.247,579,54.03,2.247,0,0,70,HYP-LOOSE-CONN,ALM-THR-TERM-WARN;ALM-THR-PHASE-DIF;ALM-K-WARN;ALM-K-ALM
2026-07-28T08:45:00+00:00,2147,1634,297.2,5.65,40.27,10.61,DSYA3_L2,56.54,2.249,649,56.54,2.249,0,0,70,HYP-LOOSE-CONN,ALM-THR-TERM-WARN;ALM-THR-PHASE-DIF;ALM-K-WARN;ALM-K-ALM;ALM-PANEL-TEMP
2026-07-28T09:00:00+00:00,2148,1672,300.5,5.59,40.5,10.79,DSYA3_L2,59.63,2.253,578,59.63,2.253,0,0,70,HYP-LOOSE-CONN,ALM-THR-TERM-WARN;ALM-THR-PHASE-DIF;ALM-K-WARN;ALM-K-ALM;ALM-PANEL-TEMP
2026-07-28T09:15:00+00:00,2149,1666,300.2,5.6,40.73,10.97,DSYA3_L2,62.8,2.256,510,62.8,2.256,0,0,70,HYP-LOOSE-CONN,ALM-THR-TERM-WARN;ALM-THR-PHASE-DIF;ALM-K-WARN;ALM-K-ALM;ALM-PANEL-TEMP
2026-07-28T09:30:00+00:00,2150,1641,296.7,5.64,40.95,11.15,DSYA3_L2,63.44,2.26,481,63.44,2.26,0,0,70,HYP-LOOSE-CONN,ALM-THR-TERM-WARN;ALM-THR-PHASE-DIF;ALM-K-WARN;ALM-K-ALM;ALM-PANEL-TEMP
2026-07-28T09:45:00+00:00,2151,1627,296.2,5.66,41.18,11.33,DSYA3_L2,61.86,2.262,480,61.86,2.262,0,0,70,HYP-LOOSE-CONN,ALM-THR-TERM-WARN;ALM-THR-PHASE-DIF;ALM-K-WARN;ALM-K-ALM;ALM-PANEL-TEMP
2026-07-28T10:00:00+00:00,2152,1613,294.4,5.68,41.4,11.52,DSYA3_L2,60.75,2.265,409,60.75,2.265,0,0,70,HYP-LOOSE-CONN,ALM-THR-TERM-WARN;ALM-THR-PHASE-DIF;ALM-K-WARN;ALM-K-ALM;ALM-PANEL-TEMP
2026-07-28T10:15:00+00:00,2153,1629,299.9,5.66,41.62,11.7,DSYA3_L2,59.42,2.267,479,59.42,2.267,0,0,70,HYP-LOOSE-CONN,ALM-THR-TERM-WARN;ALM-THR-PHASE-DIF;ALM-K-WARN;ALM-K-ALM;ALM-PANEL-TEMP
2026-07-28T10:30:00+00:00,2154,1651,302,5.63,41.84,11.88,DSYA3_L2,60.13,2.269,413,60.13,2.269,0,0,70,HYP-LOOSE-CONN,ALM-THR-TERM-WARN;ALM-THR-PHASE-DIF;ALM-K-WARN;ALM-K-ALM;ALM-PANEL-TEMP
2026-07-28T10:45:00+00:00,2155,1653,301.2,5.62,42.05,12.05,DSYA3_L2,61.2,2.272,478,61.2,2.272,0,0,70,HYP-LOOSE-CONN,ALM-THR-TERM-WARN;ALM-THR-PHASE-DIF;ALM-K-WARN;ALM-K-ALM;ALM-PANEL-TEMP
2026-07-28T11:00:00+00:00,2156,1662,300.9,5.61,42.25,12.22,DSYA3_L2,61.86,2.274,408,61.86,2.274,0,0,70,HYP-LOOSE-CONN,ALM-THR-TERM-WARN;ALM-THR-PHASE-DIF;ALM-K-WARN;ALM-K-ALM;ALM-PANEL-TEMP
2026-07-28T11:15:00+00:00,2157,1659,299,5.61,42.44,12.39,DSYA3_L2,62.5,2.276,408,62.5,2.276,0,0,70,HYP-LOOSE-CONN,ALM-THR-TERM-WARN;ALM-THR-PHASE-DIF;ALM-K-WARN;ALM-K-ALM;ALM-PANEL-TEMP
2026-07-28T11:30:00+00:00,2158,1658,294.2,5.6,42.63,12.55,DSYA3_L2,62.97,2.278,407,62.97,2.278,0,0,70,HYP-LOOSE-CONN,ALM-THR-TERM-WARN;ALM-THR-PHASE-DIF;ALM-K-WARN;ALM-K-ALM;ALM-PANEL-TEMP
2026-07-28T11:45:00+00:00,2159,1649,294.2,5.62,42.81,12.7,DSYA3_L2,62.98,2.28,407,62.98,2.28,0,0,70,HYP-LOOSE-CONN,ALM-THR-TERM-WARN;ALM-THR-PHASE-DIF;ALM-K-WARN;ALM-K-ALM;ALM-PANEL-TEMP
2026-07-28T12:00:00+00:00,2160,1644,294.6,5.63,42.97,12.85,DSYA3_L2,63.21,2.283,381,63.21,2.283,0,0,70,HYP-LOOSE-CONN,ALM-THR-TERM-WARN;ALM-THR-PHASE-DIF;ALM-K-WARN;ALM-K-ALM;ALM-PANEL-TEMP
2026-07-28T12:15:00+00:00,2161,1615,289.7,5.67,43.13,12.99,DSYA3_L2,62.22,2.284,359,62.22,2.284,0,0,70,HYP-LOOSE-CONN,ALM-THR-TERM-WARN;ALM-THR-PHASE-DIF;ALM-K-WARN;ALM-K-ALM;ALM-PANEL-TEMP
2026-07-28T12:30:00+00:00,2162,1588,284.2,5.71,43.27,13.12,DSYA3_L2,60.94,2.286,335,60.94,2.286,0,0,90,HYP-LOOSE-CONN,ALM-THR-TERM-WARN;ALM-THR-PHASE-DIF;ALM-K-WARN;ALM-K-ALM;ALM-TTL-14D;ALM-PANEL-TEMP
2026-07-28T12:45:00+00:00,2163,1548,277.9,5.78,43.41,13.24,DSYA3_L2,58.87,2.287,334,58.87,2.287,0,0,90,HYP-LOOSE-CONN,ALM-THR-TERM-WARN;ALM-THR-PHASE-DIF;ALM-K-WARN;ALM-K-ALM;ALM-TTL-14D;ALM-PANEL-TEMP
2026-07-28T13:00:00+00:00,2164,1520,277.2,5.82,43.53,13.35,DSYA3_L2,56.47,2.287,310,56.47,2.287,0,0,90,HYP-LOOSE-CONN,ALM-THR-TERM-WARN;ALM-THR-PHASE-DIF;ALM-K-WARN;ALM-K-ALM;ALM-TTL-14D;ALM-PANEL-TEMP
2026-07-28T13:15:00+00:00,2165,1539,281.6,5.8,43.64,13.44,DSYA3_L2,53.66,2.287,334,53.66,2.287,0,0,90,HYP-LOOSE-CONN,ALM-THR-TERM-WARN;ALM-THR-PHASE-DIF;ALM-K-WARN;ALM-K-ALM;ALM-TTL-14D;ALM-PANEL-TEMP
2026-07-28T13:30:00+00:00,2166,1548,283,5.78,43.73,13.53,DSYA3_L2,54.32,2.289,338,54.32,2.289,0,0,70,HYP-LOOSE-CONN,ALM-THR-TERM-WARN;ALM-THR-PHASE-DIF;ALM-K-WARN;ALM-K-ALM;ALM-PANEL-TEMP
2026-07-28T13:45:00+00:00,2167,1543,281.7,5.79,43.81,13.6,DSYA3_L2,54.7,2.29,357,54.7,2.29,0,0,70,HYP-LOOSE-CONN,ALM-THR-TERM-WARN;ALM-THR-PHASE-DIF;ALM-K-WARN;ALM-K-ALM;ALM-PANEL-TEMP
2026-07-28T14:00:00+00:00,2168,1561,283.2,5.76,43.88,13.66,DSYA3_L2,54.79,2.292,357,54.79,2.292,0,0,70,HYP-LOOSE-CONN,ALM-THR-TERM-WARN;ALM-THR-PHASE-DIF;ALM-K-WARN;ALM-K-ALM;ALM-PANEL-TEMP
2026-07-28T14:15:00+00:00,2169,1574,284.7,5.74,43.93,13.71,DSYA3_L2,55.57,2.293,381,55.57,2.293,0,0,70,HYP-LOOSE-CONN,ALM-THR-TERM-WARN;ALM-THR-PHASE-DIF;ALM-K-WARN;ALM-K-ALM;ALM-PANEL-TEMP
2026-07-28T14:30:00+00:00,2170,1592,285.6,5.71,43.97,13.75,DSYA3_L2,56.99,2.295,381,56.99,2.295,0,0,70,HYP-LOOSE-CONN,ALM-THR-TERM-WARN;ALM-THR-PHASE-DIF;ALM-K-WARN;ALM-K-ALM;ALM-PANEL-TEMP
2026-07-28T14:45:00+00:00,2171,1601,289.3,5.7,43.99,13.77,DSYA3_L2,58.05,2.296,404,58.05,2.296,0,0,70,HYP-LOOSE-CONN,ALM-THR-TERM-WARN;ALM-THR-PHASE-DIF;ALM-K-WARN;ALM-K-ALM;ALM-PANEL-TEMP
2026-07-28T15:00:00+00:00,2172,1610,288.8,5.68,44,13.77,DSYA3_L2,58.75,2.298,408,58.75,2.298,0,0,70,HYP-LOOSE-CONN,ALM-THR-TERM-WARN;ALM-THR-PHASE-DIF;ALM-K-WARN;ALM-K-ALM;ALM-PANEL-TEMP
2026-07-28T15:15:00+00:00,2173,1623,290.7,5.66,43.99,13.77,DSYA3_L2,59.64,2.3,404,59.64,2.3,0,0,70,HYP-LOOSE-CONN,ALM-THR-TERM-WARN;ALM-THR-PHASE-DIF;ALM-K-WARN;ALM-K-ALM;ALM-PANEL-TEMP
2026-07-28T15:30:00+00:00,2174,1614,286.6,5.67,43.97,13.75,DSYA3_L2,60.33,2.301,408,60.33,2.301,0,0,70,HYP-LOOSE-CONN,ALM-THR-TERM-WARN;ALM-THR-PHASE-DIF;ALM-K-WARN;ALM-K-ALM;ALM-PANEL-TEMP
2026-07-28T15:45:00+00:00,2175,1618,288.6,5.67,43.93,13.71,DSYA3_L2,60.6,2.302,404,60.6,2.302,0,0,70,HYP-LOOSE-CONN,ALM-THR-TERM-WARN;ALM-THR-PHASE-DIF;ALM-K-WARN;ALM-K-ALM;ALM-PANEL-TEMP
2026-07-28T16:00:00+00:00,2176,1622,290.4,5.66,43.88,13.66,DSYA3_L2,61,2.304,401,61,2.304,0,0,70,HYP-LOOSE-CONN,ALM-THR-TERM-WARN;ALM-THR-PHASE-DIF;ALM-K-WARN;ALM-K-ALM;ALM-PANEL-TEMP
2026-07-28T16:15:00+00:00,2177,1610,286.9,5.68,43.81,13.6,DSYA3_L2,60.82,2.305,403,60.82,2.305,0,0,70,HYP-LOOSE-CONN,ALM-THR-TERM-WARN;ALM-THR-PHASE-DIF;ALM-K-WARN;ALM-K-ALM;ALM-PANEL-TEMP
2026-07-28T16:30:00+00:00,2178,1609,286.1,5.68,43.73,13.53,DSYA3_L2,60.48,2.306,403,60.48,2.306,0,0,70,HYP-LOOSE-CONN,ALM-THR-TERM-WARN;ALM-THR-PHASE-DIF;ALM-K-WARN;ALM-K-ALM;ALM-PANEL-TEMP
2026-07-28T16:45:00+00:00,2179,1599,285.5,5.7,43.64,13.44,DSYA3_L2,60.76,2.308,383,60.76,2.308,0,0,70,HYP-LOOSE-CONN,ALM-THR-TERM-WARN;ALM-THR-PHASE-DIF;ALM-K-WARN;ALM-K-ALM;ALM-PANEL-TEMP
2026-07-28T17:00:00+00:00,2180,1593,284.2,5.7,43.53,13.35,DSYA3_L2,59.85,2.309,378,59.85,2.309,0,0,70,HYP-LOOSE-CONN,ALM-THR-TERM-WARN;ALM-THR-PHASE-DIF;ALM-K-WARN;ALM-K-ALM;ALM-PANEL-TEMP
2026-07-28T17:15:00+00:00,2181,1573,279.4,5.73,43.41,13.24,DSYA3_L2,59.4,2.31,358,59.4,2.31,0,0,70,HYP-LOOSE-CONN,ALM-THR-TERM-WARN;ALM-THR-PHASE-DIF;ALM-K-WARN;ALM-K-ALM;ALM-PANEL-TEMP
2026-07-28T17:30:00+00:00,2182,1543,272.8,5.78,43.27,13.12,DSYA3_L2,58.22,2.311,354,58.22,2.311,0,0,70,HYP-LOOSE-CONN,ALM-THR-TERM-WARN;ALM-THR-PHASE-DIF;ALM-K-WARN;ALM-K-ALM;ALM-PANEL-TEMP
2026-07-28T17:45:00+00:00,2183,1520,268.2,5.81,43.13,12.99,DSYA3_L2,56.46,2.311,353,56.46,2.311,0,0,70,HYP-LOOSE-CONN,ALM-THR-TERM-WARN;ALM-THR-PHASE-DIF;ALM-K-WARN;ALM-K-ALM;ALM-PANEL-TEMP
2026-07-28T18:00:00+00:00,2184,1487,264.5,5.86,42.97,12.85,DSYA3_L2,54.32,2.311,329,54.32,2.311,0,0,90,HYP-LOOSE-CONN,ALM-THR-TERM-WARN;ALM-THR-PHASE-DIF;ALM-K-WARN;ALM-K-ALM;ALM-TTL-14D;ALM-PANEL-TEMP
2026-07-28T18:15:00+00:00,2185,1474,262.7,5.89,42.81,12.7,DSYA3_L2,52.64,2.311,329,52.64,2.311,0,0,90,HYP-LOOSE-CONN,ALM-THR-TERM-WARN;ALM-THR-PHASE-DIF;ALM-K-WARN;ALM-K-ALM;ALM-TTL-14D;ALM-PANEL-TEMP
2026-07-28T18:30:00+00:00,2186,1458,261,5.91,42.63,12.55,DSYA3_L2,51.6,2.312,329,51.6,2.312,0,0,90,HYP-LOOSE-CONN,ALM-THR-TERM-WARN;ALM-THR-PHASE-DIF;ALM-K-WARN;ALM-K-ALM;ALM-TTL-14D;ALM-PANEL-TEMP
2026-07-28T18:45:00+00:00,2187,1438,257.5,5.94,42.44,12.39,DSYA3_L2,50.23,2.312,309,50.23,2.312,0,0,90,HYP-LOOSE-CONN,ALM-THR-TERM-WARN;ALM-THR-PHASE-DIF;ALM-K-WARN;ALM-K-ALM;ALM-TTL-14D;ALM-PANEL-TEMP
2026-07-28T19:00:00+00:00,2188,1426,256.4,5.96,42.25,12.22,DSYA3_L2,49.14,2.312,302,49.14,2.312,0,0,90,HYP-LOOSE-CONN,ALM-THR-PHASE-DIF;ALM-K-WARN;ALM-K-ALM;ALM-TTL-14D;ALM-PANEL-TEMP
2026-07-28T19:15:00+00:00,2189,1439,259,5.94,42.05,12.05,DSYA3_L2,48.36,2.313,308,48.36,2.313,0,0,90,HYP-LOOSE-CONN,ALM-THR-PHASE-DIF;ALM-K-WARN;ALM-K-ALM;ALM-TTL-14D;ALM-PANEL-TEMP
2026-07-28T19:30:00+00:00,2190,1455,260.3,5.92,41.84,11.88,DSYA3_L2,48.69,2.314,328,48.69,2.314,0,0,90,HYP-LOOSE-CONN,ALM-THR-PHASE-DIF;ALM-K-WARN;ALM-K-ALM;ALM-TTL-14D;ALM-PANEL-TEMP
2026-07-28T19:45:00+00:00,2191,1460,261.5,5.91,41.62,11.7,DSYA3_L2,49.27,2.315,351,49.27,2.315,0,0,70,HYP-LOOSE-CONN,ALM-THR-PHASE-DIF;ALM-K-WARN;ALM-K-ALM;ALM-PANEL-TEMP
2026-07-28T20:00:00+00:00,2192,1464,262.4,5.9,41.4,11.52,DSYA3_L2,50.04,2.316,355,50.04,2.316,0,0,70,HYP-LOOSE-CONN,ALM-THR-TERM-WARN;ALM-THR-PHASE-DIF;ALM-K-WARN;ALM-K-ALM;ALM-PANEL-TEMP
2026-07-28T20:15:00+00:00,2193,1436,257.7,5.95,41.18,11.33,DSYA3_L2,50.07,2.317,351,50.07,2.317,0,0,70,HYP-LOOSE-CONN,ALM-THR-TERM-WARN;ALM-THR-PHASE-DIF;ALM-K-WARN;ALM-K-ALM;ALM-PANEL-TEMP
2026-07-28T20:30:00+00:00,2194,1410,253.9,5.99,40.95,11.15,DSYA3_L2,49.06,2.317,327,49.06,2.317,0,0,90,HYP-LOOSE-CONN,ALM-THR-PHASE-DIF;ALM-K-WARN;ALM-K-ALM;ALM-TTL-14D
2026-07-28T20:45:00+00:00,2195,1386,250.5,6.02,40.73,10.97,DSYA3_L2,47.52,2.317,303,47.52,2.317,0,0,90,HYP-LOOSE-CONN,ALM-THR-PHASE-DIF;ALM-K-WARN;ALM-K-ALM;ALM-TTL-14D
2026-07-28T21:00:00+00:00,2196,1360,247.9,6.07,40.5,10.79,DSYA3_L2,45.39,2.317,300,45.39,2.317,0,0,90,HYP-LOOSE-CONN,ALM-THR-PHASE-DIF;ALM-K-WARN;ALM-K-ALM;ALM-TTL-14D
2026-07-28T21:15:00+00:00,2197,1311,240.1,6.14,40.27,10.61,DSYA3_L2,43.99,2.317,230,43.99,2.317,0,0,90,HYP-LOOSE-CONN,ALM-THR-PHASE-DIF;ALM-K-WARN;ALM-K-ALM;ALM-TTL-14D
2026-07-28T21:30:00+00:00,2198,1269,232.9,6.21,40.04,10.43,DSYA3_L2,41.33,2.317,182,41.33,2.317,0,0,90,HYP-LOOSE-CONN,ALM-THR-PHASE-DIF;ALM-K-WARN;ALM-K-ALM;ALM-TTL-14D
2026-07-28T21:45:00+00:00,2199,1212,223.1,6.3,39.81,10.26,DSYA3_L2,38.81,2.317,133,38.81,2.317,0,0,90,HYP-LOOSE-CONN,ALM-THR-PHASE-DIF;ALM-K-WARN;ALM-K-ALM;ALM-TTL-14D
2026-07-28T22:00:00+00:00,2200,1160,214.6,6.38,39.59,10.09,DSYA3_L2,35.69,2.317,59,35.69,2.317,0,0,90,HYP-LOOSE-CONN,ALM-THR-PHASE-DIF;ALM-K-WARN;ALM-K-ALM;ALM-TTL-14D
2026-07-28T22:15:00+00:00,2201,1081,201.6,6.5,39.37,9.93,DSYA3_L2,32.7,2.317,11,32.7,2.317,0,0,90,HYP-LOOSE-CONN,ALM-THR-PHASE-DIF;ALM-K-WARN;ALM-K-ALM;ALM-TTL-14D
2026-07-28T22:30:00+00:00,2202,997.4,187.4,6.63,39.16,9.77,DSYA3_L2,28.69,2.316,10,28.69,2.316,0,0,90,HYP-LOOSE-CONN,ALM-THR-PHASE-DIF;ALM-K-WARN;ALM-K-ALM;ALM-TTL-14D
2026-07-28T22:45:00+00:00,2203,917,174.1,6.76,38.95,9.61,DSYA3_L2,24.87,2.316,9,24.87,2.316,0,0,70,HYP-LOOSE-CONN,ALM-K-WARN;ALM-K-ALM;ALM-TTL-14D
2026-07-28T23:00:00+00:00,2204,838.6,162.4,6.89,38.75,9.46,DSYA3_L2,21.05,2.316,9,21.05,2.316,0,0,70,HYP-LOOSE-CONN,ALM-K-WARN;ALM-K-ALM;ALM-TTL-14D
2026-07-28T23:15:00+00:00,2205,757.4,148.9,7.02,38.55,9.32,DSYA3_L2,17.65,2.316,8,17.65,2.316,0,0,70,HYP-LOOSE-CONN,ALM-K-WARN;ALM-K-ALM;ALM-TTL-14D
2026-07-28T23:30:00+00:00,2206,680.1,134.3,7.14,38.37,9.19,DSYA3_L2,13.94,2.315,8,13.94,2.315,0,0,70,HYP-LOOSE-CONN,ALM-K-WARN;ALM-K-ALM;ALM-TTL-14D
2026-07-28T23:45:00+00:00,2207,603.4,119.9,7.26,38.19,9.06,DSYA3_L2,11.96,2.315,7,11.96,2.315,0,0,70,HYP-LOOSE-CONN,ALM-K-WARN;ALM-K-ALM;ALM-TTL-14D
2026-07-29T00:00:00+00:00,2208,526.9,105.7,7.38,38.01,8.94,DSYA3_L2,9.59,2.315,7,9.59,2.315,0,0,70,HYP-LOOSE-CONN,ALM-K-WARN;ALM-K-ALM;ALM-TTL-14D
2026-07-29T00:15:00+00:00,2209,512,103.4,7.4,37.86,8.83,DSYA3_L2,7.12,2.315,7,7.12,2.315,0,0,70,HYP-LOOSE-CONN,ALM-K-WARN;ALM-K-ALM;ALM-TTL-14D
2026-07-29T00:30:00+00:00,2210,499.9,100.9,7.42,37.71,8.72,DSYA3_L2,6.31,2.315,6,6.31,2.315,0,0,70,HYP-LOOSE-CONN,ALM-K-WARN;ALM-K-ALM;ALM-TTL-14D
2026-07-29T00:45:00+00:00,2211,489,98.6,7.44,37.58,8.63,DSYA3_L2,6.03,2.315,6,6.03,2.315,0,0,70,HYP-LOOSE-CONN,ALM-K-WARN;ALM-K-ALM;ALM-TTL-14D
2026-07-29T01:00:00+00:00,2212,481.1,96.9,7.45,37.46,8.55,DSYA3_L2,5.29,2.315,6,5.29,2.315,0,0,70,HYP-LOOSE-CONN,ALM-K-WARN;ALM-K-ALM;ALM-TTL-14D
2026-07-29T01:15:00+00:00,2213,473.2,94.8,7.46,37.35,8.47,DSYA3_L2,5.78,2.315,5,5.78,2.315,0,0,70,HYP-LOOSE-CONN,ALM-K-WARN;ALM-K-ALM;ALM-TTL-14D
2026-07-29T01:30:00+00:00,2214,464.4,93,7.47,37.26,8.41,DSYA3_L2,5.4,2.315,5,5.4,2.315,0,0,70,HYP-LOOSE-CONN,ALM-K-WARN;ALM-K-ALM;ALM-TTL-14D
2026-07-29T01:45:00+00:00,2215,452.9,90.3,7.49,37.18,8.35,DSYA3_L2,5.41,2.315,5,5.41,2.315,0,0,70,HYP-LOOSE-CONN,ALM-K-WARN;ALM-K-ALM;ALM-TTL-14D
2026-07-29T02:00:00+00:00,2216,442.5,87.5,7.5,37.11,8.31,DSYA3_L2,4.72,2.315,5,4.72,2.315,0,0,70,HYP-LOOSE-CONN,ALM-K-WARN;ALM-K-ALM;ALM-TTL-14D
2026-07-29T02:15:00+00:00,2217,437,86.2,7.51,37.06,8.27,DSYA3_L2,4.9,2.315,4,4.9,2.315,0,0,70,HYP-LOOSE-CONN,ALM-K-WARN;ALM-K-ALM;ALM-TTL-14D
2026-07-29T02:30:00+00:00,2218,436,86,7.51,37.02,8.25,DSYA3_L2,4.67,2.315,4,4.67,2.315,0,0,70,HYP-LOOSE-CONN,ALM-K-WARN;ALM-K-ALM;ALM-TTL-14D
2026-07-29T02:45:00+00:00,2219,434,85.5,7.52,37,8.23,DSYA3_L2,4.49,2.315,4,4.49,2.315,0,0,70,HYP-LOOSE-CONN,ALM-K-WARN;ALM-K-ALM;ALM-TTL-14D
2026-07-29T03:00:00+00:00,2220,431.3,85.3,7.52,36.99,8.23,DSYA3_L2,4.43,2.315,4,4.43,2.315,0,0,70,HYP-LOOSE-CONN,ALM-K-WARN;ALM-K-ALM;ALM-TTL-14D
2026-07-29T03:15:00+00:00,2221,431.2,85.1,7.52,37,8.23,DSYA3_L2,4.14,2.315,3,4.14,2.315,0,0,70,HYP-LOOSE-CONN,ALM-K-WARN;ALM-K-ALM;ALM-TTL-14D
2026-07-29T03:30:00+00:00,2222,432.3,85.3,7.52,37.02,8.25,DSYA3_L2,4.24,2.315,3,4.24,2.315,0,0,70,HYP-LOOSE-CONN,ALM-K-WARN;ALM-K-ALM;ALM-TTL-14D
2026-07-29T03:45:00+00:00,2223,432.9,85.2,7.52,37.06,8.27,DSYA3_L2,4.43,2.315,3,4.43,2.315,0,0,70,HYP-LOOSE-CONN,ALM-K-WARN;ALM-K-ALM;ALM-TTL-14D
2026-07-29T04:00:00+00:00,2224,430.2,84.2,7.52,37.11,8.31,DSYA3_L2,4.37,2.315,3,4.37,2.315,0,0,70,HYP-LOOSE-CONN,ALM-K-WARN;ALM-K-ALM;ALM-TTL-14D
2026-07-29T04:15:00+00:00,2225,438,85.4,7.51,37.18,8.35,DSYA3_L2,4.71,2.315,2,4.71,2.315,0,0,70,HYP-LOOSE-CONN,ALM-K-WARN;ALM-K-ALM;ALM-TTL-14D
2026-07-29T04:30:00+00:00,2226,445.6,86.7,7.5,37.26,8.41,DSYA3_L2,4.8,2.315,2,4.8,2.315,0,0,70,HYP-LOOSE-CONN,ALM-K-WARN;ALM-K-ALM;ALM-TTL-14D
2026-07-29T04:45:00+00:00,2227,453.5,87.9,7.48,37.35,8.47,DSYA3_L2,4.81,2.315,2,4.81,2.315,0,0,70,HYP-LOOSE-CONN,ALM-K-WARN;ALM-K-ALM;ALM-TTL-14D
2026-07-29T05:00:00+00:00,2228,462.7,90,7.47,37.46,8.55,DSYA3_L2,4.86,2.315,2,4.86,2.315,0,0,70,HYP-LOOSE-CONN,ALM-K-WARN;ALM-K-ALM;ALM-TTL-14D
2026-07-29T05:15:00+00:00,2229,495,95.7,7.42,37.58,8.63,DSYA3_L2,5.38,2.316,2,5.38,2.316,0,0,70,HYP-LOOSE-CONN,ALM-K-WARN;ALM-K-ALM;ALM-TTL-14D
2026-07-29T05:30:00+00:00,2230,529.6,101.5,7.36,37.71,8.72,DSYA3_L2,5.82,2.316,1,5.82,2.316,0,0,70,HYP-LOOSE-CONN,ALM-K-WARN;ALM-K-ALM;ALM-TTL-14D
2026-07-29T05:45:00+00:00,2231,563,107.7,7.31,37.86,8.83,DSYA3_L2,6.28,2.316,1,6.28,2.316,0,0,70,HYP-LOOSE-CONN,ALM-K-WARN;ALM-K-ALM;ALM-TTL-14D
2026-07-29T06:00:00+00:00,2232,597.4,114.1,7.26,38.01,8.94,DSYA3_L2,7.43,2.316,1,7.43,2.316,0,0,70,HYP-LOOSE-CONN,ALM-K-WARN;ALM-K-ALM;ALM-TTL-14D
2026-07-29T06:15:00+00:00,2233,702.4,133.3,7.09,38.18,9.06,DSYA3_L2,8.47,2.316,1,8.47,2.316,0,0,70,HYP-LOOSE-CONN,ALM-K-WARN;ALM-K-ALM;ALM-TTL-14D
2026-07-29T06:30:00+00:00,2234,803.5,150.9,6.93,38.36,9.18,DSYA3_L2,11.05,2.316,1,11.05,2.316,0,0,70,HYP-LOOSE-CONN,ALM-K-WARN;ALM-K-ALM;ALM-TTL-14D
2026-07-29T06:45:00+00:00,2235,910.9,169.9,6.77,38.55,9.32,DSYA3_L2,14.59,2.317,2,14.59,2.317,0,0,70,HYP-LOOSE-CONN,ALM-K-WARN;ALM-K-ALM;ALM-TTL-14D
2026-07-29T07:00:00+00:00,2236,1012,186.1,6.6,38.74,9.46,DSYA3_L2,19.09,2.318,2,19.09,2.318,0,0,70,HYP-LOOSE-CONN,ALM-K-WARN;ALM-K-ALM;ALM-TTL-14D
2026-07-29T07:15:00+00:00,2237,1114,202.9,6.44,38.94,9.61,DSYA3_L2,23.53,2.319,196,23.53,2.319,0,0,90,HYP-LOOSE-CONN,ALM-THR-PHASE-DIF;ALM-K-WARN;ALM-K-ALM;ALM-TTL-14D
2026-07-29T07:30:00+00:00,2238,1225,220.9,6.27,39.15,9.76,DSYA3_L2,28.79,2.321,532,28.79,2.321,0,0,70,HYP-LOOSE-CONN,ALM-THR-PHASE-DIF;ALM-K-WARN;ALM-K-ALM
2026-07-29T07:45:00+00:00,2239,1330,236.5,6.1,39.36,9.92,DSYA3_L2,34.28,2.322,795,34.28,2.322,0,0,70,HYP-LOOSE-CONN,ALM-THR-PHASE-DIF;ALM-K-WARN;ALM-K-ALM
2026-07-29T08:00:00+00:00,2240,1443,252.7,5.93,39.58,10.08,DSYA3_L2,40.95,2.325,961,40.95,2.325,0,0,70,HYP-LOOSE-CONN,ALM-THR-PHASE-DIF;ALM-K-WARN;ALM-K-ALM
2026-07-29T08:15:00+00:00,2241,1477,255.8,5.87,39.81,10.25,DSYA3_L2,48.37,2.327,843,48.37,2.327,0,0,70,HYP-LOOSE-CONN,ALM-THR-PHASE-DIF;ALM-K-WARN;ALM-K-ALM
2026-07-29T08:30:00+00:00,2242,1524,265.2,5.8,40.03,10.43,DSYA3_L2,51.91,2.329,843,51.91,2.329,0,0,70,HYP-LOOSE-CONN,ALM-THR-TERM-WARN;ALM-THR-PHASE-DIF;ALM-K-WARN;ALM-K-ALM
2026-07-29T08:45:00+00:00,2243,1557,271.4,5.75,40.26,10.6,DSYA3_L2,55.41,2.332,818,55.41,2.332,0,0,70,HYP-LOOSE-CONN,ALM-THR-TERM-WARN;ALM-THR-PHASE-DIF;ALM-K-WARN;ALM-K-ALM
2026-07-29T09:00:00+00:00,2244,1594,277,5.69,40.49,10.78,DSYA3_L2,57.62,2.334,798,57.62,2.334,0,0,70,HYP-LOOSE-CONN,ALM-THR-TERM-WARN;ALM-THR-PHASE-DIF;ALM-K-WARN;ALM-K-ALM;ALM-PANEL-TEMP
2026-07-29T09:15:00+00:00,2245,1577,275,5.72,40.72,10.96,DSYA3_L2,60.74,2.337,702,60.74,2.337,0,0,70,HYP-LOOSE-CONN,ALM-THR-TERM-WARN;ALM-THR-PHASE-DIF;ALM-K-WARN;ALM-K-ALM;ALM-PANEL-TEMP
2026-07-29T09:30:00+00:00,2246,1570,276.9,5.74,40.95,11.15,DSYA3_L2,60.2,2.339,650,60.2,2.339,0,0,70,HYP-LOOSE-CONN,ALM-THR-TERM-WARN;ALM-THR-PHASE-DIF;ALM-K-WARN;ALM-K-ALM;ALM-PANEL-TEMP
2026-07-29T09:45:00+00:00,2247,1557,273.8,5.75,41.17,11.33,DSYA3_L2,59.38,2.341,625,59.38,2.341,0,0,70,HYP-LOOSE-CONN,ALM-THR-TERM-WARN;ALM-THR-PHASE-DIF;ALM-K-WARN;ALM-K-ALM;ALM-PANEL-TEMP
2026-07-29T10:00:00+00:00,2248,1554,271.9,5.76,41.4,11.51,DSYA3_L2,58.63,2.343,623,58.63,2.343,0,0,70,HYP-LOOSE-CONN,ALM-THR-TERM-WARN;ALM-THR-PHASE-DIF;ALM-K-WARN;ALM-K-ALM;ALM-PANEL-TEMP
2026-07-29T10:15:00+00:00,2249,1559,272.9,5.75,41.62,11.69,DSYA3_L2,58.53,2.345,623,58.53,2.345,0,0,70,HYP-LOOSE-CONN,ALM-THR-TERM-WARN;ALM-THR-PHASE-DIF;ALM-K-WARN;ALM-K-ALM;ALM-PANEL-TEMP
2026-07-29T10:30:00+00:00,2250,1582,276.7,5.71,41.83,11.87,DSYA3_L2,59.04,2.347,553,59.04,2.347,0,0,70,HYP-LOOSE-CONN,ALM-THR-TERM-WARN;ALM-THR-PHASE-DIF;ALM-K-WARN;ALM-K-ALM;ALM-PANEL-TEMP
2026-07-29T10:45:00+00:00,2251,1587,279.4,5.71,42.04,12.04,DSYA3_L2,59.65,2.348,622,59.65,2.348,0,0,70,HYP-LOOSE-CONN,ALM-THR-TERM-WARN;ALM-THR-PHASE-DIF;ALM-K-WARN;ALM-K-ALM;ALM-PANEL-TEMP
2026-07-29T11:00:00+00:00,2252,1595,278.5,5.69,42.24,12.22,DSYA3_L2,60.36,2.35,552,60.36,2.35,0,0,70,HYP-LOOSE-CONN,ALM-THR-TERM-WARN;ALM-THR-PHASE-DIF;ALM-K-WARN;ALM-K-ALM;ALM-PANEL-TEMP
2026-07-29T11:15:00+00:00,2253,1587,278.6,5.71,42.43,12.38,DSYA3_L2,61.48,2.353,528,61.48,2.353,0,0,70,HYP-LOOSE-CONN,ALM-THR-TERM-WARN;ALM-THR-PHASE-DIF;ALM-K-WARN;ALM-K-ALM;ALM-PANEL-TEMP
2026-07-29T11:30:00+00:00,2254,1584,277,5.71,42.62,12.54,DSYA3_L2,60.92,2.354,528,60.92,2.354,0,0,70,HYP-LOOSE-CONN,ALM-THR-TERM-WARN;ALM-THR-PHASE-DIF;ALM-K-WARN;ALM-K-ALM;ALM-PANEL-TEMP
2026-07-29T11:45:00+00:00,2255,1582,276.2,5.71,42.8,12.7,DSYA3_L2,60.71,2.356,504,60.71,2.356,0,0,70,HYP-LOOSE-CONN,ALM-THR-TERM-WARN;ALM-THR-PHASE-DIF;ALM-K-WARN;ALM-K-ALM;ALM-PANEL-TEMP
2026-07-29T12:00:00+00:00,2256,1587,274,5.7,42.97,12.84,DSYA3_L2,60.42,2.357,501,60.42,2.357,0,0,70,HYP-LOOSE-CONN,ALM-THR-TERM-WARN;ALM-THR-PHASE-DIF;ALM-K-WARN;ALM-K-ALM;ALM-PANEL-TEMP
2026-07-29T12:15:00+00:00,2257,1559,270.6,5.74,43.12,12.98,DSYA3_L2,61.27,2.359,455,61.27,2.359,0,0,70,HYP-LOOSE-CONN,ALM-THR-TERM-WARN;ALM-THR-PHASE-DIF;ALM-K-WARN;ALM-K-ALM;ALM-PANEL-TEMP
2026-07-29T12:30:00+00:00,2258,1543,268.2,5.77,43.27,13.11,DSYA3_L2,59.89,2.361,453,59.89,2.361,0,0,70,HYP-LOOSE-CONN,ALM-THR-TERM-WARN;ALM-THR-PHASE-DIF;ALM-K-WARN;ALM-K-ALM;ALM-PANEL-TEMP
2026-07-29T12:45:00+00:00,2259,1535,269.4,5.79,43.4,13.23,DSYA3_L2,58.07,2.361,453,58.07,2.361,0,0,70,HYP-LOOSE-CONN,ALM-THR-TERM-WARN;ALM-THR-PHASE-DIF;ALM-K-WARN;ALM-K-ALM;ALM-PANEL-TEMP
2026-07-29T13:00:00+00:00,2260,1500,264.3,5.84,43.52,13.34,DSYA3_L2,57.94,2.363,380,57.94,2.363,0,0,70,HYP-LOOSE-CONN,ALM-THR-TERM-WARN;ALM-THR-PHASE-DIF;ALM-K-WARN;ALM-K-ALM;ALM-PANEL-TEMP
2026-07-29T13:15:00+00:00,2261,1511,265.1,5.82,43.63,13.44,DSYA3_L2,55.3,2.364,386,55.3,2.364,0,0,70,HYP-LOOSE-CONN,ALM-THR-TERM-WARN;ALM-THR-PHASE-DIF;ALM-K-WARN;ALM-K-ALM;ALM-PANEL-TEMP
2026-07-29T13:30:00+00:00,2262,1514,266.7,5.82,43.72,13.52,DSYA3_L2,55.12,2.365,452,55.12,2.365,0,0,70,HYP-LOOSE-CONN,ALM-THR-TERM-WARN;ALM-THR-PHASE-DIF;ALM-K-WARN;ALM-K-ALM;ALM-PANEL-TEMP
2026-07-29T13:45:00+00:00,2263,1520,266.7,5.81,43.8,13.6,DSYA3_L2,55.55,2.366,452,55.55,2.366,0,0,70,HYP-LOOSE-CONN,ALM-THR-TERM-WARN;ALM-THR-PHASE-DIF;ALM-K-WARN;ALM-K-ALM;ALM-PANEL-TEMP
2026-07-29T14:00:00+00:00,2264,1523,265,5.8,43.87,13.66,DSYA3_L2,55.95,2.368,451,55.95,2.368,0,0,70,HYP-LOOSE-CONN,ALM-THR-TERM-WARN;ALM-THR-PHASE-DIF;ALM-K-WARN;ALM-K-ALM;ALM-PANEL-TEMP
2026-07-29T14:15:00+00:00,2265,1541,267.7,5.77,43.92,13.71,DSYA3_L2,56.71,2.369,451,56.71,2.369,0,0,70,HYP-LOOSE-CONN,ALM-THR-TERM-WARN;ALM-THR-PHASE-DIF;ALM-K-WARN;ALM-K-ALM;ALM-PANEL-TEMP
2026-07-29T14:30:00+00:00,2266,1564,271,5.74,43.96,13.74,DSYA3_L2,57.94,2.371,453,57.94,2.371,0,0,70,HYP-LOOSE-CONN,ALM-THR-TERM-WARN;ALM-THR-PHASE-DIF;ALM-K-WARN;ALM-K-ALM;ALM-PANEL-TEMP
2026-07-29T14:45:00+00:00,2267,1581,273,5.71,43.98,13.76,DSYA3_L2,59.01,2.372,476,59.01,2.372,0,0,70,HYP-LOOSE-CONN,ALM-THR-TERM-WARN;ALM-THR-PHASE-DIF;ALM-K-WARN;ALM-K-ALM;ALM-PANEL-TEMP
2026-07-29T15:00:00+00:00,2268,1615,279.9,5.66,43.99,13.77,DSYA3_L2,60.92,2.374,456,60.92,2.374,0,0,70,HYP-LOOSE-CONN,ALM-THR-TERM-WARN;ALM-THR-PHASE-DIF;ALM-K-WARN;ALM-K-ALM;ALM-PANEL-TEMP
2026-07-29T15:15:00+00:00,2269,1615,280.2,5.66,43.98,13.76,DSYA3_L2,62.91,2.376,452,62.91,2.376,0,0,70,HYP-LOOSE-CONN,ALM-THR-TERM-WARN;ALM-THR-PHASE-DIF;ALM-K-WARN;ALM-K-ALM;ALM-PANEL-TEMP
2026-07-29T15:30:00+00:00,2270,1611,280.1,5.67,43.96,13.74,DSYA3_L2,63.32,2.377,452,63.32,2.377,0,0,70,HYP-LOOSE-CONN,ALM-THR-TERM-WARN;ALM-THR-PHASE-DIF;ALM-K-WARN;ALM-K-ALM;ALM-PANEL-TEMP
2026-07-29T15:45:00+00:00,2271,1611,281.9,5.67,43.92,13.71,DSYA3_L2,63.5,2.379,451,63.5,2.379,0,0,70,HYP-LOOSE-CONN,ALM-THR-TERM-WARN;ALM-THR-PHASE-DIF;ALM-K-WARN;ALM-K-ALM;ALM-PANEL-TEMP
2026-07-29T16:00:00+00:00,2272,1602,282.4,5.69,43.87,13.66,DSYA3_L2,63.16,2.38,449,63.16,2.38,0,0,70,HYP-LOOSE-CONN,ALM-THR-TERM-WARN;ALM-THR-PHASE-DIF;ALM-K-WARN;ALM-K-ALM;ALM-PANEL-TEMP
2026-07-29T16:15:00+00:00,2273,1587,280.3,5.71,43.8,13.6,DSYA3_L2,62.48,2.382,449,62.48,2.382,0,0,70,HYP-LOOSE-CONN,ALM-THR-TERM-WARN;ALM-THR-PHASE-DIF;ALM-K-WARN;ALM-K-ALM;ALM-PANEL-TEMP
2026-07-29T16:30:00+00:00,2274,1585,279.6,5.71,43.72,13.52,DSYA3_L2,61.22,2.382,450,61.22,2.382,0,0,70,HYP-LOOSE-CONN,ALM-THR-TERM-WARN;ALM-THR-PHASE-DIF;ALM-K-WARN;ALM-K-ALM;ALM-PANEL-TEMP
2026-07-29T16:45:00+00:00,2275,1575,278.7,5.73,43.63,13.44,DSYA3_L2,60.92,2.384,450,60.92,2.384,0,0,70,HYP-LOOSE-CONN,ALM-THR-TERM-WARN;ALM-THR-PHASE-DIF;ALM-K-WARN;ALM-K-ALM;ALM-PANEL-TEMP
2026-07-29T17:00:00+00:00,2276,1562,281,5.76,43.52,13.34,DSYA3_L2,60.75,2.385,448,60.75,2.385,0,0,70,HYP-LOOSE-CONN,ALM-THR-TERM-WARN;ALM-THR-PHASE-DIF;ALM-K-WARN;ALM-K-ALM;ALM-PANEL-TEMP
2026-07-29T17:15:00+00:00,2277,1530,277.6,5.81,43.4,13.23,DSYA3_L2,59.12,2.386,448,59.12,2.386,0,0,70,HYP-LOOSE-CONN,ALM-THR-TERM-WARN;ALM-THR-PHASE-DIF;ALM-K-WARN;ALM-K-ALM;ALM-PANEL-TEMP
2026-07-29T17:30:00+00:00,2278,1510,273.8,5.84,43.27,13.11,DSYA3_L2,57.05,2.386,378,57.05,2.386,0,0,70,HYP-LOOSE-CONN,ALM-THR-TERM-WARN;ALM-THR-PHASE-DIF;ALM-K-WARN;ALM-K-ALM;ALM-PANEL-TEMP
2026-07-29T17:45:00+00:00,2279,1489,270.8,5.87,43.12,12.98,DSYA3_L2,55.4,2.387,377,55.4,2.387,0,0,70,HYP-LOOSE-CONN,ALM-THR-TERM-WARN;ALM-THR-PHASE-DIF;ALM-K-WARN;ALM-K-ALM;ALM-PANEL-TEMP
2026-07-29T18:00:00+00:00,2280,1478,269.3,5.89,42.97,12.84,DSYA3_L2,53.97,2.388,351,53.97,2.388,0,0,70,HYP-LOOSE-CONN,ALM-THR-TERM-WARN;ALM-THR-PHASE-DIF;ALM-K-WARN;ALM-K-ALM;ALM-PANEL-TEMP
2026-07-29T18:15:00+00:00,2281,1462,266.8,5.91,42.8,12.7,DSYA3_L2,52.6,2.388,333,52.6,2.388,0,0,90,HYP-LOOSE-CONN,ALM-THR-TERM-WARN;ALM-THR-PHASE-DIF;ALM-K-WARN;ALM-K-ALM;ALM-TTL-14D;ALM-PANEL-TEMP
2026-07-29T18:30:00+00:00,2282,1447,265.2,5.94,42.62,12.54,DSYA3_L2,51.81,2.389,329,51.81,2.389,0,0,90,HYP-LOOSE-CONN,ALM-THR-TERM-WARN;ALM-THR-PHASE-DIF;ALM-K-WARN;ALM-K-ALM;ALM-TTL-14D;ALM-PANEL-TEMP
2026-07-29T18:45:00+00:00,2283,1422,261.8,5.98,42.43,12.38,DSYA3_L2,50.73,2.389,328,50.73,2.389,0,0,90,HYP-LOOSE-CONN,ALM-THR-TERM-WARN;ALM-THR-PHASE-DIF;ALM-K-WARN;ALM-K-ALM;ALM-TTL-14D;ALM-PANEL-TEMP
2026-07-29T19:00:00+00:00,2284,1416,260.8,5.99,42.24,12.22,DSYA3_L2,49.66,2.39,284,49.66,2.39,0,0,90,HYP-LOOSE-CONN,ALM-THR-PHASE-DIF;ALM-K-WARN;ALM-K-ALM;ALM-TTL-14D;ALM-PANEL-TEMP
2026-07-29T19:15:00+00:00,2285,1426,263.6,5.97,42.04,12.04,DSYA3_L2,48.16,2.39,328,48.16,2.39,0,0,90,HYP-LOOSE-CONN,ALM-THR-PHASE-DIF;ALM-K-WARN;ALM-K-ALM;ALM-TTL-14D;ALM-PANEL-TEMP
2026-07-29T19:30:00+00:00,2286,1436,265.8,5.96,41.83,11.87,DSYA3_L2,48.54,2.391,332,48.54,2.391,0,0,90,HYP-LOOSE-CONN,ALM-THR-PHASE-DIF;ALM-K-WARN;ALM-K-ALM;ALM-TTL-14D;ALM-PANEL-TEMP
2026-07-29T19:45:00+00:00,2287,1446,265.3,5.94,41.62,11.69,DSYA3_L2,48.9,2.392,356,48.9,2.392,0,0,70,HYP-LOOSE-CONN,ALM-THR-PHASE-DIF;ALM-K-WARN;ALM-K-ALM;ALM-PANEL-TEMP
2026-07-29T20:00:00+00:00,2288,1468,269.7,5.91,41.4,11.51,DSYA3_L2,49.93,2.393,375,49.93,2.393,0,0,70,HYP-LOOSE-CONN,ALM-THR-PHASE-DIF;ALM-K-WARN;ALM-K-ALM;ALM-PANEL-TEMP
2026-07-29T20:15:00+00:00,2289,1442,267.2,5.95,41.17,11.33,DSYA3_L2,51,2.394,351,51,2.394,0,0,70,HYP-LOOSE-CONN,ALM-THR-TERM-WARN;ALM-THR-PHASE-DIF;ALM-K-WARN;ALM-K-ALM;ALM-PANEL-TEMP
2026-07-29T20:30:00+00:00,2290,1413,260.9,5.99,40.95,11.15,DSYA3_L2,50.26,2.395,327,50.26,2.395,0,0,90,HYP-LOOSE-CONN,ALM-THR-TERM-WARN;ALM-THR-PHASE-DIF;ALM-K-WARN;ALM-K-ALM;ALM-TTL-14D
2026-07-29T20:45:00+00:00,2291,1395,259.5,6.02,40.72,10.96,DSYA3_L2,48.56,2.395,303,48.56,2.395,0,0,90,HYP-LOOSE-CONN,ALM-THR-PHASE-DIF;ALM-K-WARN;ALM-K-ALM;ALM-TTL-14D
2026-07-29T21:00:00+00:00,2292,1379,257.1,6.05,40.49,10.78,DSYA3_L2,46.88,2.395,278,46.88,2.395,0,0,90,HYP-LOOSE-CONN,ALM-THR-PHASE-DIF;ALM-K-WARN;ALM-K-ALM;ALM-TTL-14D
2026-07-29T21:15:00+00:00,2293,1330,250,6.13,40.26,10.6,DSYA3_L2,46.19,2.396,276,46.19,2.396,0,0,90,HYP-LOOSE-CONN,ALM-THR-PHASE-DIF;ALM-K-WARN;ALM-K-ALM;ALM-TTL-14D
2026-07-29T21:30:00+00:00,2294,1285,243,6.2,40.03,10.43,DSYA3_L2,43.36,2.396,162,43.36,2.396,0,0,90,HYP-LOOSE-CONN,ALM-THR-PHASE-DIF;ALM-K-WARN;ALM-K-ALM;ALM-TTL-14D
2026-07-29T21:45:00+00:00,2295,1233,231.6,6.27,39.81,10.25,DSYA3_L2,40.52,2.396,109,40.52,2.396,0,0,90,HYP-LOOSE-CONN,ALM-THR-PHASE-DIF;ALM-K-WARN;ALM-K-ALM;ALM-TTL-14D
2026-07-29T22:00:00+00:00,2296,1180,221.7,6.35,39.58,10.08,DSYA3_L2,37.63,2.396,37,37.63,2.396,0,0,90,HYP-LOOSE-CONN,ALM-THR-PHASE-DIF;ALM-K-WARN;ALM-K-ALM;ALM-TTL-14D
2026-07-29T22:15:00+00:00,2297,1097,207.1,6.48,39.36,9.92,DSYA3_L2,34.75,2.396,11,34.75,2.396,0,0,90,HYP-LOOSE-CONN,ALM-THR-PHASE-DIF;ALM-K-WARN;ALM-K-ALM;ALM-TTL-14D
2026-07-29T22:30:00+00:00,2298,1015,192.9,6.61,39.15,9.76,DSYA3_L2,30.32,2.395,10,30.32,2.395,0,0,90,HYP-LOOSE-CONN,ALM-THR-PHASE-DIF;ALM-K-WARN;ALM-K-ALM;ALM-TTL-14D
2026-07-29T22:45:00+00:00,2299,932,179.2,6.74,38.94,9.61,DSYA3_L2,26.31,2.395,9,26.31,2.395,0,0,90,HYP-LOOSE-CONN,ALM-THR-PHASE-DIF;ALM-K-WARN;ALM-K-ALM;ALM-TTL-14D
2026-07-29T23:00:00+00:00,2300,836.1,162.2,6.89,38.74,9.46,DSYA3_L2,22.41,2.395,9,22.41,2.395,0,0,70,HYP-LOOSE-CONN,ALM-K-WARN;ALM-K-ALM;ALM-TTL-14D
2026-07-29T23:15:00+00:00,2301,754.3,147.6,7.02,38.55,9.32,DSYA3_L2,18.35,2.394,8,18.35,2.394,0,0,70,HYP-LOOSE-CONN,ALM-K-WARN;ALM-K-ALM;ALM-TTL-14D
2026-07-29T23:30:00+00:00,2302,680.3,134.6,7.14,38.36,9.18,DSYA3_L2,14.78,2.394,8,14.78,2.394,0,0,70,HYP-LOOSE-CONN,ALM-K-WARN;ALM-K-ALM;ALM-TTL-14D
2026-07-29T23:45:00+00:00,2303,599.8,119.4,7.26,38.18,9.06,DSYA3_L2,12.1,2.394,7,12.1,2.394,0,0,70,HYP-LOOSE-CONN,ALM-K-WARN;ALM-K-ALM;ALM-TTL-14D
2026-07-30T00:00:00+00:00,2304,521.8,104.5,7.38,38,8.93,DSYA3_L2,9.74,2.394,7,9.74,2.394,0,0,70,HYP-LOOSE-CONN,ALM-K-WARN;ALM-K-ALM;ALM-TTL-14D
2026-07-30T00:15:00+00:00,2305,510,101.9,7.4,37.85,8.82,DSYA3_L2,7.55,2.394,7,7.55,2.394,0,0,70,HYP-LOOSE-CONN,ALM-K-WARN;ALM-K-ALM;ALM-TTL-14D
2026-07-30T00:30:00+00:00,2306,497.6,98.9,7.42,37.7,8.72,DSYA3_L2,6.44,2.394,6,6.44,2.394,0,0,70,HYP-LOOSE-CONN,ALM-K-WARN;ALM-K-ALM;ALM-TTL-14D
2026-07-30T00:45:00+00:00,2307,487.4,97.2,7.44,37.57,8.62,DSYA3_L2,6.04,2.394,6,6.04,2.394,0,0,70,HYP-LOOSE-CONN,ALM-K-WARN;ALM-K-ALM;ALM-TTL-14D
2026-07-30T01:00:00+00:00,2308,477.6,95.1,7.45,37.45,8.54,DSYA3_L2,5.8,2.394,6,5.8,2.394,0,0,70,HYP-LOOSE-CONN,ALM-K-WARN;ALM-K-ALM;ALM-TTL-14D
2026-07-30T01:15:00+00:00,2309,471.1,94.2,7.46,37.34,8.46,DSYA3_L2,5.67,2.394,5,5.67,2.394,0,0,70,HYP-LOOSE-CONN,ALM-K-WARN;ALM-K-ALM;ALM-TTL-14D
2026-07-30T01:30:00+00:00,2310,460.7,92.8,7.48,37.24,8.4,DSYA3_L2,5.81,2.394,5,5.81,2.394,0,0,70,HYP-LOOSE-CONN,ALM-K-WARN;ALM-K-ALM;ALM-TTL-14D
2026-07-30T01:45:00+00:00,2311,451.2,91.2,7.49,37.16,8.34,DSYA3_L2,4.93,2.394,5,4.93,2.394,0,0,70,HYP-LOOSE-CONN,ALM-K-WARN;ALM-K-ALM;ALM-TTL-14D
2026-07-30T02:00:00+00:00,2312,439.6,88.9,7.51,37.1,8.3,DSYA3_L2,4.78,2.394,5,4.78,2.394,0,0,70,HYP-LOOSE-CONN,ALM-K-WARN;ALM-K-ALM;ALM-TTL-14D
2026-07-30T02:15:00+00:00,2313,440.7,88.7,7.51,37.04,8.26,DSYA3_L2,4.77,2.394,4,4.77,2.394,0,0,70,HYP-LOOSE-CONN,ALM-K-WARN;ALM-K-ALM;ALM-TTL-14D
2026-07-30T02:30:00+00:00,2314,440.8,88.6,7.51,37.01,8.24,DSYA3_L2,4.89,2.394,4,4.89,2.394,0,0,70,HYP-LOOSE-CONN,ALM-K-WARN;ALM-K-ALM;ALM-TTL-14D
2026-07-30T02:45:00+00:00,2315,434.9,87.3,7.52,36.98,8.22,DSYA3_L2,4.57,2.394,4,4.57,2.394,0,0,70,HYP-LOOSE-CONN,ALM-K-WARN;ALM-K-ALM;ALM-TTL-14D
2026-07-30T03:00:00+00:00,2316,430,86.5,7.53,36.98,8.22,DSYA3_L2,4.92,2.394,4,4.92,2.394,0,0,70,HYP-LOOSE-CONN,ALM-K-WARN;ALM-K-ALM;ALM-TTL-14D
2026-07-30T03:15:00+00:00,2317,428.9,86.2,7.53,36.98,8.22,DSYA3_L2,4.6,2.394,3,4.6,2.394,0,0,70,HYP-LOOSE-CONN,ALM-K-WARN;ALM-K-ALM;ALM-TTL-14D
2026-07-30T03:30:00+00:00,2318,430.2,86.4,7.53,37.01,8.24,DSYA3_L2,4.38,2.394,3,4.38,2.394,0,0,70,HYP-LOOSE-CONN,ALM-K-WARN;ALM-K-ALM;ALM-TTL-14D
2026-07-30T03:45:00+00:00,2319,428.3,86.2,7.53,37.04,8.26,DSYA3_L2,4.76,2.394,3,4.76,2.394,0,0,70,HYP-LOOSE-CONN,ALM-K-WARN;ALM-K-ALM;ALM-TTL-14D
2026-07-30T04:00:00+00:00,2320,427.7,86.3,7.53,37.1,8.3,DSYA3_L2,4.28,2.394,3,4.28,2.394,0,0,70,HYP-LOOSE-CONN,ALM-K-WARN;ALM-K-ALM;ALM-TTL-14D
2026-07-30T04:15:00+00:00,2321,438,88,7.51,37.16,8.34,DSYA3_L2,4.38,2.394,2,4.38,2.394,0,0,70,HYP-LOOSE-CONN,ALM-K-WARN;ALM-K-ALM;ALM-TTL-14D
2026-07-30T04:30:00+00:00,2322,447.8,90.1,7.5,37.24,8.4,DSYA3_L2,4.75,2.394,2,4.75,2.394,0,0,70,HYP-LOOSE-CONN,ALM-K-WARN;ALM-K-ALM;ALM-TTL-14D
2026-07-30T04:45:00+00:00,2323,456.1,91.7,7.49,37.34,8.46,DSYA3_L2,4.85,2.394,2,4.85,2.394,0,0,70,HYP-LOOSE-CONN,ALM-K-WARN;ALM-K-ALM;ALM-TTL-14D
2026-07-30T05:00:00+00:00,2324,468.7,94.3,7.47,37.45,8.54,DSYA3_L2,5.35,2.394,2,5.35,2.394,0,0,70,HYP-LOOSE-CONN,ALM-K-WARN;ALM-K-ALM;ALM-TTL-14D
2026-07-30T05:15:00+00:00,2325,505.6,101.4,7.41,37.57,8.62,DSYA3_L2,5.14,2.394,2,5.14,2.394,0,0,70,HYP-LOOSE-CONN,ALM-K-WARN;ALM-K-ALM;ALM-TTL-14D
2026-07-30T05:30:00+00:00,2326,544,109.3,7.35,37.7,8.72,DSYA3_L2,6.13,2.394,1,6.13,2.394,0,0,70,HYP-LOOSE-CONN,ALM-K-WARN;ALM-K-ALM;ALM-TTL-14D
2026-07-30T05:45:00+00:00,2327,579,116.5,7.3,37.85,8.82,DSYA3_L2,6.94,2.394,1,6.94,2.394,0,0,70,HYP-LOOSE-CONN,ALM-K-WARN;ALM-K-ALM;ALM-TTL-14D
2026-07-30T06:00:00+00:00,2328,610.7,122.8,7.25,38,8.93,DSYA3_L2,8.18,2.395,1,8.18,2.395,0,0,70,HYP-LOOSE-CONN,ALM-K-WARN;ALM-K-ALM;ALM-TTL-14D
2026-07-30T06:15:00+00:00,2329,722,143.1,7.07,38.17,9.05,DSYA3_L2,8.81,2.395,1,8.81,2.395,0,0,70,HYP-LOOSE-CONN,ALM-K-WARN;ALM-K-ALM;ALM-TTL-14D
2026-07-30T06:30:00+00:00,2330,832.2,163.1,6.9,38.35,9.17,DSYA3_L2,11.6,2.395,1,11.6,2.395,0,0,70,HYP-LOOSE-CONN,ALM-K-WARN;ALM-K-ALM;ALM-TTL-14D
2026-07-30T06:45:00+00:00,2331,937.7,181.7,6.74,38.53,9.31,DSYA3_L2,15.52,2.396,2,15.52,2.396,0,0,70,HYP-LOOSE-CONN,ALM-K-WARN;ALM-K-ALM;ALM-TTL-14D
2026-07-30T07:00:00+00:00,2332,1046,199.8,6.57,38.73,9.45,DSYA3_L2,20.01,2.397,2,20.01,2.397,0,0,70,HYP-LOOSE-CONN,ALM-K-WARN;ALM-K-ALM;ALM-TTL-14D
2026-07-30T07:15:00+00:00,2333,1163,221.8,6.39,38.93,9.6,DSYA3_L2,24.82,2.398,172,24.82,2.398,0,0,90,HYP-LOOSE-CONN,ALM-THR-PHASE-DIF;ALM-K-WARN;ALM-K-ALM;ALM-TTL-14D
2026-07-30T07:30:00+00:00,2334,1269,238.6,6.22,39.14,9.75,DSYA3_L2,31.39,2.4,484,31.39,2.4,0,0,70,HYP-LOOSE-CONN,ALM-THR-PHASE-DIF;ALM-K-WARN;ALM-K-ALM
2026-07-30T07:45:00+00:00,2335,1385,258.1,6.04,39.35,9.91,DSYA3_L2,37.16,2.401,771,37.16,2.401,0,0,70,HYP-LOOSE-CONN,ALM-THR-PHASE-DIF;ALM-K-WARN;ALM-K-ALM
2026-07-30T08:00:00+00:00,2336,1484,272.1,5.88,39.57,10.08,DSYA3_L2,44.58,2.404,867,44.58,2.404,0,0,70,HYP-LOOSE-CONN,ALM-THR-PHASE-DIF;ALM-K-WARN;ALM-K-ALM
2026-07-30T08:15:00+00:00,2337,1529,277.4,5.81,39.79,10.24,DSYA3_L2,51.84,2.406,819,51.84,2.406,0,0,70,HYP-LOOSE-CONN,ALM-THR-TERM-WARN;ALM-THR-PHASE-DIF;ALM-K-WARN;ALM-K-ALM
2026-07-30T08:30:00+00:00,2338,1557,282.7,5.77,40.02,10.42,DSYA3_L2,56.15,2.409,795,56.15,2.409,0,0,70,HYP-LOOSE-CONN,ALM-THR-TERM-WARN;ALM-THR-PHASE-DIF;ALM-K-WARN;ALM-K-ALM
2026-07-30T08:45:00+00:00,2339,1600,289.4,5.7,40.25,10.59,DSYA3_L2,58.55,2.411,794,58.55,2.411,0,0,70,HYP-LOOSE-CONN,ALM-THR-TERM-WARN;ALM-THR-PHASE-DIF;ALM-K-WARN;ALM-K-ALM;ALM-PANEL-TEMP
2026-07-30T09:00:00+00:00,2340,1634,295.3,5.65,40.48,10.77,DSYA3_L2,61.76,2.414,768,61.76,2.414,0,0,70,HYP-LOOSE-CONN,ALM-THR-TERM-WARN;ALM-THR-PHASE-DIF;ALM-K-WARN;ALM-K-ALM;ALM-PANEL-TEMP
2026-07-30T09:15:00+00:00,2341,1621,294.5,5.67,40.71,10.95,DSYA3_L2,64.68,2.417,674,64.68,2.417,0,0,70,HYP-LOOSE-CONN,ALM-THR-TERM-WARN;ALM-THR-PHASE-DIF;ALM-K-WARN;ALM-K-ALM;ALM-PANEL-TEMP
2026-07-30T09:30:00+00:00,2342,1609,288.7,5.68,40.93,11.14,DSYA3_L2,64.14,2.419,626,64.14,2.419,0,0,70,HYP-LOOSE-CONN,ALM-THR-TERM-WARN;ALM-THR-PHASE-DIF;ALM-K-WARN;ALM-K-ALM;ALM-PANEL-TEMP
2026-07-30T09:45:00+00:00,2343,1599,286.3,5.7,41.16,11.32,DSYA3_L2,63.67,2.421,601,63.67,2.421,0,0,70,HYP-LOOSE-CONN,ALM-THR-TERM-WARN;ALM-THR-PHASE-DIF;ALM-K-WARN;ALM-K-ALM;ALM-PANEL-TEMP
2026-07-30T10:00:00+00:00,2344,1587,285.1,5.72,41.38,11.5,DSYA3_L2,63.48,2.424,529,63.48,2.424,0,0,70,HYP-LOOSE-CONN,ALM-THR-TERM-WARN;ALM-THR-PHASE-DIF;ALM-K-WARN;ALM-K-ALM;ALM-PANEL-TEMP
2026-07-30T10:15:00+00:00,2345,1604,289.5,5.69,41.6,11.68,DSYA3_L2,63.02,2.427,505,63.02,2.427,0,0,70,HYP-LOOSE-CONN,ALM-THR-TERM-WARN;ALM-THR-PHASE-DIF;ALM-K-WARN;ALM-K-ALM;ALM-PANEL-TEMP
2026-07-30T10:30:00+00:00,2346,1618,293.2,5.67,41.82,11.86,DSYA3_L2,63.02,2.429,505,63.02,2.429,0,0,70,HYP-LOOSE-CONN,ALM-THR-TERM-WARN;ALM-THR-PHASE-DIF;ALM-K-WARN;ALM-K-ALM;ALM-PANEL-TEMP
2026-07-30T10:45:00+00:00,2347,1618,293.8,5.67,42.03,12.03,DSYA3_L2,64.01,2.431,504,64.01,2.431,0,0,70,HYP-LOOSE-CONN,ALM-THR-TERM-WARN;ALM-THR-PHASE-DIF;ALM-K-WARN;ALM-K-ALM;ALM-PANEL-TEMP
2026-07-30T11:00:00+00:00,2348,1642,298.2,5.64,42.23,12.21,DSYA3_L2,63.94,2.433,502,63.94,2.433,0,0,70,HYP-LOOSE-CONN,ALM-THR-TERM-WARN;ALM-THR-PHASE-DIF;ALM-K-WARN;ALM-K-ALM;ALM-PANEL-TEMP
2026-07-30T11:15:00+00:00,2349,1645,298.3,5.63,42.42,12.37,DSYA3_L2,65.91,2.436,460,65.91,2.436,0,0,70,HYP-LOOSE-CONN,ALM-THR-TERM-WARN;ALM-THR-PHASE-DIF;ALM-K-WARN;ALM-K-ALM;ALM-PANEL-TEMP
2026-07-30T11:30:00+00:00,2350,1657,300.4,5.61,42.61,12.53,DSYA3_L2,66.14,2.438,456,66.14,2.438,0,0,70,HYP-LOOSE-CONN,ALM-THR-TERM-WARN;ALM-THR-PHASE-DIF;ALM-K-WARN;ALM-K-ALM;ALM-PANEL-TEMP
2026-07-30T11:45:00+00:00,2351,1649,297.7,5.62,42.79,12.69,DSYA3_L2,67,2.44,436,67,2.44,0,0,70,HYP-LOOSE-CONN,ALM-THR-TERM-WARN;ALM-THR-PHASE-DIF;ALM-K-WARN;ALM-K-ALM;ALM-PANEL-TEMP
2026-07-30T12:00:00+00:00,2352,1648,296,5.62,42.95,12.83,DSYA3_L2,66.9,2.442,429,66.9,2.442,0,0,70,HYP-LOOSE-CONN,ALM-THR-TERM-WARN;ALM-THR-PHASE-DIF;ALM-K-WARN;ALM-K-ALM;ALM-PANEL-TEMP
2026-07-30T12:15:00+00:00,2353,1621,290.6,5.66,43.11,12.97,DSYA3_L2,66.86,2.444,429,66.86,2.444,0,0,70,HYP-LOOSE-CONN,ALM-THR-TERM-WARN;ALM-THR-PHASE-DIF;ALM-K-WARN;ALM-K-ALM;ALM-PANEL-TEMP
2026-07-30T12:30:00+00:00,2354,1582,283.4,5.72,43.26,13.1,DSYA3_L2,65.32,2.445,429,65.32,2.445,0,0,70,HYP-LOOSE-CONN,ALM-THR-TERM-WARN;ALM-THR-PHASE-DIF;ALM-K-WARN;ALM-K-ALM;ALM-PANEL-TEMP
2026-07-30T12:45:00+00:00,2355,1560,280.7,5.76,43.39,13.22,DSYA3_L2,62.83,2.446,358,62.83,2.446,0,0,70,HYP-LOOSE-CONN,ALM-THR-TERM-WARN;ALM-THR-PHASE-DIF;ALM-K-WARN;ALM-K-ALM;ALM-PANEL-TEMP
2026-07-30T13:00:00+00:00,2356,1545,278.7,5.78,43.51,13.33,DSYA3_L2,61,2.447,332,61,2.447,0,0,90,HYP-LOOSE-CONN,ALM-THR-TERM-WARN;ALM-THR-PHASE-DIF;ALM-K-WARN;ALM-K-ALM;ALM-TTL-14D;ALM-PANEL-TEMP
2026-07-30T13:15:00+00:00,2357,1543,277.1,5.78,43.62,13.43,DSYA3_L2,59.86,2.449,334,59.86,2.449,0,0,90,HYP-LOOSE-CONN,ALM-THR-TERM-WARN;ALM-THR-PHASE-DIF;ALM-K-WARN;ALM-K-ALM;ALM-TTL-14D;ALM-PANEL-TEMP
2026-07-30T13:30:00+00:00,2358,1541,274.5,5.78,43.71,13.51,DSYA3_L2,59.29,2.45,358,59.29,2.45,0,0,70,HYP-LOOSE-CONN,ALM-THR-TERM-WARN;ALM-THR-PHASE-DIF;ALM-K-WARN;ALM-K-ALM;ALM-PANEL-TEMP
2026-07-30T13:45:00+00:00,2359,1546,275.9,5.78,43.79,13.59,DSYA3_L2,59.43,2.452,357,59.43,2.452,0,0,70,HYP-LOOSE-CONN,ALM-THR-TERM-WARN;ALM-THR-PHASE-DIF;ALM-K-WARN;ALM-K-ALM;ALM-PANEL-TEMP
2026-07-30T14:00:00+00:00,2360,1554,277.3,5.76,43.86,13.65,DSYA3_L2,59.79,2.453,357,59.79,2.453,0,0,70,HYP-LOOSE-CONN,ALM-THR-TERM-WARN;ALM-THR-PHASE-DIF;ALM-K-WARN;ALM-K-ALM;ALM-PANEL-TEMP
2026-07-30T14:15:00+00:00,2361,1565,279.9,5.75,43.91,13.7,DSYA3_L2,60.12,2.455,427,60.12,2.455,0,0,70,HYP-LOOSE-CONN,ALM-THR-TERM-WARN;ALM-THR-PHASE-DIF;ALM-K-WARN;ALM-K-ALM;ALM-PANEL-TEMP
2026-07-30T14:30:00+00:00,2362,1583,281.7,5.72,43.95,13.73,DSYA3_L2,60.75,2.456,427,60.75,2.456,0,0,70,HYP-LOOSE-CONN,ALM-THR-TERM-WARN;ALM-THR-PHASE-DIF;ALM-K-WARN;ALM-K-ALM;ALM-PANEL-TEMP
2026-07-30T14:45:00+00:00,2363,1601,284.5,5.69,43.97,13.75,DSYA3_L2,62.06,2.458,428,62.06,2.458,0,0,70,HYP-LOOSE-CONN,ALM-THR-TERM-WARN;ALM-THR-PHASE-DIF;ALM-K-WARN;ALM-K-ALM;ALM-PANEL-TEMP
2026-07-30T15:00:00+00:00,2364,1629,289.7,5.65,43.98,13.76,DSYA3_L2,63.6,2.459,426,63.6,2.459,0,0,70,HYP-LOOSE-CONN,ALM-THR-TERM-WARN;ALM-THR-PHASE-DIF;ALM-K-WARN;ALM-K-ALM;ALM-PANEL-TEMP
2026-07-30T15:15:00+00:00,2365,1626,291.8,5.66,43.97,13.75,DSYA3_L2,65.83,2.462,426,65.83,2.462,0,0,70,HYP-LOOSE-CONN,ALM-THR-TERM-WARN;ALM-THR-PHASE-DIF;ALM-K-WARN;ALM-K-ALM;ALM-PANEL-TEMP
2026-07-30T15:30:00+00:00,2366,1621,292.5,5.67,43.95,13.73,DSYA3_L2,65.71,2.463,426,65.71,2.463,0,0,70,HYP-LOOSE-CONN,ALM-THR-TERM-WARN;ALM-THR-PHASE-DIF;ALM-K-WARN;ALM-K-ALM;ALM-PANEL-TEMP
2026-07-30T15:45:00+00:00,2367,1615,288.7,5.67,43.91,13.7,DSYA3_L2,65.7,2.465,425,65.7,2.465,0,0,70,HYP-LOOSE-CONN,ALM-THR-TERM-WARN;ALM-THR-PHASE-DIF;ALM-K-WARN;ALM-K-ALM;ALM-PANEL-TEMP
2026-07-30T16:00:00+00:00,2368,1618,289.2,5.67,43.86,13.65,DSYA3_L2,65.1,2.467,425,65.1,2.467,0,0,70,HYP-LOOSE-CONN,ALM-THR-TERM-WARN;ALM-THR-PHASE-DIF;ALM-K-WARN;ALM-K-ALM;ALM-PANEL-TEMP
2026-07-30T16:15:00+00:00,2369,1618,291.8,5.67,43.79,13.59,DSYA3_L2,65,2.468,425,65,2.468,0,0,70,HYP-LOOSE-CONN,ALM-THR-TERM-WARN;ALM-THR-PHASE-DIF;ALM-K-WARN;ALM-K-ALM;ALM-PANEL-TEMP
2026-07-30T16:30:00+00:00,2370,1604,289.6,5.69,43.71,13.51,DSYA3_L2,65.11,2.469,425,65.11,2.469,0,0,70,HYP-LOOSE-CONN,ALM-THR-TERM-WARN;ALM-THR-PHASE-DIF;ALM-K-WARN;ALM-K-ALM;ALM-PANEL-TEMP
2026-07-30T16:45:00+00:00,2371,1596,291.3,5.71,43.62,13.43,DSYA3_L2,64.11,2.47,424,64.11,2.47,0,0,70,HYP-LOOSE-CONN,ALM-THR-TERM-WARN;ALM-THR-PHASE-DIF;ALM-K-WARN;ALM-K-ALM;ALM-PANEL-TEMP
2026-07-30T17:00:00+00:00,2372,1580,287.5,5.73,43.51,13.33,DSYA3_L2,63.35,2.471,424,63.35,2.471,0,0,70,HYP-LOOSE-CONN,ALM-THR-TERM-WARN;ALM-THR-PHASE-DIF;ALM-K-WARN;ALM-K-ALM;ALM-PANEL-TEMP
2026-07-30T17:15:00+00:00,2373,1549,282.3,5.78,43.39,13.22,DSYA3_L2,62.22,2.472,354,62.22,2.472,0,0,70,HYP-LOOSE-CONN,ALM-THR-TERM-WARN;ALM-THR-PHASE-DIF;ALM-K-WARN;ALM-K-ALM;ALM-PANEL-TEMP
2026-07-30T17:30:00+00:00,2374,1530,278.7,5.81,43.26,13.1,DSYA3_L2,59.96,2.473,354,59.96,2.473,0,0,70,HYP-LOOSE-CONN,ALM-THR-TERM-WARN;ALM-THR-PHASE-DIF;ALM-K-WARN;ALM-K-ALM;ALM-PANEL-TEMP
2026-07-30T17:45:00+00:00,2375,1502,274.3,5.85,43.11,12.97,DSYA3_L2,58.44,2.473,329,58.44,2.473,0,0,90,HYP-LOOSE-CONN,ALM-THR-TERM-WARN;ALM-THR-PHASE-DIF;ALM-K-WARN;ALM-K-ALM;ALM-TTL-14D;ALM-PANEL-TEMP
2026-07-30T18:00:00+00:00,2376,1483,271.9,5.88,42.95,12.83,DSYA3_L2,56.98,2.474,305,56.98,2.474,0,0,90,HYP-LOOSE-CONN,ALM-THR-TERM-WARN;ALM-THR-PHASE-DIF;ALM-K-WARN;ALM-K-ALM;ALM-TTL-14D;ALM-PANEL-TEMP
2026-07-30T18:15:00+00:00,2377,1458,266.5,5.92,42.79,12.69,DSYA3_L2,55.18,2.475,305,55.18,2.475,0,0,90,HYP-LOOSE-CONN,ALM-THR-TERM-WARN;ALM-THR-PHASE-DIF;ALM-K-WARN;ALM-K-ALM;ALM-TTL-14D;ALM-PANEL-TEMP
2026-07-30T18:30:00+00:00,2378,1443,264.2,5.94,42.61,12.53,DSYA3_L2,53.71,2.475,285,53.71,2.475,0,0,90,HYP-LOOSE-CONN,ALM-THR-TERM-WARN;ALM-THR-PHASE-DIF;ALM-K-WARN;ALM-K-ALM;ALM-TTL-14D;ALM-PANEL-TEMP
2026-07-30T18:45:00+00:00,2379,1429,262.7,5.97,42.42,12.37,DSYA3_L2,52.12,2.475,281,52.12,2.475,0,0,90,HYP-LOOSE-CONN,ALM-THR-TERM-WARN;ALM-THR-PHASE-DIF;ALM-K-WARN;ALM-K-ALM;ALM-TTL-14D;ALM-PANEL-TEMP
2026-07-30T19:00:00+00:00,2380,1427,261.3,5.97,42.23,12.21,DSYA3_L2,51.27,2.476,256,51.27,2.476,0,0,90,HYP-LOOSE-CONN,ALM-THR-TERM-WARN;ALM-THR-PHASE-DIF;ALM-K-WARN;ALM-K-ALM;ALM-TTL-14D;ALM-PANEL-TEMP
2026-07-30T19:15:00+00:00,2381,1441,264,5.95,42.03,12.03,DSYA3_L2,51.05,2.477,280,51.05,2.477,0,0,90,HYP-LOOSE-CONN,ALM-THR-TERM-WARN;ALM-THR-PHASE-DIF;ALM-K-WARN;ALM-K-ALM;ALM-TTL-14D;ALM-PANEL-TEMP
2026-07-30T19:30:00+00:00,2382,1456,265.4,5.92,41.82,11.86,DSYA3_L2,51.75,2.478,304,51.75,2.478,0,0,90,HYP-LOOSE-CONN,ALM-THR-TERM-WARN;ALM-THR-PHASE-DIF;ALM-K-WARN;ALM-K-ALM;ALM-TTL-14D;ALM-PANEL-TEMP
2026-07-30T19:45:00+00:00,2383,1467,269.9,5.91,41.6,11.68,DSYA3_L2,52.39,2.479,327,52.39,2.479,0,0,90,HYP-LOOSE-CONN,ALM-THR-TERM-WARN;ALM-THR-PHASE-DIF;ALM-K-WARN;ALM-K-ALM;ALM-TTL-14D;ALM-PANEL-TEMP
2026-07-30T20:00:00+00:00,2384,1487,272.4,5.88,41.38,11.5,DSYA3_L2,53.21,2.48,327,53.21,2.48,0,0,90,HYP-LOOSE-CONN,ALM-THR-TERM-WARN;ALM-THR-PHASE-DIF;ALM-K-WARN;ALM-K-ALM;ALM-TTL-14D;ALM-PANEL-TEMP
2026-07-30T20:15:00+00:00,2385,1468,268.9,5.91,41.16,11.32,DSYA3_L2,54.73,2.481,303,54.73,2.481,0,0,90,HYP-LOOSE-CONN,ALM-THR-TERM-WARN;ALM-THR-PHASE-DIF;ALM-K-WARN;ALM-K-ALM;ALM-TTL-14D;ALM-PANEL-TEMP
2026-07-30T20:30:00+00:00,2386,1429,261.9,5.97,40.93,11.14,DSYA3_L2,53.95,2.482,279,53.95,2.482,0,0,90,HYP-LOOSE-CONN,ALM-THR-TERM-WARN;ALM-THR-PHASE-DIF;ALM-K-WARN;ALM-K-ALM;ALM-TTL-14D
2026-07-30T20:45:00+00:00,2387,1412,259.8,5.99,40.71,10.95,DSYA3_L2,51.84,2.482,278,51.84,2.482,0,0,90,HYP-LOOSE-CONN,ALM-THR-TERM-WARN;ALM-THR-PHASE-DIF;ALM-K-WARN;ALM-K-ALM;ALM-TTL-14D
2026-07-30T21:00:00+00:00,2388,1386,256.4,6.03,40.48,10.77,DSYA3_L2,50.29,2.483,252,50.29,2.483,0,0,90,HYP-LOOSE-CONN,ALM-THR-TERM-WARN;ALM-THR-PHASE-DIF;ALM-K-WARN;ALM-K-ALM;ALM-TTL-14D
2026-07-30T21:15:00+00:00,2389,1339,249.1,6.11,40.25,10.59,DSYA3_L2,48.26,2.483,186,48.26,2.483,0,0,90,HYP-LOOSE-CONN,ALM-THR-PHASE-DIF;ALM-K-WARN;ALM-K-ALM;ALM-TTL-14D
2026-07-30T21:30:00+00:00,2390,1291,241.3,6.18,40.02,10.42,DSYA3_L2,45.5,2.483,138,45.5,2.483,0,0,90,HYP-LOOSE-CONN,ALM-THR-PHASE-DIF;ALM-K-WARN;ALM-K-ALM;ALM-TTL-14D
2026-07-30T21:45:00+00:00,2391,1240,232.9,6.26,39.79,10.24,DSYA3_L2,42.73,2.483,85,42.73,2.483,0,0,90,HYP-LOOSE-CONN,ALM-THR-PHASE-DIF;ALM-K-WARN;ALM-K-ALM;ALM-TTL-14D
2026-07-30T22:00:00+00:00,2392,1187,224,6.35,39.57,10.08,DSYA3_L2,39.09,2.482,13,39.09,2.482,0,0,90,HYP-LOOSE-CONN,ALM-THR-PHASE-DIF;ALM-K-WARN;ALM-K-ALM;ALM-TTL-14D
2026-07-30T22:15:00+00:00,2393,1104,208.5,6.47,39.35,9.91,DSYA3_L2,35.72,2.482,11,35.72,2.482,0,0,90,HYP-LOOSE-CONN,ALM-THR-PHASE-DIF;ALM-K-WARN;ALM-K-ALM;ALM-TTL-14D
2026-07-30T22:30:00+00:00,2394,1009,192.1,6.62,39.14,9.75,DSYA3_L2,31.97,2.482,10,31.97,2.482,0,0,90,HYP-LOOSE-CONN,ALM-THR-PHASE-DIF;ALM-K-WARN;ALM-K-ALM;ALM-TTL-14D
2026-07-30T22:45:00+00:00,2395,929.3,177.1,6.74,38.93,9.6,DSYA3_L2,27.33,2.481,9,27.33,2.481,0,0,90,HYP-LOOSE-CONN,ALM-THR-PHASE-DIF;ALM-K-WARN;ALM-K-ALM;ALM-TTL-14D
2026-07-30T23:00:00+00:00,2396,841.4,162.5,6.88,38.73,9.45,DSYA3_L2,23.07,2.481,9,23.07,2.481,0,0,70,HYP-LOOSE-CONN,ALM-K-WARN;ALM-K-ALM;ALM-TTL-14D
2026-07-30T23:15:00+00:00,2397,758.3,147.4,7.01,38.53,9.31,DSYA3_L2,19,2.481,8,19,2.481,0,0,70,HYP-LOOSE-CONN,ALM-K-WARN;ALM-K-ALM;ALM-TTL-14D
2026-07-30T23:30:00+00:00,2398,680.1,132.4,7.13,38.35,9.17,DSYA3_L2,16.22,2.481,8,16.22,2.481,0,0,70,HYP-LOOSE-CONN,ALM-K-WARN;ALM-K-ALM;ALM-TTL-14D
2026-07-30T23:45:00+00:00,2399,602.5,118.4,7.25,38.17,9.05,DSYA3_L2,12.66,2.481,7,12.66,2.481,0,0,70,HYP-LOOSE-CONN,ALM-K-WARN;ALM-K-ALM;ALM-TTL-14D
2026-07-31T00:00:00+00:00,2400,525.8,104.5,7.38,37.98,8.91,DSYA3_L2,9.84,2.481,7,9.84,2.481,0,0,70,HYP-LOOSE-CONN,ALM-K-WARN;ALM-K-ALM;ALM-TTL-14D
2026-07-31T00:15:00+00:00,2401,516.7,103.4,7.39,37.83,8.8,DSYA3_L2,7.94,2.481,7,7.94,2.481,0,0,70,HYP-LOOSE-CONN,ALM-K-WARN;ALM-K-ALM;ALM-TTL-14D
2026-07-31T00:30:00+00:00,2402,504.9,100.9,7.41,37.68,8.7,DSYA3_L2,6.91,2.481,6,6.91,2.481,0,0,70,HYP-LOOSE-CONN,ALM-K-WARN;ALM-K-ALM;ALM-TTL-14D
2026-07-31T00:45:00+00:00,2403,489.7,98.6,7.43,37.55,8.61,DSYA3_L2,6.61,2.481,6,6.61,2.481,0,0,70,HYP-LOOSE-CONN,ALM-K-WARN;ALM-K-ALM;ALM-TTL-14D
2026-07-31T01:00:00+00:00,2404,478.2,96.9,7.45,37.43,8.53,DSYA3_L2,5.94,2.481,6,5.94,2.481,0,0,70,HYP-LOOSE-CONN,ALM-K-WARN;ALM-K-ALM;ALM-TTL-14D
2026-07-31T01:15:00+00:00,2405,469.8,95.5,7.47,37.32,8.45,DSYA3_L2,5.77,2.481,5,5.77,2.481,0,0,70,HYP-LOOSE-CONN,ALM-K-WARN;ALM-K-ALM;ALM-TTL-14D
2026-07-31T01:30:00+00:00,2406,461.9,94.4,7.48,37.23,8.39,DSYA3_L2,5.66,2.481,5,5.66,2.481,0,0,70,HYP-LOOSE-CONN,ALM-K-WARN;ALM-K-ALM;ALM-TTL-14D
2026-07-31T01:45:00+00:00,2407,452.2,92.5,7.49,37.14,8.33,DSYA3_L2,5.4,2.481,5,5.4,2.481,0,0,70,HYP-LOOSE-CONN,ALM-K-WARN;ALM-K-ALM;ALM-TTL-14D
2026-07-31T02:00:00+00:00,2408,441.6,89.8,7.51,37.08,8.29,DSYA3_L2,5.35,2.481,5,5.35,2.481,0,0,70,HYP-LOOSE-CONN,ALM-K-WARN;ALM-K-ALM;ALM-TTL-14D
2026-07-31T02:15:00+00:00,2409,439.7,89,7.51,37.03,8.25,DSYA3_L2,4.8,2.481,4,4.8,2.481,0,0,70,HYP-LOOSE-CONN,ALM-K-WARN;ALM-K-ALM;ALM-TTL-14D
2026-07-31T02:30:00+00:00,2410,436.9,88.2,7.52,36.99,8.22,DSYA3_L2,4.7,2.481,4,4.7,2.481,0,0,70,HYP-LOOSE-CONN,ALM-K-WARN;ALM-K-ALM;ALM-TTL-14D
2026-07-31T02:45:00+00:00,2411,434,88.3,7.52,36.97,8.21,DSYA3_L2,4.97,2.481,4,4.97,2.481,0,0,70,HYP-LOOSE-CONN,ALM-K-WARN;ALM-K-ALM;ALM-TTL-14D
2026-07-31T03:00:00+00:00,2412,429.4,87.2,7.53,36.96,8.2,DSYA3_L2,4.97,2.481,4,4.97,2.481,0,0,70,HYP-LOOSE-CONN,ALM-K-WARN;ALM-K-ALM;ALM-TTL-14D
2026-07-31T03:15:00+00:00,2413,427.7,86.2,7.53,36.97,8.21,DSYA3_L2,4.97,2.481,3,4.97,2.481,0,0,70,HYP-LOOSE-CONN,ALM-K-WARN;ALM-K-ALM;ALM-TTL-14D
2026-07-31T03:30:00+00:00,2414,426.8,85.9,7.53,36.99,8.22,DSYA3_L2,4.95,2.481,3,4.95,2.481,0,0,70,HYP-LOOSE-CONN,ALM-K-WARN;ALM-K-ALM;ALM-TTL-14D
2026-07-31T03:45:00+00:00,2415,421.2,84.5,7.54,37.03,8.25,DSYA3_L2,4.63,2.481,3,4.63,2.481,0,0,70,HYP-LOOSE-CONN,ALM-K-WARN;ALM-K-ALM;ALM-TTL-14D
2026-07-31T04:00:00+00:00,2416,423.5,85.1,7.54,37.08,8.29,DSYA3_L2,4.62,2.481,3,4.62,2.481,0,0,70,HYP-LOOSE-CONN,ALM-K-WARN;ALM-K-ALM;ALM-TTL-14D
2026-07-31T04:15:00+00:00,2417,433,86.9,7.52,37.14,8.33,DSYA3_L2,4.72,2.481,2,4.72,2.481,0,0,70,HYP-LOOSE-CONN,ALM-K-WARN;ALM-K-ALM;ALM-TTL-14D
2026-07-31T04:30:00+00:00,2418,441.2,88.1,7.51,37.23,8.39,DSYA3_L2,4.86,2.481,2,4.86,2.481,0,0,70,HYP-LOOSE-CONN,ALM-K-WARN;ALM-K-ALM;ALM-TTL-14D
2026-07-31T04:45:00+00:00,2419,450.2,89.3,7.49,37.32,8.45,DSYA3_L2,4.66,2.481,2,4.66,2.481,0,0,70,HYP-LOOSE-CONN,ALM-K-WARN;ALM-K-ALM;ALM-TTL-14D
2026-07-31T05:00:00+00:00,2420,458.7,90.2,7.48,37.43,8.53,DSYA3_L2,5.43,2.481,2,5.43,2.481,0,0,70,HYP-LOOSE-CONN,ALM-K-WARN;ALM-K-ALM;ALM-TTL-14D
2026-07-31T05:15:00+00:00,2421,491.7,96.2,7.43,37.55,8.61,DSYA3_L2,5.59,2.481,2,5.59,2.481,0,0,70,HYP-LOOSE-CONN,ALM-K-WARN;ALM-K-ALM;ALM-TTL-14D
2026-07-31T05:30:00+00:00,2422,526.6,103,7.37,37.68,8.7,DSYA3_L2,6.19,2.481,1,6.19,2.481,0,0,70,HYP-LOOSE-CONN,ALM-K-WARN;ALM-K-ALM;ALM-TTL-14D
2026-07-31T05:45:00+00:00,2423,559.6,108.7,7.32,37.83,8.8,DSYA3_L2,6.74,2.481,1,6.74,2.481,0,0,70,HYP-LOOSE-CONN,ALM-K-WARN;ALM-K-ALM;ALM-TTL-14D
2026-07-31T06:00:00+00:00,2424,590.7,115,7.27,37.98,8.91,DSYA3_L2,7.66,2.481,1,7.66,2.481,0,0,70,HYP-LOOSE-CONN,ALM-K-WARN;ALM-K-ALM;ALM-TTL-14D
2026-07-31T06:15:00+00:00,2425,689.9,132.2,7.11,38.15,9.03,DSYA3_L2,8.42,2.481,1,8.42,2.481,0,0,70,HYP-LOOSE-CONN,ALM-K-WARN;ALM-K-ALM;ALM-TTL-14D
2026-07-31T06:30:00+00:00,2426,782,148,6.97,38.33,9.16,DSYA3_L2,11.49,2.482,1,11.49,2.482,0,0,70,HYP-LOOSE-CONN,ALM-K-WARN;ALM-K-ALM;ALM-TTL-14D
2026-07-31T06:45:00+00:00,2427,882,164.8,6.81,38.51,9.29,DSYA3_L2,14.77,2.482,1,14.77,2.482,0,0,70,HYP-LOOSE-CONN,ALM-K-WARN;ALM-K-ALM;ALM-TTL-14D
2026-07-31T07:00:00+00:00,2428,985.1,180.9,6.65,38.71,9.44,DSYA3_L2,19.16,2.483,2,19.16,2.483,0,0,70,HYP-LOOSE-CONN,ALM-K-WARN;ALM-K-ALM;ALM-TTL-14D
2026-07-31T07:15:00+00:00,2429,1094,198.4,6.47,38.91,9.58,DSYA3_L2,23.56,2.484,124,23.56,2.484,0,0,90,HYP-LOOSE-CONN,ALM-THR-PHASE-DIF;ALM-K-WARN;ALM-K-ALM;ALM-TTL-14D
2026-07-31T07:30:00+00:00,2430,1197,214.3,6.31,39.12,9.74,DSYA3_L2,29.3,2.485,579,29.3,2.485,0,0,70,HYP-LOOSE-CONN,ALM-THR-PHASE-DIF;ALM-K-WARN;ALM-K-ALM
2026-07-31T07:45:00+00:00,2431,1311,233.2,6.13,39.33,9.9,DSYA3_L2,35.98,2.487,771,35.98,2.487,0,0,70,HYP-LOOSE-CONN,ALM-THR-PHASE-DIF;ALM-K-WARN;ALM-K-ALM
2026-07-31T08:00:00+00:00,2432,1423,248.4,5.96,39.55,10.06,DSYA3_L2,42.22,2.489,963,42.22,2.489,0,0,70,HYP-LOOSE-CONN,ALM-THR-PHASE-DIF;ALM-K-WARN;ALM-K-ALM
2026-07-31T08:15:00+00:00,2433,1452,253.7,5.91,39.78,10.23,DSYA3_L2,50.41,2.492,915,50.41,2.492,0,0,70,HYP-LOOSE-CONN,ALM-THR-TERM-WARN;ALM-THR-PHASE-DIF;ALM-K-WARN;ALM-K-ALM
2026-07-31T08:30:00+00:00,2434,1489,258.5,5.85,40,10.4,DSYA3_L2,53.67,2.494,915,53.67,2.494,0,0,70,HYP-LOOSE-CONN,ALM-THR-TERM-WARN;ALM-THR-PHASE-DIF;ALM-K-WARN;ALM-K-ALM
2026-07-31T08:45:00+00:00,2435,1523,262.7,5.8,40.23,10.58,DSYA3_L2,57.03,2.496,914,57.03,2.496,0,0,70,HYP-LOOSE-CONN,ALM-THR-TERM-WARN;ALM-THR-PHASE-DIF;ALM-K-WARN;ALM-K-ALM
2026-07-31T09:00:00+00:00,2436,1555,265.7,5.74,40.46,10.76,DSYA3_L2,59.54,2.498,842,59.54,2.498,0,0,70,HYP-LOOSE-CONN,ALM-THR-TERM-WARN;ALM-THR-PHASE-DIF;ALM-K-WARN;ALM-K-ALM;ALM-PANEL-TEMP
2026-07-31T09:15:00+00:00,2437,1552,262.3,5.74,40.69,10.94,DSYA3_L2,62.66,2.501,746,62.66,2.501,0,0,70,HYP-LOOSE-CONN,ALM-THR-TERM-WARN;ALM-THR-PHASE-DIF;ALM-K-WARN;ALM-K-ALM;ALM-PANEL-TEMP
2026-07-31T09:30:00+00:00,2438,1535,261.6,5.77,40.92,11.12,DSYA3_L2,63.61,2.503,674,63.61,2.503,0,0,70,HYP-LOOSE-CONN,ALM-THR-TERM-WARN;ALM-THR-PHASE-DIF;ALM-K-WARN;ALM-K-ALM;ALM-PANEL-TEMP
2026-07-31T09:45:00+00:00,2439,1527,262,5.79,41.14,11.3,DSYA3_L2,62.44,2.506,625,62.44,2.506,0,0,70,HYP-LOOSE-CONN,ALM-THR-TERM-WARN;ALM-THR-PHASE-DIF;ALM-K-WARN;ALM-K-ALM;ALM-PANEL-TEMP
2026-07-31T10:00:00+00:00,2440,1528,262.3,5.79,41.37,11.49,DSYA3_L2,61.6,2.508,577,61.6,2.508,0,0,70,HYP-LOOSE-CONN,ALM-THR-TERM-WARN;ALM-THR-PHASE-DIF;ALM-K-WARN;ALM-K-ALM;ALM-PANEL-TEMP
2026-07-31T10:15:00+00:00,2441,1545,265.8,5.76,41.59,11.67,DSYA3_L2,61.61,2.51,575,61.61,2.51,0,0,70,HYP-LOOSE-CONN,ALM-THR-TERM-WARN;ALM-THR-PHASE-DIF;ALM-K-WARN;ALM-K-ALM;ALM-PANEL-TEMP
2026-07-31T10:30:00+00:00,2442,1552,267.6,5.75,41.8,11.84,DSYA3_L2,62.41,2.512,575,62.41,2.512,0,0,70,HYP-LOOSE-CONN,ALM-THR-TERM-WARN;ALM-THR-PHASE-DIF;ALM-K-WARN;ALM-K-ALM;ALM-PANEL-TEMP
2026-07-31T10:45:00+00:00,2443,1564,270.9,5.74,42.01,12.02,DSYA3_L2,62.83,2.514,576,62.83,2.514,0,0,70,HYP-LOOSE-CONN,ALM-THR-TERM-WARN;ALM-THR-PHASE-DIF;ALM-K-WARN;ALM-K-ALM;ALM-PANEL-TEMP
2026-07-31T11:00:00+00:00,2444,1580,270.9,5.71,42.21,12.19,DSYA3_L2,63.53,2.516,574,63.53,2.516,0,0,70,HYP-LOOSE-CONN,ALM-THR-TERM-WARN;ALM-THR-PHASE-DIF;ALM-K-WARN;ALM-K-ALM;ALM-PANEL-TEMP
2026-07-31T11:15:00+00:00,2445,1569,269.3,5.72,42.41,12.36,DSYA3_L2,65.09,2.518,504,65.09,2.518,0,0,70,HYP-LOOSE-CONN,ALM-THR-TERM-WARN;ALM-THR-PHASE-DIF;ALM-K-WARN;ALM-K-ALM;ALM-PANEL-TEMP
2026-07-31T11:30:00+00:00,2446,1568,272.3,5.73,42.59,12.52,DSYA3_L2,65.01,2.521,484,65.01,2.521,0,0,70,HYP-LOOSE-CONN,ALM-THR-TERM-WARN;ALM-THR-PHASE-DIF;ALM-K-WARN;ALM-K-ALM;ALM-PANEL-TEMP
2026-07-31T11:45:00+00:00,2447,1572,273.4,5.73,42.77,12.67,DSYA3_L2,64.05,2.522,484,64.05,2.522,0,0,70,HYP-LOOSE-CONN,ALM-THR-TERM-WARN;ALM-THR-PHASE-DIF;ALM-K-WARN;ALM-K-ALM;ALM-PANEL-TEMP
2026-07-31T12:00:00+00:00,2448,1563,273.4,5.74,42.94,12.82,DSYA3_L2,64.13,2.524,477,64.13,2.524,0,0,70,HYP-LOOSE-CONN,ALM-THR-TERM-WARN;ALM-THR-PHASE-DIF;ALM-K-WARN;ALM-K-ALM;ALM-PANEL-TEMP
2026-07-31T12:15:00+00:00,2449,1539,268.2,5.78,43.09,12.96,DSYA3_L2,63.86,2.526,431,63.86,2.526,0,0,70,HYP-LOOSE-CONN,ALM-THR-TERM-WARN;ALM-THR-PHASE-DIF;ALM-K-WARN;ALM-K-ALM;ALM-PANEL-TEMP
2026-07-31T12:30:00+00:00,2450,1524,266.2,5.8,43.24,13.09,DSYA3_L2,61.77,2.526,431,61.77,2.526,0,0,70,HYP-LOOSE-CONN,ALM-THR-TERM-WARN;ALM-THR-PHASE-DIF;ALM-K-WARN;ALM-K-ALM;ALM-PANEL-TEMP
2026-07-31T12:45:00+00:00,2451,1500,262.4,5.84,43.37,13.2,DSYA3_L2,60.84,2.528,406,60.84,2.528,0,0,70,HYP-LOOSE-CONN,ALM-THR-TERM-WARN;ALM-THR-PHASE-DIF;ALM-K-WARN;ALM-K-ALM;ALM-PANEL-TEMP
2026-07-31T13:00:00+00:00,2452,1475,260.4,5.88,43.49,13.31,DSYA3_L2,59.35,2.529,404,59.35,2.529,0,0,70,HYP-LOOSE-CONN,ALM-THR-TERM-WARN;ALM-THR-PHASE-DIF;ALM-K-WARN;ALM-K-ALM;ALM-PANEL-TEMP
2026-07-31T13:15:00+00:00,2453,1484,262.2,5.87,43.6,13.41,DSYA3_L2,57.21,2.53,404,57.21,2.53,0,0,70,HYP-LOOSE-CONN,ALM-THR-TERM-WARN;ALM-THR-PHASE-DIF;ALM-K-WARN;ALM-K-ALM;ALM-PANEL-TEMP
2026-07-31T13:30:00+00:00,2454,1498,264.1,5.84,43.7,13.5,DSYA3_L2,57.26,2.531,406,57.26,2.531,0,0,70,HYP-LOOSE-CONN,ALM-THR-TERM-WARN;ALM-THR-PHASE-DIF;ALM-K-WARN;ALM-K-ALM;ALM-PANEL-TEMP
2026-07-31T13:45:00+00:00,2455,1500,263.5,5.84,43.78,13.57,DSYA3_L2,58.35,2.533,405,58.35,2.533,0,0,70,HYP-LOOSE-CONN,ALM-THR-TERM-WARN;ALM-THR-PHASE-DIF;ALM-K-WARN;ALM-K-ALM;ALM-PANEL-TEMP
2026-07-31T14:00:00+00:00,2456,1516,265.9,5.81,43.84,13.63,DSYA3_L2,58.19,2.534,405,58.19,2.534,0,0,70,HYP-LOOSE-CONN,ALM-THR-TERM-WARN;ALM-THR-PHASE-DIF;ALM-K-WARN;ALM-K-ALM;ALM-PANEL-TEMP
2026-07-31T14:15:00+00:00,2457,1527,267.1,5.8,43.89,13.68,DSYA3_L2,59.7,2.535,429,59.7,2.535,0,0,70,HYP-LOOSE-CONN,ALM-THR-TERM-WARN;ALM-THR-PHASE-DIF;ALM-K-WARN;ALM-K-ALM;ALM-PANEL-TEMP
2026-07-31T14:30:00+00:00,2458,1538,268.7,5.78,43.93,13.71,DSYA3_L2,60.67,2.537,429,60.67,2.537,0,0,70,HYP-LOOSE-CONN,ALM-THR-TERM-WARN;ALM-THR-PHASE-DIF;ALM-K-WARN;ALM-K-ALM;ALM-PANEL-TEMP
2026-07-31T14:45:00+00:00,2459,1546,271.1,5.77,43.95,13.74,DSYA3_L2,61.47,2.538,452,61.47,2.538,0,0,70,HYP-LOOSE-CONN,ALM-THR-TERM-WARN;ALM-THR-PHASE-DIF;ALM-K-WARN;ALM-K-ALM;ALM-PANEL-TEMP
2026-07-31T15:00:00+00:00,2460,1570,272.5,5.73,43.96,13.74,DSYA3_L2,62.08,2.54,452,62.08,2.54,0,0,70,HYP-LOOSE-CONN,ALM-THR-TERM-WARN;ALM-THR-PHASE-DIF;ALM-K-WARN;ALM-K-ALM;ALM-PANEL-TEMP
2026-07-31T15:15:00+00:00,2461,1564,270.6,5.74,43.95,13.74,DSYA3_L2,63.86,2.542,452,63.86,2.542,0,0,70,HYP-LOOSE-CONN,ALM-THR-TERM-WARN;ALM-THR-PHASE-DIF;ALM-K-WARN;ALM-K-ALM;ALM-PANEL-TEMP
2026-07-31T15:30:00+00:00,2462,1559,269.7,5.74,43.93,13.71,DSYA3_L2,64.41,2.543,452,64.41,2.543,0,0,70,HYP-LOOSE-CONN,ALM-THR-TERM-WARN;ALM-THR-PHASE-DIF;ALM-K-WARN;ALM-K-ALM;ALM-PANEL-TEMP
2026-07-31T15:45:00+00:00,2463,1550,266.8,5.75,43.89,13.68,DSYA3_L2,63.95,2.545,451,63.95,2.545,0,0,70,HYP-LOOSE-CONN,ALM-THR-TERM-WARN;ALM-THR-PHASE-DIF;ALM-K-WARN;ALM-K-ALM;ALM-PANEL-TEMP
2026-07-31T16:00:00+00:00,2464,1543,266.4,5.77,43.84,13.63,DSYA3_L2,63.28,2.546,427,63.28,2.546,0,0,70,HYP-LOOSE-CONN,ALM-THR-TERM-WARN;ALM-THR-PHASE-DIF;ALM-K-WARN;ALM-K-ALM;ALM-PANEL-TEMP
2026-07-31T16:15:00+00:00,2465,1530,264.9,5.79,43.78,13.57,DSYA3_L2,63.44,2.548,427,63.44,2.548,0,0,70,HYP-LOOSE-CONN,ALM-THR-TERM-WARN;ALM-THR-PHASE-DIF;ALM-K-WARN;ALM-K-ALM;ALM-PANEL-TEMP
2026-07-31T16:30:00+00:00,2466,1531,264.6,5.79,43.7,13.5,DSYA3_L2,61.94,2.548,427,61.94,2.548,0,0,70,HYP-LOOSE-CONN,ALM-THR-TERM-WARN;ALM-THR-PHASE-DIF;ALM-K-WARN;ALM-K-ALM;ALM-PANEL-TEMP
2026-07-31T16:45:00+00:00,2467,1524,262.9,5.79,43.6,13.41,DSYA3_L2,61.78,2.55,426,61.78,2.55,0,0,70,HYP-LOOSE-CONN,ALM-THR-TERM-WARN;ALM-THR-PHASE-DIF;ALM-K-WARN;ALM-K-ALM;ALM-PANEL-TEMP
2026-07-31T17:00:00+00:00,2468,1510,259.4,5.81,43.49,13.31,DSYA3_L2,61.56,2.551,402,61.56,2.551,0,0,70,HYP-LOOSE-CONN,ALM-THR-TERM-WARN;ALM-THR-PHASE-DIF;ALM-K-WARN;ALM-K-ALM;ALM-PANEL-TEMP
2026-07-31T17:15:00+00:00,2469,1486,257.9,5.86,43.37,13.2,DSYA3_L2,60.89,2.552,400,60.89,2.552,0,0,70,HYP-LOOSE-CONN,ALM-THR-TERM-WARN;ALM-THR-PHASE-DIF;ALM-K-WARN;ALM-K-ALM;ALM-PANEL-TEMP
2026-07-31T17:30:00+00:00,2470,1456,253.7,5.9,43.24,13.09,DSYA3_L2,59.33,2.553,400,59.33,2.553,0,0,70,HYP-LOOSE-CONN,ALM-THR-TERM-WARN;ALM-THR-PHASE-DIF;ALM-K-WARN;ALM-K-ALM;ALM-PANEL-TEMP
2026-07-31T17:45:00+00:00,2471,1423,248.9,5.96,43.09,12.96,DSYA3_L2,56.75,2.554,399,56.75,2.554,0,0,70,HYP-LOOSE-CONN,ALM-THR-TERM-WARN;ALM-THR-PHASE-DIF;ALM-K-WARN;ALM-K-ALM;ALM-PANEL-TEMP
2026-07-31T18:00:00+00:00,2472,1413,248.4,5.97,42.94,12.82,DSYA3_L2,54.19,2.554,329,54.19,2.554,0,0,90,HYP-LOOSE-CONN,ALM-THR-TERM-WARN;ALM-THR-PHASE-DIF;ALM-K-WARN;ALM-K-ALM;ALM-TTL-14D;ALM-PANEL-TEMP
2026-07-31T18:15:00+00:00,2473,1406,246.6,5.98,42.77,12.67,DSYA3_L2,52.83,2.554,329,52.83,2.554,0,0,90,HYP-LOOSE-CONN,ALM-THR-TERM-WARN;ALM-THR-PHASE-DIF;ALM-K-WARN;ALM-K-ALM;ALM-TTL-14D;ALM-PANEL-TEMP
2026-07-31T18:30:00+00:00,2474,1388,244.4,6.01,42.59,12.52,DSYA3_L2,52.35,2.555,309,52.35,2.555,0,0,90,HYP-LOOSE-CONN,ALM-THR-TERM-WARN;ALM-THR-PHASE-DIF;ALM-K-WARN;ALM-K-ALM;ALM-TTL-14D;ALM-PANEL-TEMP
2026-07-31T18:45:00+00:00,2475,1372,240.7,6.03,42.41,12.36,DSYA3_L2,51.4,2.556,304,51.4,2.556,0,0,90,HYP-LOOSE-CONN,ALM-THR-TERM-WARN;ALM-THR-PHASE-DIF;ALM-K-WARN;ALM-K-ALM;ALM-TTL-14D;ALM-PANEL-TEMP
2026-07-31T19:00:00+00:00,2476,1358,237.9,6.06,42.21,12.19,DSYA3_L2,49.95,2.556,280,49.95,2.556,0,0,90,HYP-LOOSE-CONN,ALM-THR-PHASE-DIF;ALM-K-WARN;ALM-K-ALM;ALM-TTL-14D;ALM-PANEL-TEMP
2026-07-31T19:15:00+00:00,2477,1365,239.4,6.05,42.01,12.02,DSYA3_L2,49.56,2.557,304,49.56,2.557,0,0,90,HYP-LOOSE-CONN,ALM-THR-PHASE-DIF;ALM-K-WARN;ALM-K-ALM;ALM-TTL-14D;ALM-PANEL-TEMP
2026-07-31T19:30:00+00:00,2478,1364,239.8,6.05,41.8,11.84,DSYA3_L2,48.94,2.557,328,48.94,2.557,0,0,90,HYP-LOOSE-CONN,ALM-THR-PHASE-DIF;ALM-K-WARN;ALM-K-ALM;ALM-TTL-14D;ALM-PANEL-TEMP
2026-07-31T19:45:00+00:00,2479,1379,242,6.02,41.59,11.67,DSYA3_L2,49.32,2.558,397,49.32,2.558,0,0,70,HYP-LOOSE-CONN,ALM-THR-PHASE-DIF;ALM-K-WARN;ALM-K-ALM;ALM-PANEL-TEMP
2026-07-31T20:00:00+00:00,2480,1402,246,5.99,41.37,11.49,DSYA3_L2,50.55,2.559,397,50.55,2.559,0,0,70,HYP-LOOSE-CONN,ALM-THR-TERM-WARN;ALM-THR-PHASE-DIF;ALM-K-WARN;ALM-K-ALM;ALM-PANEL-TEMP
2026-07-31T20:15:00+00:00,2481,1384,244.9,6.02,41.14,11.3,DSYA3_L2,51.4,2.56,327,51.4,2.56,0,0,90,HYP-LOOSE-CONN,ALM-THR-TERM-WARN;ALM-THR-PHASE-DIF;ALM-K-WARN;ALM-K-ALM;ALM-TTL-14D
2026-07-31T20:30:00+00:00,2482,1361,240.4,6.05,40.92,11.12,DSYA3_L2,51.12,2.561,303,51.12,2.561,0,0,90,HYP-LOOSE-CONN,ALM-THR-TERM-WARN;ALM-THR-PHASE-DIF;ALM-K-WARN;ALM-K-ALM;ALM-TTL-14D
2026-07-31T20:45:00+00:00,2483,1337,238,6.09,40.69,10.94,DSYA3_L2,49.6,2.562,283,49.6,2.562,0,0,90,HYP-LOOSE-CONN,ALM-THR-PHASE-DIF;ALM-K-WARN;ALM-K-ALM;ALM-TTL-14D
2026-07-31T21:00:00+00:00,2484,1322,237.5,6.12,40.46,10.76,DSYA3_L2,47.9,2.562,254,47.9,2.562,0,0,90,HYP-LOOSE-CONN,ALM-THR-PHASE-DIF;ALM-K-WARN;ALM-K-ALM;ALM-TTL-14D
2026-07-31T21:15:00+00:00,2485,1278,231.2,6.19,40.23,10.58,DSYA3_L2,46.03,2.562,228,46.03,2.562,0,0,90,HYP-LOOSE-CONN,ALM-THR-PHASE-DIF;ALM-K-WARN;ALM-K-ALM;ALM-TTL-14D
2026-07-31T21:30:00+00:00,2486,1228,224,6.27,40,10.4,DSYA3_L2,43.89,2.562,158,43.89,2.562,0,0,90,HYP-LOOSE-CONN,ALM-THR-PHASE-DIF;ALM-K-WARN;ALM-K-ALM;ALM-TTL-14D
2026-07-31T21:45:00+00:00,2487,1171,214,6.36,39.78,10.23,DSYA3_L2,40.53,2.562,85,40.53,2.562,0,0,90,HYP-LOOSE-CONN,ALM-THR-PHASE-DIF;ALM-K-WARN;ALM-K-ALM;ALM-TTL-14D
2026-07-31T22:00:00+00:00,2488,1112,203.5,6.45,39.55,10.06,DSYA3_L2,37.46,2.562,59,37.46,2.562,0,0,90,HYP-LOOSE-CONN,ALM-THR-PHASE-DIF;ALM-K-WARN;ALM-K-ALM;ALM-TTL-14D
2026-07-31T22:15:00+00:00,2489,1036,190.3,6.57,39.33,9.9,DSYA3_L2,33.74,2.562,58,33.74,2.562,0,0,90,HYP-LOOSE-CONN,ALM-THR-PHASE-DIF;ALM-K-WARN;ALM-K-ALM;ALM-TTL-14D
2026-07-31T22:30:00+00:00,2490,959.5,178.2,6.69,39.12,9.74,DSYA3_L2,29.72,2.561,58,29.72,2.561,0,0,90,HYP-LOOSE-CONN,ALM-THR-PHASE-DIF;ALM-K-WARN;ALM-K-ALM;ALM-TTL-14D
2026-07-31T22:45:00+00:00,2491,870.3,163.4,6.83,38.91,9.58,DSYA3_L2,25.89,2.561,21,25.89,2.561,0,0,90,HYP-LOOSE-CONN,ALM-THR-PHASE-DIF;ALM-K-WARN;ALM-K-ALM;ALM-TTL-14D
2026-07-31T23:00:00+00:00,2492,797.7,150.6,6.94,38.71,9.44,DSYA3_L2,21.62,2.561,19,21.62,2.561,0,0,70,HYP-LOOSE-CONN,ALM-K-WARN;ALM-K-ALM;ALM-TTL-14D
2026-07-31T23:15:00+00:00,2493,736.4,140.9,7.04,38.51,9.29,DSYA3_L2,18.11,2.561,10,18.11,2.561,0,0,70,HYP-LOOSE-CONN,ALM-K-WARN;ALM-K-ALM;ALM-TTL-14D
2026-07-31T23:30:00+00:00,2494,674,130.3,7.14,38.33,9.16,DSYA3_L2,15.13,2.561,10,15.13,2.561,0,0,70,HYP-LOOSE-CONN,ALM-K-WARN;ALM-K-ALM;ALM-TTL-14D
2026-07-31T23:45:00+00:00,2495,613.7,119.7,7.24,38.15,9.03,DSYA3_L2,12.89,2.561,9,12.89,2.561,0,0,70,HYP-LOOSE-CONN,ALM-K-WARN;ALM-K-ALM;ALM-TTL-14D
2026-08-01T00:00:00+00:00,2496,550.4,108.4,7.34,37.96,8.9,DSYA3_L2,10.61,2.561,8,10.61,2.561,0,0,70,HYP-LOOSE-CONN,ALM-K-WARN;ALM-K-ALM;ALM-TTL-14D
2026-08-01T00:15:00+00:00,2497,539.1,106.5,7.35,37.8,8.79,DSYA3_L2,8.59,2.561,8,8.59,2.561,0,0,70,HYP-LOOSE-CONN,ALM-K-WARN;ALM-K-ALM;ALM-TTL-14D
2026-08-01T00:30:00+00:00,2498,525.5,104.8,7.38,37.66,8.69,DSYA3_L2,7.64,2.561,8,7.64,2.561,0,0,70,HYP-LOOSE-CONN,ALM-K-WARN;ALM-K-ALM;ALM-TTL-14D
2026-08-01T00:45:00+00:00,2499,512.8,102.3,7.4,37.53,8.59,DSYA3_L2,7.67,2.561,7,7.67,2.561,0,0,70,HYP-LOOSE-CONN,ALM-K-WARN;ALM-K-ALM;ALM-TTL-14D
2026-08-01T01:00:00+00:00,2500,498.9,99.9,7.42,37.4,8.51,DSYA3_L2,7.07,2.561,7,7.07,2.561,0,0,70,HYP-LOOSE-CONN,ALM-K-WARN;ALM-K-ALM;ALM-TTL-14D
2026-08-01T01:15:00+00:00,2501,489.3,98.5,7.43,37.3,8.44,DSYA3_L2,6.56,2.561,7,6.56,2.561,0,0,70,HYP-LOOSE-CONN,ALM-K-WARN;ALM-K-ALM;ALM-TTL-14D
2026-08-01T01:30:00+00:00,2502,474.8,96.1,7.46,37.2,8.37,DSYA3_L2,6.66,2.561,6,6.66,2.561,0,0,70,HYP-LOOSE-CONN,ALM-K-WARN;ALM-K-ALM;ALM-TTL-14D
2026-08-01T01:45:00+00:00,2503,464.5,94.3,7.47,37.12,8.32,DSYA3_L2,5.79,2.561,6,5.79,2.561,0,0,70,HYP-LOOSE-CONN,ALM-K-WARN;ALM-K-ALM;ALM-TTL-14D
2026-08-01T02:00:00+00:00,2504,453.2,91.6,7.49,37.05,8.27,DSYA3_L2,5.79,2.561,6,5.79,2.561,0,0,70,HYP-LOOSE-CONN,ALM-K-WARN;ALM-K-ALM;ALM-TTL-14D
2026-08-01T02:15:00+00:00,2505,452.9,91.6,7.49,37,8.23,DSYA3_L2,5.36,2.561,5,5.36,2.561,0,0,70,HYP-LOOSE-CONN,ALM-K-WARN;ALM-K-ALM;ALM-TTL-14D
2026-08-01T02:30:00+00:00,2506,449.3,91,7.5,36.97,8.21,DSYA3_L2,5.63,2.561,5,5.63,2.561,0,0,70,HYP-LOOSE-CONN,ALM-K-WARN;ALM-K-ALM;ALM-TTL-14D
2026-08-01T02:45:00+00:00,2507,442.9,89.7,7.51,36.94,8.19,DSYA3_L2,5.09,2.561,5,5.09,2.561,0,0,70,HYP-LOOSE-CONN,ALM-K-WARN;ALM-K-ALM;ALM-TTL-14D
2026-08-01T03:00:00+00:00,2508,437.4,88.5,7.52,36.94,8.19,DSYA3_L2,4.78,2.561,4,4.78,2.561,0,0,70,HYP-LOOSE-CONN,ALM-K-WARN;ALM-K-ALM;ALM-TTL-14D
2026-08-01T03:15:00+00:00,2509,433.2,88,7.52,36.94,8.19,DSYA3_L2,5.09,2.561,4,5.09,2.561,0,0,70,HYP-LOOSE-CONN,ALM-K-WARN;ALM-K-ALM;ALM-TTL-14D
2026-08-01T03:30:00+00:00,2510,429.2,87.5,7.53,36.97,8.21,DSYA3_L2,4.98,2.561,4,4.98,2.561,0,0,70,HYP-LOOSE-CONN,ALM-K-WARN;ALM-K-ALM;ALM-TTL-14D
2026-08-01T03:45:00+00:00,2511,427.5,86.8,7.53,37,8.23,DSYA3_L2,4.71,2.561,4,4.71,2.561,0,0,70,HYP-LOOSE-CONN,ALM-K-WARN;ALM-K-ALM;ALM-TTL-14D
2026-08-01T04:00:00+00:00,2512,422.1,86.1,7.54,37.05,8.27,DSYA3_L2,4.83,2.561,3,4.83,2.561,0,0,70,HYP-LOOSE-CONN,ALM-K-WARN;ALM-K-ALM;ALM-TTL-14D
2026-08-01T04:15:00+00:00,2513,423,86,7.54,37.12,8.32,DSYA3_L2,4.31,2.561,3,4.31,2.561,0,0,70,HYP-LOOSE-CONN,ALM-K-WARN;ALM-K-ALM;ALM-TTL-14D
2026-08-01T04:30:00+00:00,2514,425.9,86.7,7.53,37.2,8.37,DSYA3_L2,4.44,2.561,3,4.44,2.561,0,0,70,HYP-LOOSE-CONN,ALM-K-WARN;ALM-K-ALM;ALM-TTL-14D
2026-08-01T04:45:00+00:00,2515,429.4,87.2,7.53,37.3,8.44,DSYA3_L2,4.62,2.561,3,4.62,2.561,0,0,70,HYP-LOOSE-CONN,ALM-K-WARN;ALM-K-ALM;ALM-TTL-14D
2026-08-01T05:00:00+00:00,2516,431.1,87.7,7.53,37.4,8.51,DSYA3_L2,4.68,2.561,2,4.68,2.561,0,0,70,HYP-LOOSE-CONN,ALM-K-WARN;ALM-K-ALM;ALM-TTL-14D
2026-08-01T05:15:00+00:00,2517,449,91.6,7.5,37.53,8.59,DSYA3_L2,4.3,2.561,2,4.3,2.561,0,0,70,HYP-LOOSE-CONN,ALM-K-WARN;ALM-K-ALM;ALM-TTL-14D
2026-08-01T05:30:00+00:00,2518,462.6,93.9,7.48,37.66,8.69,DSYA3_L2,5.24,2.561,2,5.24,2.561,0,0,70,HYP-LOOSE-CONN,ALM-K-WARN;ALM-K-ALM;ALM-TTL-14D
2026-08-01T05:45:00+00:00,2519,475.9,96.7,7.46,37.8,8.79,DSYA3_L2,5.92,2.561,2,5.92,2.561,0,0,70,HYP-LOOSE-CONN,ALM-K-WARN;ALM-K-ALM;ALM-TTL-14D
2026-08-01T06:00:00+00:00,2520,489,99.5,7.44,37.96,8.9,DSYA3_L2,5.54,2.561,2,5.54,2.561,0,0,70,HYP-LOOSE-CONN,ALM-K-WARN;ALM-K-ALM;ALM-TTL-14D
2026-08-01T06:15:00+00:00,2521,522.3,105.8,7.38,38.13,9.02,DSYA3_L2,6.3,2.561,2,6.3,2.561,0,0,70,HYP-LOOSE-CONN,ALM-K-WARN;ALM-K-ALM;ALM-TTL-14D
2026-08-01T06:30:00+00:00,2522,553.2,111.9,7.34,38.31,9.14,DSYA3_L2,7.12,2.561,2,7.12,2.561,0,0,70,HYP-LOOSE-CONN,ALM-K-WARN;ALM-K-ALM;ALM-TTL-14D
2026-08-01T06:45:00+00:00,2523,583.4,117.7,7.29,38.49,9.28,DSYA3_L2,7.73,2.561,2,7.73,2.561,0,0,70,HYP-LOOSE-CONN,ALM-K-WARN;ALM-K-ALM;ALM-TTL-14D
2026-08-01T07:00:00+00:00,2524,617,123.8,7.24,38.69,9.42,DSYA3_L2,8.27,2.561,2,8.27,2.561,0,0,70,HYP-LOOSE-CONN,ALM-K-WARN;ALM-K-ALM;ALM-TTL-14D
2026-08-01T07:15:00+00:00,2525,665.4,132.3,7.16,38.89,9.57,DSYA3_L2,9.7,2.561,2,9.7,2.561,0,0,70,HYP-LOOSE-CONN,ALM-K-WARN;ALM-K-ALM;ALM-TTL-14D
2026-08-01T07:30:00+00:00,2526,716,142.6,7.08,39.1,9.72,DSYA3_L2,11.06,2.562,2,11.06,2.562,0,0,70,HYP-LOOSE-CONN,ALM-K-WARN;ALM-K-ALM;ALM-TTL-14D
2026-08-01T07:45:00+00:00,2527,767.5,151.9,7,39.31,9.88,DSYA3_L2,12.67,2.562,11,12.67,2.562,0,0,70,HYP-LOOSE-CONN,ALM-K-WARN;ALM-K-ALM;ALM-TTL-14D
2026-08-01T08:00:00+00:00,2528,818.2,161.6,6.92,39.53,10.04,DSYA3_L2,14.92,2.562,11,14.92,2.562,0,0,70,HYP-LOOSE-CONN,ALM-K-WARN;ALM-K-ALM;ALM-TTL-14D
2026-08-01T08:15:00+00:00,2529,873.1,172.2,6.84,39.75,10.21,DSYA3_L2,16.62,2.562,12,16.62,2.562,0,0,70,HYP-LOOSE-CONN,ALM-K-WARN;ALM-K-ALM;ALM-TTL-14D
2026-08-01T08:30:00+00:00,2530,918.4,180.3,6.77,39.98,10.39,DSYA3_L2,19.09,2.563,48,19.09,2.563,0,0,70,HYP-LOOSE-CONN,ALM-K-WARN;ALM-K-ALM;ALM-TTL-14D
2026-08-01T08:45:00+00:00,2531,971.7,190.4,6.69,40.21,10.56,DSYA3_L2,21.25,2.564,48,21.25,2.564,0,0,70,HYP-LOOSE-CONN,ALM-K-WARN;ALM-K-ALM;ALM-TTL-14D
2026-08-01T09:00:00+00:00,2532,1016,197.6,6.62,40.44,10.74,DSYA3_L2,23.95,2.565,48,23.95,2.565,0,0,90,HYP-LOOSE-CONN,ALM-THR-PHASE-DIF;ALM-K-WARN;ALM-K-ALM;ALM-TTL-14D
2026-08-01T09:15:00+00:00,2533,1039,201.1,6.58,40.67,10.92,DSYA3_L2,25.92,2.565,48,25.92,2.565,0,0,90,HYP-LOOSE-CONN,ALM-THR-PHASE-DIF;ALM-K-WARN;ALM-K-ALM;ALM-TTL-14D
2026-08-01T09:30:00+00:00,2534,1069,206,6.53,40.9,11.1,DSYA3_L2,27.66,2.566,48,27.66,2.566,0,0,90,HYP-LOOSE-CONN,ALM-THR-PHASE-DIF;ALM-K-WARN;ALM-K-ALM;ALM-TTL-14D
2026-08-01T09:45:00+00:00,2535,1097,211.7,6.49,41.12,11.29,DSYA3_L2,29.22,2.567,73,29.22,2.567,0,0,90,HYP-LOOSE-CONN,ALM-THR-PHASE-DIF;ALM-K-WARN;ALM-K-ALM;ALM-TTL-14D
2026-08-01T10:00:00+00:00,2536,1121,215.9,6.45,41.34,11.47,DSYA3_L2,30.73,2.568,121,30.73,2.568,0,0,90,HYP-LOOSE-CONN,ALM-THR-PHASE-DIF;ALM-K-WARN;ALM-K-ALM;ALM-TTL-14D
2026-08-01T10:15:00+00:00,2537,1124,216.8,6.45,41.56,11.65,DSYA3_L2,32.54,2.569,121,32.54,2.569,0,0,90,HYP-LOOSE-CONN,ALM-THR-PHASE-DIF;ALM-K-WARN;ALM-K-ALM;ALM-TTL-14D
2026-08-01T10:30:00+00:00,2538,1126,216.7,6.45,41.78,11.83,DSYA3_L2,32.54,2.57,121,32.54,2.57,0,0,90,HYP-LOOSE-CONN,ALM-THR-PHASE-DIF;ALM-K-WARN;ALM-K-ALM;ALM-TTL-14D
2026-08-01T10:45:00+00:00,2539,1124,216.9,6.45,41.99,12,DSYA3_L2,33.16,2.571,120,33.16,2.571,0,0,90,HYP-LOOSE-CONN,ALM-THR-PHASE-DIF;ALM-K-WARN;ALM-K-ALM;ALM-TTL-14D
2026-08-01T11:00:00+00:00,2540,1118,215.9,6.46,42.19,12.17,DSYA3_L2,32.5,2.571,96,32.5,2.571,0,0,90,HYP-LOOSE-CONN,ALM-THR-PHASE-DIF;ALM-K-WARN;ALM-K-ALM;ALM-TTL-14D
2026-08-01T11:15:00+00:00,2541,1121,216,6.45,42.38,12.34,DSYA3_L2,32.44,2.572,72,32.44,2.572,0,0,90,HYP-LOOSE-CONN,ALM-THR-PHASE-DIF;ALM-K-WARN;ALM-K-ALM;ALM-TTL-14D
2026-08-01T11:30:00+00:00,2542,1107,214.5,6.48,42.57,12.5,DSYA3_L2,32.7,2.573,72,32.7,2.573,0,0,90,HYP-LOOSE-CONN,ALM-THR-PHASE-DIF;ALM-K-WARN;ALM-K-ALM;ALM-TTL-14D
2026-08-01T11:45:00+00:00,2543,1098,212.7,6.49,42.75,12.65,DSYA3_L2,32.32,2.574,48,32.32,2.574,0,0,90,HYP-LOOSE-CONN,ALM-THR-PHASE-DIF;ALM-K-WARN;ALM-K-ALM;ALM-TTL-14D;ALM-PANEL-TEMP
2026-08-01T12:00:00+00:00,2544,1097,210.5,6.49,42.91,12.8,DSYA3_L2,31.43,2.574,45,31.43,2.574,0,0,90,HYP-LOOSE-CONN,ALM-THR-PHASE-DIF;ALM-K-WARN;ALM-K-ALM;ALM-TTL-14D;ALM-PANEL-TEMP
2026-08-01T12:15:00+00:00,2545,1086,209.6,6.51,43.07,12.94,DSYA3_L2,31.46,2.575,45,31.46,2.575,0,0,90,HYP-LOOSE-CONN,ALM-THR-PHASE-DIF;ALM-K-WARN;ALM-K-ALM;ALM-TTL-14D;ALM-PANEL-TEMP
2026-08-01T12:30:00+00:00,2546,1068,205.9,6.54,43.22,13.07,DSYA3_L2,31.08,2.576,45,31.08,2.576,0,0,90,HYP-LOOSE-CONN,ALM-THR-PHASE-DIF;ALM-K-WARN;ALM-K-ALM;ALM-TTL-14D;ALM-PANEL-TEMP
2026-08-01T12:45:00+00:00,2547,1049,200.8,6.56,43.35,13.19,DSYA3_L2,29.85,2.576,44,29.85,2.576,0,0,90,HYP-LOOSE-CONN,ALM-THR-PHASE-DIF;ALM-K-WARN;ALM-K-ALM;ALM-TTL-14D;ALM-PANEL-TEMP
2026-08-01T13:00:00+00:00,2548,1037,196.7,6.58,43.47,13.29,DSYA3_L2,29.47,2.577,44,29.47,2.577,0,0,90,HYP-LOOSE-CONN,ALM-THR-PHASE-DIF;ALM-K-WARN;ALM-K-ALM;ALM-TTL-14D;ALM-PANEL-TEMP
2026-08-01T13:15:00+00:00,2549,1024,194.7,6.6,43.58,13.39,DSYA3_L2,28.68,2.577,44,28.68,2.577,0,0,90,HYP-LOOSE-CONN,ALM-THR-PHASE-DIF;ALM-K-WARN;ALM-K-ALM;ALM-TTL-14D;ALM-PANEL-TEMP
2026-08-01T13:30:00+00:00,2550,1019,192.8,6.6,43.67,13.48,DSYA3_L2,28.21,2.578,43,28.21,2.578,0,0,90,HYP-LOOSE-CONN,ALM-THR-PHASE-DIF;ALM-K-WARN;ALM-K-ALM;ALM-TTL-14D;ALM-PANEL-TEMP
2026-08-01T13:45:00+00:00,2551,1001,188.5,6.63,43.75,13.55,DSYA3_L2,27.8,2.578,43,27.8,2.578,0,0,90,HYP-LOOSE-CONN,ALM-THR-PHASE-DIF;ALM-K-WARN;ALM-K-ALM;ALM-TTL-14D;ALM-PANEL-TEMP
2026-08-01T14:00:00+00:00,2552,986.6,185.5,6.65,43.82,13.61,DSYA3_L2,27.05,2.579,42,27.05,2.579,0,0,90,HYP-LOOSE-CONN,ALM-THR-PHASE-DIF;ALM-K-WARN;ALM-K-ALM;ALM-TTL-14D;ALM-PANEL-TEMP
2026-08-01T14:15:00+00:00,2553,980.9,184.9,6.66,43.87,13.66,DSYA3_L2,26.67,2.579,42,26.67,2.579,0,0,90,HYP-LOOSE-CONN,ALM-THR-PHASE-DIF;ALM-K-WARN;ALM-K-ALM;ALM-TTL-14D;ALM-PANEL-TEMP
2026-08-01T14:30:00+00:00,2554,975.6,183.7,6.67,43.91,13.69,DSYA3_L2,25.79,2.58,42,25.79,2.58,0,0,90,HYP-LOOSE-CONN,ALM-THR-PHASE-DIF;ALM-K-WARN;ALM-K-ALM;ALM-TTL-14D;ALM-PANEL-TEMP
2026-08-01T14:45:00+00:00,2555,962.6,182,6.69,43.93,13.72,DSYA3_L2,25.5,2.58,42,25.5,2.58,0,0,90,HYP-LOOSE-CONN,ALM-THR-PHASE-DIF;ALM-K-WARN;ALM-K-ALM;ALM-TTL-14D;ALM-PANEL-TEMP
2026-08-01T15:00:00+00:00,2556,955.3,181.1,6.7,43.94,13.72,DSYA3_L2,25.08,2.581,41,25.08,2.581,0,0,90,HYP-LOOSE-CONN,ALM-THR-PHASE-DIF;ALM-K-WARN;ALM-K-ALM;ALM-TTL-14D;ALM-PANEL-TEMP
2026-08-01T15:15:00+00:00,2557,957.3,181.1,6.7,43.93,13.72,DSYA3_L2,24.27,2.581,41,24.27,2.581,0,0,90,HYP-LOOSE-CONN,ALM-THR-PHASE-DIF;ALM-K-WARN;ALM-K-ALM;ALM-TTL-14D;ALM-PANEL-TEMP
2026-08-01T15:30:00+00:00,2558,958.3,182.7,6.7,43.91,13.69,DSYA3_L2,24.66,2.582,41,24.66,2.582,0,0,90,HYP-LOOSE-CONN,ALM-THR-PHASE-DIF;ALM-K-WARN;ALM-K-ALM;ALM-TTL-14D;ALM-PANEL-TEMP
2026-08-01T15:45:00+00:00,2559,964.6,183.4,6.69,43.87,13.66,DSYA3_L2,24.68,2.582,41,24.68,2.582,0,0,90,HYP-LOOSE-CONN,ALM-THR-PHASE-DIF;ALM-K-WARN;ALM-K-ALM;ALM-TTL-14D;ALM-PANEL-TEMP
2026-08-01T16:00:00+00:00,2560,968.9,183.7,6.68,43.82,13.61,DSYA3_L2,24.8,2.583,40,24.8,2.583,0,0,90,HYP-LOOSE-CONN,ALM-THR-PHASE-DIF;ALM-K-WARN;ALM-K-ALM;ALM-TTL-14D;ALM-PANEL-TEMP
2026-08-01T16:15:00+00:00,2561,984.1,186.5,6.66,43.75,13.55,DSYA3_L2,24.97,2.583,40,24.97,2.583,0,0,90,HYP-LOOSE-CONN,ALM-THR-PHASE-DIF;ALM-K-WARN;ALM-K-ALM;ALM-TTL-14D;ALM-PANEL-TEMP
2026-08-01T16:30:00+00:00,2562,993.3,188.4,6.64,43.67,13.48,DSYA3_L2,25.49,2.584,40,25.49,2.584,0,0,90,HYP-LOOSE-CONN,ALM-THR-PHASE-DIF;ALM-K-WARN;ALM-K-ALM;ALM-TTL-14D;ALM-PANEL-TEMP
2026-08-01T16:45:00+00:00,2563,1002,190.4,6.63,43.58,13.39,DSYA3_L2,26.31,2.585,40,26.31,2.585,0,0,90,HYP-LOOSE-CONN,ALM-THR-PHASE-DIF;ALM-K-WARN;ALM-K-ALM;ALM-TTL-14D;ALM-PANEL-TEMP
2026-08-01T17:00:00+00:00,2564,1009,190.8,6.62,43.47,13.29,DSYA3_L2,26.55,2.585,39,26.55,2.585,0,0,90,HYP-LOOSE-CONN,ALM-THR-PHASE-DIF;ALM-K-WARN;ALM-K-ALM;ALM-TTL-14D;ALM-PANEL-TEMP
2026-08-01T17:15:00+00:00,2565,1041,195.7,6.57,43.35,13.19,DSYA3_L2,27.58,2.586,40,27.58,2.586,0,0,90,HYP-LOOSE-CONN,ALM-THR-PHASE-DIF;ALM-K-WARN;ALM-K-ALM;ALM-TTL-14D;ALM-PANEL-TEMP
2026-08-01T17:30:00+00:00,2566,1075,200.1,6.51,43.22,13.07,DSYA3_L2,28.85,2.587,40,28.85,2.587,0,0,90,HYP-LOOSE-CONN,ALM-THR-PHASE-DIF;ALM-K-WARN;ALM-K-ALM;ALM-TTL-14D;ALM-PANEL-TEMP
2026-08-01T17:45:00+00:00,2567,1117,208.6,6.45,43.07,12.94,DSYA3_L2,30.33,2.588,41,30.33,2.588,0,0,90,HYP-LOOSE-CONN,ALM-THR-PHASE-DIF;ALM-K-WARN;ALM-K-ALM;ALM-TTL-14D;ALM-PANEL-TEMP
2026-08-01T18:00:00+00:00,2568,1150,212.8,6.39,42.91,12.8,DSYA3_L2,32.6,2.59,69,32.6,2.59,0,0,90,HYP-LOOSE-CONN,ALM-THR-PHASE-DIF;ALM-K-WARN;ALM-K-ALM;ALM-TTL-14D;ALM-PANEL-TEMP
2026-08-01T18:15:00+00:00,2569,1171,215.9,6.36,42.75,12.65,DSYA3_L2,34.95,2.592,113,34.95,2.592,0,0,90,HYP-LOOSE-CONN,ALM-THR-PHASE-DIF;ALM-K-WARN;ALM-K-ALM;ALM-TTL-14D;ALM-PANEL-TEMP
2026-08-01T18:30:00+00:00,2570,1195,220.6,6.32,42.57,12.5,DSYA3_L2,35.86,2.593,207,35.86,2.593,0,0,90,HYP-LOOSE-CONN,ALM-THR-PHASE-DIF;ALM-K-WARN;ALM-K-ALM;ALM-TTL-14D;ALM-PANEL-TEMP
2026-08-01T18:45:00+00:00,2571,1215,224.3,6.29,42.38,12.34,DSYA3_L2,38.21,2.595,208,38.21,2.595,0,0,90,HYP-LOOSE-CONN,ALM-THR-PHASE-DIF;ALM-K-WARN;ALM-K-ALM;ALM-TTL-14D;ALM-PANEL-TEMP
2026-08-01T19:00:00+00:00,2572,1245,230,6.25,42.19,12.17,DSYA3_L2,39.33,2.597,230,39.33,2.597,0,0,90,HYP-LOOSE-CONN,ALM-THR-PHASE-DIF;ALM-K-WARN;ALM-K-ALM;ALM-TTL-14D;ALM-PANEL-TEMP
2026-08-01T19:15:00+00:00,2573,1261,231.5,6.22,41.99,12,DSYA3_L2,40.9,2.599,232,40.9,2.599,0,0,90,HYP-LOOSE-CONN,ALM-THR-PHASE-DIF;ALM-K-WARN;ALM-K-ALM;ALM-TTL-14D;ALM-PANEL-TEMP
2026-08-01T19:30:00+00:00,2574,1275,234,6.2,41.78,11.83,DSYA3_L2,42.27,2.6,256,42.27,2.6,0,0,90,HYP-LOOSE-CONN,ALM-THR-PHASE-DIF;ALM-K-WARN;ALM-K-ALM;ALM-TTL-14D
2026-08-01T19:45:00+00:00,2575,1303,237.9,6.16,41.56,11.65,DSYA3_L2,43.1,2.602,260,43.1,2.602,0,0,90,HYP-LOOSE-CONN,ALM-THR-PHASE-DIF;ALM-K-WARN;ALM-K-ALM;ALM-TTL-14D
2026-08-01T20:00:00+00:00,2576,1315,237.9,6.13,41.34,11.47,DSYA3_L2,45.37,2.605,255,45.37,2.605,0,0,90,HYP-LOOSE-CONN,ALM-THR-PHASE-DIF;ALM-K-WARN;ALM-K-ALM;ALM-TTL-14D
2026-08-01T20:15:00+00:00,2577,1301,236,6.16,41.12,11.29,DSYA3_L2,46.35,2.607,231,46.35,2.607,0,0,90,HYP-LOOSE-CONN,ALM-THR-PHASE-DIF;ALM-K-WARN;ALM-K-ALM;ALM-TTL-14D
2026-08-01T20:30:00+00:00,2578,1275,230,6.19,40.9,11.1,DSYA3_L2,46.15,2.609,207,46.15,2.609,0,0,90,HYP-LOOSE-CONN,ALM-THR-PHASE-DIF;ALM-K-WARN;ALM-K-ALM;ALM-TTL-14D
2026-08-01T20:45:00+00:00,2579,1251,226.3,6.23,40.67,10.92,DSYA3_L2,44.75,2.61,205,44.75,2.61,0,0,90,HYP-LOOSE-CONN,ALM-THR-PHASE-DIF;ALM-K-WARN;ALM-K-ALM;ALM-TTL-14D
2026-08-01T21:00:00+00:00,2580,1226,222,6.27,40.44,10.74,DSYA3_L2,42.95,2.611,204,42.95,2.611,0,0,90,HYP-LOOSE-CONN,ALM-THR-PHASE-DIF;ALM-K-WARN;ALM-K-ALM;ALM-TTL-14D
2026-08-01T21:15:00+00:00,2581,1193,215.9,6.32,40.21,10.56,DSYA3_L2,41.28,2.612,132,41.28,2.612,0,0,90,HYP-LOOSE-CONN,ALM-THR-PHASE-DIF;ALM-K-WARN;ALM-K-ALM;ALM-TTL-14D
2026-08-01T21:30:00+00:00,2582,1167,211.1,6.36,39.98,10.39,DSYA3_L2,39.5,2.612,86,39.5,2.612,0,0,90,HYP-LOOSE-CONN,ALM-THR-PHASE-DIF;ALM-K-WARN;ALM-K-ALM;ALM-TTL-14D
2026-08-01T21:45:00+00:00,2583,1139,205.9,6.4,39.75,10.21,DSYA3_L2,37.98,2.613,61,37.98,2.613,0,0,90,HYP-LOOSE-CONN,ALM-THR-PHASE-DIF;ALM-K-WARN;ALM-K-ALM;ALM-TTL-14D
2026-08-01T22:00:00+00:00,2584,1105,200.6,6.46,39.53,10.04,DSYA3_L2,35.95,2.613,35,35.95,2.613,0,0,90,HYP-LOOSE-CONN,ALM-THR-PHASE-DIF;ALM-K-WARN;ALM-K-ALM;ALM-TTL-14D
2026-08-01T22:15:00+00:00,2585,1036,188.3,6.56,39.31,9.88,DSYA3_L2,34.09,2.614,34,34.09,2.614,0,0,90,HYP-LOOSE-CONN,ALM-THR-PHASE-DIF;ALM-K-WARN;ALM-K-ALM;ALM-TTL-14D
2026-08-01T22:30:00+00:00,2586,979.3,180,6.66,39.1,9.72,DSYA3_L2,30.83,2.614,34,30.83,2.614,0,0,90,HYP-LOOSE-CONN,ALM-THR-PHASE-DIF;ALM-K-WARN;ALM-K-ALM;ALM-TTL-14D
2026-08-01T22:45:00+00:00,2587,921.3,170.4,6.75,38.89,9.57,DSYA3_L2,27.56,2.613,21,27.56,2.613,0,0,90,HYP-LOOSE-CONN,ALM-THR-PHASE-DIF;ALM-K-WARN;ALM-K-ALM;ALM-TTL-14D
2026-08-01T23:00:00+00:00,2588,853.5,158.7,6.85,38.69,9.42,DSYA3_L2,24.81,2.613,20,24.81,2.613,0,0,90,HYP-LOOSE-CONN,ALM-THR-PHASE-DIF;ALM-K-WARN;ALM-K-ALM;ALM-TTL-14D
2026-08-01T23:15:00+00:00,2589,780.9,146.6,6.97,38.49,9.28,DSYA3_L2,21.17,2.613,11,21.17,2.613,0,0,70,HYP-LOOSE-CONN,ALM-K-WARN;ALM-K-ALM;ALM-TTL-14D
2026-08-01T23:30:00+00:00,2590,704.7,133.4,7.09,38.31,9.14,DSYA3_L2,17.78,2.613,10,17.78,2.613,0,0,70,HYP-LOOSE-CONN,ALM-K-WARN;ALM-K-ALM;ALM-TTL-14D
2026-08-01T23:45:00+00:00,2591,630.7,120.1,7.2,38.13,9.02,DSYA3_L2,14.61,2.612,9,14.61,2.612,0,0,70,HYP-LOOSE-CONN,ALM-K-WARN;ALM-K-ALM;ALM-TTL-14D
2026-08-02T00:00:00+00:00,2592,556.9,107.5,7.32,37.93,8.88,DSYA3_L2,11.23,2.612,8,11.23,2.612,0,0,70,HYP-LOOSE-CONN,ALM-K-WARN;ALM-K-ALM;ALM-TTL-14D
2026-08-02T00:15:00+00:00,2593,546.7,106.2,7.34,37.78,8.77,DSYA3_L2,9.67,2.612,8,9.67,2.612,0,0,70,HYP-LOOSE-CONN,ALM-K-WARN;ALM-K-ALM;ALM-TTL-14D
2026-08-02T00:30:00+00:00,2594,530.8,103,7.36,37.63,8.67,DSYA3_L2,8.48,2.612,8,8.48,2.612,0,0,70,HYP-LOOSE-CONN,ALM-K-WARN;ALM-K-ALM;ALM-TTL-14D
2026-08-02T00:45:00+00:00,2595,519,101,7.38,37.5,8.57,DSYA3_L2,8.08,2.612,7,8.08,2.612,0,0,70,HYP-LOOSE-CONN,ALM-K-WARN;ALM-K-ALM;ALM-TTL-14D
2026-08-02T01:00:00+00:00,2596,506.6,99.2,7.4,37.38,8.49,DSYA3_L2,7.39,2.612,7,7.39,2.612,0,0,70,HYP-LOOSE-CONN,ALM-K-WARN;ALM-K-ALM;ALM-TTL-14D
2026-08-02T01:15:00+00:00,2597,496.7,97.3,7.42,37.27,8.42,DSYA3_L2,6.92,2.612,7,6.92,2.612,0,0,70,HYP-LOOSE-CONN,ALM-K-WARN;ALM-K-ALM;ALM-TTL-14D
2026-08-02T01:30:00+00:00,2598,485.3,95.4,7.44,37.17,8.35,DSYA3_L2,6.61,2.612,6,6.61,2.612,0,0,70,HYP-LOOSE-CONN,ALM-K-WARN;ALM-K-ALM;ALM-TTL-14D
2026-08-02T01:45:00+00:00,2599,475.4,92.7,7.45,37.09,8.3,DSYA3_L2,6.26,2.612,6,6.26,2.612,0,0,70,HYP-LOOSE-CONN,ALM-K-WARN;ALM-K-ALM;ALM-TTL-14D
2026-08-02T02:00:00+00:00,2600,465.6,91.6,7.47,37.03,8.25,DSYA3_L2,6.56,2.612,6,6.56,2.612,0,0,70,HYP-LOOSE-CONN,ALM-K-WARN;ALM-K-ALM;ALM-TTL-14D
2026-08-02T02:15:00+00:00,2601,463.7,90.9,7.47,36.97,8.22,DSYA3_L2,5.88,2.612,5,5.88,2.612,0,0,70,HYP-LOOSE-CONN,ALM-K-WARN;ALM-K-ALM;ALM-TTL-14D
2026-08-02T02:30:00+00:00,2602,453.5,88.5,7.48,36.94,8.19,DSYA3_L2,5.76,2.612,5,5.76,2.612,0,0,70,HYP-LOOSE-CONN,ALM-K-WARN;ALM-K-ALM;ALM-TTL-14D
2026-08-02T02:45:00+00:00,2603,446.6,87.2,7.5,36.91,8.17,DSYA3_L2,5.53,2.612,5,5.53,2.612,0,0,70,HYP-LOOSE-CONN,ALM-K-WARN;ALM-K-ALM;ALM-TTL-14D
2026-08-02T03:00:00+00:00,2604,438.8,85.8,7.51,36.91,8.17,DSYA3_L2,5.76,2.612,4,5.76,2.612,0,0,70,HYP-LOOSE-CONN,ALM-K-WARN;ALM-K-ALM;ALM-TTL-14D
2026-08-02T03:15:00+00:00,2605,441.9,86.5,7.5,36.91,8.17,DSYA3_L2,5.4,2.612,4,5.4,2.612,0,0,70,HYP-LOOSE-CONN,ALM-K-WARN;ALM-K-ALM;ALM-TTL-14D
2026-08-02T03:30:00+00:00,2606,436.6,85.6,7.51,36.94,8.19,DSYA3_L2,5.03,2.612,4,5.03,2.612,0,0,70,HYP-LOOSE-CONN,ALM-K-WARN;ALM-K-ALM;ALM-TTL-14D
2026-08-02T03:45:00+00:00,2607,435.4,85.6,7.51,36.97,8.22,DSYA3_L2,5.17,2.612,4,5.17,2.612,0,0,70,HYP-LOOSE-CONN,ALM-K-WARN;ALM-K-ALM;ALM-TTL-14D
2026-08-02T04:00:00+00:00,2608,431.4,84.3,7.52,37.03,8.25,DSYA3_L2,5.23,2.612,3,5.23,2.612,0,0,70,HYP-LOOSE-CONN,ALM-K-WARN;ALM-K-ALM;ALM-TTL-14D
2026-08-02T04:15:00+00:00,2609,435.5,85.1,7.51,37.09,8.3,DSYA3_L2,5.54,2.612,3,5.54,2.612,0,0,70,HYP-LOOSE-CONN,ALM-K-WARN;ALM-K-ALM;ALM-TTL-14D
2026-08-02T04:30:00+00:00,2610,438.7,86.3,7.51,37.17,8.35,DSYA3_L2,5.34,2.612,3,5.34,2.612,0,0,70,HYP-LOOSE-CONN,ALM-K-WARN;ALM-K-ALM;ALM-TTL-14D
2026-08-02T04:45:00+00:00,2611,445.1,87.7,7.5,37.27,8.42,DSYA3_L2,5.1,2.612,3,5.1,2.612,0,0,70,HYP-LOOSE-CONN,ALM-K-WARN;ALM-K-ALM;ALM-TTL-14D
2026-08-02T05:00:00+00:00,2612,449,88.5,7.49,37.38,8.49,DSYA3_L2,5.57,2.613,2,5.57,2.613,0,0,70,HYP-LOOSE-CONN,ALM-K-WARN;ALM-K-ALM;ALM-TTL-14D
2026-08-02T05:15:00+00:00,2613,464.6,91.4,7.47,37.5,8.57,DSYA3_L2,5.47,2.613,2,5.47,2.613,0,0,70,HYP-LOOSE-CONN,ALM-K-WARN;ALM-K-ALM;ALM-TTL-14D
2026-08-02T05:30:00+00:00,2614,478.3,94,7.45,37.63,8.67,DSYA3_L2,5.66,2.613,2,5.66,2.613,0,0,70,HYP-LOOSE-CONN,ALM-K-WARN;ALM-K-ALM;ALM-TTL-14D
2026-08-02T05:45:00+00:00,2615,491.1,96.2,7.43,37.78,8.77,DSYA3_L2,6.09,2.613,2,6.09,2.613,0,0,70,HYP-LOOSE-CONN,ALM-K-WARN;ALM-K-ALM;ALM-TTL-14D
2026-08-02T06:00:00+00:00,2616,502,98.2,7.41,37.93,8.88,DSYA3_L2,6.51,2.613,2,6.51,2.613,0,0,70,HYP-LOOSE-CONN,ALM-K-WARN;ALM-K-ALM;ALM-TTL-14D
2026-08-02T06:15:00+00:00,2617,539.4,105.8,7.35,38.1,9,DSYA3_L2,7,2.613,2,7,2.613,0,0,70,HYP-LOOSE-CONN,ALM-K-WARN;ALM-K-ALM;ALM-TTL-14D
2026-08-02T06:30:00+00:00,2618,569.5,111.8,7.31,38.28,9.12,DSYA3_L2,7.89,2.613,2,7.89,2.613,0,0,70,HYP-LOOSE-CONN,ALM-K-WARN;ALM-K-ALM;ALM-TTL-14D
2026-08-02T06:45:00+00:00,2619,600.1,116.5,7.26,38.46,9.26,DSYA3_L2,8.09,2.613,2,8.09,2.613,0,0,70,HYP-LOOSE-CONN,ALM-K-WARN;ALM-K-ALM;ALM-TTL-14D
2026-08-02T07:00:00+00:00,2620,633.4,123.6,7.21,38.66,9.4,DSYA3_L2,9.62,2.613,2,9.62,2.613,0,0,70,HYP-LOOSE-CONN,ALM-K-WARN;ALM-K-ALM;ALM-TTL-14D
2026-08-02T07:15:00+00:00,2621,682.6,132.4,7.13,38.86,9.55,DSYA3_L2,10.68,2.614,2,10.68,2.614,0,0,70,HYP-LOOSE-CONN,ALM-K-WARN;ALM-K-ALM;ALM-TTL-14D
2026-08-02T07:30:00+00:00,2622,735.2,142.2,7.05,39.07,9.7,DSYA3_L2,12.51,2.614,2,12.51,2.614,0,0,70,HYP-LOOSE-CONN,ALM-K-WARN;ALM-K-ALM;ALM-TTL-14D
2026-08-02T07:45:00+00:00,2623,791.2,152.3,6.96,39.28,9.86,DSYA3_L2,14.21,2.615,11,14.21,2.615,0,0,70,HYP-LOOSE-CONN,ALM-K-WARN;ALM-K-ALM;ALM-TTL-14D
2026-08-02T08:00:00+00:00,2624,847.2,163.2,6.87,39.5,10.02,DSYA3_L2,16.82,2.616,11,16.82,2.616,0,0,70,HYP-LOOSE-CONN,ALM-K-WARN;ALM-K-ALM;ALM-TTL-14D
2026-08-02T08:15:00+00:00,2625,894.4,171,6.8,39.73,10.19,DSYA3_L2,18.83,2.617,12,18.83,2.617,0,0,70,HYP-LOOSE-CONN,ALM-K-WARN;ALM-K-ALM;ALM-TTL-14D
2026-08-02T08:30:00+00:00,2626,943.2,178.7,6.72,39.95,10.37,DSYA3_L2,21.08,2.618,24,21.08,2.618,0,0,70,HYP-LOOSE-CONN,ALM-K-WARN;ALM-K-ALM;ALM-TTL-14D
2026-08-02T08:45:00+00:00,2627,995,188.6,6.64,40.18,10.54,DSYA3_L2,23.73,2.619,24,23.73,2.619,0,0,90,HYP-LOOSE-CONN,ALM-THR-PHASE-DIF;ALM-K-WARN;ALM-K-ALM;ALM-TTL-14D
2026-08-02T09:00:00+00:00,2628,1046,197.7,6.56,40.41,10.72,DSYA3_L2,26.39,2.621,24,26.39,2.621,0,0,90,HYP-LOOSE-CONN,ALM-THR-PHASE-DIF;ALM-K-WARN;ALM-K-ALM;ALM-TTL-14D
2026-08-02T09:15:00+00:00,2629,1079,203.4,6.51,40.64,10.9,DSYA3_L2,28.85,2.623,24,28.85,2.623,0,0,90,HYP-LOOSE-CONN,ALM-THR-PHASE-DIF;ALM-K-WARN;ALM-K-ALM;ALM-TTL-14D
2026-08-02T09:30:00+00:00,2630,1110,208.6,6.46,40.87,11.08,DSYA3_L2,31.26,2.625,24,31.26,2.625,0,0,90,HYP-LOOSE-CONN,ALM-THR-PHASE-DIF;ALM-K-WARN;ALM-K-ALM;ALM-TTL-14D
2026-08-02T09:45:00+00:00,2631,1136,212.9,6.42,41.09,11.27,DSYA3_L2,32.79,2.627,25,32.79,2.627,0,0,90,HYP-LOOSE-CONN,ALM-THR-PHASE-DIF;ALM-K-WARN;ALM-K-ALM;ALM-TTL-14D
2026-08-02T10:00:00+00:00,2632,1164,219.2,6.38,41.32,11.45,DSYA3_L2,34.83,2.629,49,34.83,2.629,0,0,90,HYP-LOOSE-CONN,ALM-THR-PHASE-DIF;ALM-K-WARN;ALM-K-ALM;ALM-TTL-14D
2026-08-02T10:15:00+00:00,2633,1161,218.9,6.39,41.54,11.63,DSYA3_L2,36.3,2.632,49,36.3,2.632,0,0,90,HYP-LOOSE-CONN,ALM-THR-PHASE-DIF;ALM-K-WARN;ALM-K-ALM;ALM-TTL-14D
2026-08-02T10:30:00+00:00,2634,1151,215.6,6.4,41.75,11.8,DSYA3_L2,36.26,2.633,49,36.26,2.633,0,0,90,HYP-LOOSE-CONN,ALM-THR-PHASE-DIF;ALM-K-WARN;ALM-K-ALM;ALM-TTL-14D
2026-08-02T10:45:00+00:00,2635,1157,216.9,6.39,41.96,11.98,DSYA3_L2,36.53,2.636,48,36.53,2.636,0,0,90,HYP-LOOSE-CONN,ALM-THR-PHASE-DIF;ALM-K-WARN;ALM-K-ALM;ALM-TTL-14D
2026-08-02T11:00:00+00:00,2636,1161,219,6.38,42.16,12.15,DSYA3_L2,36.3,2.637,28,36.3,2.637,0,0,90,HYP-LOOSE-CONN,ALM-THR-PHASE-DIF;ALM-K-WARN;ALM-K-ALM;ALM-TTL-14D
2026-08-02T11:15:00+00:00,2637,1149,215.2,6.4,42.36,12.32,DSYA3_L2,35.96,2.638,24,35.96,2.638,0,0,90,HYP-LOOSE-CONN,ALM-THR-PHASE-DIF;ALM-K-WARN;ALM-K-ALM;ALM-TTL-14D
2026-08-02T11:30:00+00:00,2638,1146,215.5,6.41,42.54,12.48,DSYA3_L2,36.2,2.64,24,36.2,2.64,0,0,90,HYP-LOOSE-CONN,ALM-THR-PHASE-DIF;ALM-K-WARN;ALM-K-ALM;ALM-TTL-14D;ALM-PANEL-TEMP
2026-08-02T11:45:00+00:00,2639,1144,214.1,6.41,42.72,12.63,DSYA3_L2,35.79,2.642,23,35.79,2.642,0,0,90,HYP-LOOSE-CONN,ALM-THR-PHASE-DIF;ALM-K-WARN;ALM-K-ALM;ALM-TTL-14D;ALM-PANEL-TEMP
2026-08-02T12:00:00+00:00,2640,1138,210.9,6.41,42.89,12.78,DSYA3_L2,35.99,2.644,21,35.99,2.644,0,0,90,HYP-LOOSE-CONN,ALM-THR-PHASE-DIF;ALM-K-WARN;ALM-K-ALM;ALM-TTL-14D;ALM-PANEL-TEMP
2026-08-02T12:15:00+00:00,2641,1120,206.8,6.44,43.05,12.91,DSYA3_L2,35.84,2.645,21,35.84,2.645,0,0,90,HYP-LOOSE-CONN,ALM-THR-PHASE-DIF;ALM-K-WARN;ALM-K-ALM;ALM-TTL-14D;ALM-PANEL-TEMP
2026-08-02T12:30:00+00:00,2642,1104,204.4,6.47,43.19,13.04,DSYA3_L2,35.07,2.647,21,35.07,2.647,0,0,90,HYP-LOOSE-CONN,ALM-THR-PHASE-DIF;ALM-K-WARN;ALM-K-ALM;ALM-TTL-14D;ALM-PANEL-TEMP
2026-08-02T12:45:00+00:00,2643,1090,202.7,6.49,43.32,13.16,DSYA3_L2,33.94,2.648,20,33.94,2.648,0,0,90,HYP-LOOSE-CONN,ALM-THR-PHASE-DIF;ALM-K-WARN;ALM-K-ALM;ALM-TTL-14D;ALM-PANEL-TEMP
2026-08-02T13:00:00+00:00,2644,1074,200,6.51,43.45,13.27,DSYA3_L2,33,2.649,20,33,2.649,0,0,90,HYP-LOOSE-CONN,ALM-THR-PHASE-DIF;ALM-K-WARN;ALM-K-ALM;ALM-TTL-14D;ALM-PANEL-TEMP
2026-08-02T13:15:00+00:00,2645,1060,195.9,6.53,43.55,13.37,DSYA3_L2,32.06,2.65,19,32.06,2.65,0,0,90,HYP-LOOSE-CONN,ALM-THR-PHASE-DIF;ALM-K-WARN;ALM-K-ALM;ALM-TTL-14D;ALM-PANEL-TEMP
2026-08-02T13:30:00+00:00,2646,1044,193.6,6.56,43.65,13.45,DSYA3_L2,31.27,2.651,19,31.27,2.651,0,0,90,HYP-LOOSE-CONN,ALM-THR-PHASE-DIF;ALM-K-WARN;ALM-K-ALM;ALM-TTL-14D;ALM-PANEL-TEMP
2026-08-02T13:45:00+00:00,2647,1030,191.6,6.58,43.73,13.53,DSYA3_L2,30.63,2.652,19,30.63,2.652,0,0,90,HYP-LOOSE-CONN,ALM-THR-PHASE-DIF;ALM-K-WARN;ALM-K-ALM;ALM-TTL-14D;ALM-PANEL-TEMP
2026-08-02T14:00:00+00:00,2648,1014,189.2,6.61,43.8,13.59,DSYA3_L2,30.05,2.653,18,30.05,2.653,0,0,90,HYP-LOOSE-CONN,ALM-THR-PHASE-DIF;ALM-K-WARN;ALM-K-ALM;ALM-TTL-14D;ALM-PANEL-TEMP
2026-08-02T14:15:00+00:00,2649,1007,188,6.62,43.85,13.64,DSYA3_L2,28.6,2.653,18,28.6,2.653,0,0,90,HYP-LOOSE-CONN,ALM-THR-PHASE-DIF;ALM-K-WARN;ALM-K-ALM;ALM-TTL-14D;ALM-PANEL-TEMP
2026-08-02T14:30:00+00:00,2650,997.3,186.4,6.63,43.88,13.67,DSYA3_L2,28.36,2.654,18,28.36,2.654,0,0,90,HYP-LOOSE-CONN,ALM-THR-PHASE-DIF;ALM-K-WARN;ALM-K-ALM;ALM-TTL-14D;ALM-PANEL-TEMP
2026-08-02T14:45:00+00:00,2651,993,185.5,6.64,43.91,13.69,DSYA3_L2,27.77,2.655,18,27.77,2.655,0,0,90,HYP-LOOSE-CONN,ALM-THR-PHASE-DIF;ALM-K-WARN;ALM-K-ALM;ALM-TTL-14D;ALM-PANEL-TEMP
2026-08-02T15:00:00+00:00,2652,979.6,183.5,6.66,43.91,13.7,DSYA3_L2,27.52,2.656,17,27.52,2.656,0,0,90,HYP-LOOSE-CONN,ALM-THR-PHASE-DIF;ALM-K-WARN;ALM-K-ALM;ALM-TTL-14D;ALM-PANEL-TEMP
2026-08-02T15:15:00+00:00,2653,981.4,184.4,6.66,43.91,13.69,DSYA3_L2,26.87,2.657,17,26.87,2.657,0,0,90,HYP-LOOSE-CONN,ALM-THR-PHASE-DIF;ALM-K-WARN;ALM-K-ALM;ALM-TTL-14D;ALM-PANEL-TEMP
2026-08-02T15:30:00+00:00,2654,978.7,183.8,6.66,43.88,13.67,DSYA3_L2,26.64,2.657,17,26.64,2.657,0,0,90,HYP-LOOSE-CONN,ALM-THR-PHASE-DIF;ALM-K-WARN;ALM-K-ALM;ALM-TTL-14D;ALM-PANEL-TEMP
2026-08-02T15:45:00+00:00,2655,978.3,183.3,6.66,43.85,13.64,DSYA3_L2,26.47,2.658,17,26.47,2.658,0,0,90,HYP-LOOSE-CONN,ALM-THR-PHASE-DIF;ALM-K-WARN;ALM-K-ALM;ALM-TTL-14D;ALM-PANEL-TEMP
2026-08-02T16:00:00+00:00,2656,985.6,184.7,6.65,43.8,13.59,DSYA3_L2,26.85,2.659,16,26.85,2.659,0,0,90,HYP-LOOSE-CONN,ALM-THR-PHASE-DIF;ALM-K-WARN;ALM-K-ALM;ALM-TTL-14D;ALM-PANEL-TEMP
2026-08-02T16:15:00+00:00,2657,993.9,187,6.64,43.73,13.53,DSYA3_L2,27.01,2.661,16,27.01,2.661,0,0,90,HYP-LOOSE-CONN,ALM-THR-PHASE-DIF;ALM-K-WARN;ALM-K-ALM;ALM-TTL-14D;ALM-PANEL-TEMP
2026-08-02T16:30:00+00:00,2658,1012,191,6.61,43.65,13.45,DSYA3_L2,27.54,2.662,16,27.54,2.662,0,0,90,HYP-LOOSE-CONN,ALM-THR-PHASE-DIF;ALM-K-WARN;ALM-K-ALM;ALM-TTL-14D;ALM-PANEL-TEMP
2026-08-02T16:45:00+00:00,2659,1021,192,6.6,43.55,13.37,DSYA3_L2,28.06,2.663,16,28.06,2.663,0,0,90,HYP-LOOSE-CONN,ALM-THR-PHASE-DIF;ALM-K-WARN;ALM-K-ALM;ALM-TTL-14D;ALM-PANEL-TEMP
2026-08-02T17:00:00+00:00,2660,1036,195.1,6.58,43.45,13.27,DSYA3_L2,28.72,2.665,15,28.72,2.665,0,0,90,HYP-LOOSE-CONN,ALM-THR-PHASE-DIF;ALM-K-WARN;ALM-K-ALM;ALM-TTL-14D;ALM-PANEL-TEMP
2026-08-02T17:15:00+00:00,2661,1065,199.8,6.53,43.32,13.16,DSYA3_L2,29.67,2.666,15,29.67,2.666,0,0,90,HYP-LOOSE-CONN,ALM-THR-PHASE-DIF;ALM-K-WARN;ALM-K-ALM;ALM-TTL-14D;ALM-PANEL-TEMP
2026-08-02T17:30:00+00:00,2662,1097,205.4,6.48,43.19,13.04,DSYA3_L2,30.73,2.668,16,30.73,2.668,0,0,90,HYP-LOOSE-CONN,ALM-THR-PHASE-DIF;ALM-K-WARN;ALM-K-ALM;ALM-TTL-14D;ALM-PANEL-TEMP
2026-08-02T17:45:00+00:00,2663,1135,209.3,6.42,43.05,12.91,DSYA3_L2,32.71,2.67,16,32.71,2.67,0,0,90,HYP-LOOSE-CONN,ALM-THR-PHASE-DIF;ALM-K-WARN;ALM-K-ALM;ALM-TTL-14D;ALM-PANEL-TEMP
2026-08-02T18:00:00+00:00,2664,1168,213.8,6.36,42.89,12.78,DSYA3_L2,34.85,2.672,39,34.85,2.672,0,0,90,HYP-LOOSE-CONN,ALM-THR-PHASE-DIF;ALM-K-WARN;ALM-K-ALM;ALM-TTL-14D;ALM-PANEL-TEMP
2026-08-02T18:15:00+00:00,2665,1195,218.9,6.32,42.72,12.63,DSYA3_L2,37.23,2.675,63,37.23,2.675,0,0,90,HYP-LOOSE-CONN,ALM-THR-PHASE-DIF;ALM-K-WARN;ALM-K-ALM;ALM-TTL-14D;ALM-PANEL-TEMP
2026-08-02T18:30:00+00:00,2666,1217,223.5,6.29,42.54,12.48,DSYA3_L2,39.29,2.678,87,39.29,2.678,0,0,90,HYP-LOOSE-CONN,ALM-THR-PHASE-DIF;ALM-K-WARN;ALM-K-ALM;ALM-TTL-14D;ALM-PANEL-TEMP
2026-08-02T18:45:00+00:00,2667,1252,227.5,6.23,42.36,12.32,DSYA3_L2,40.33,2.68,112,40.33,2.68,0,0,90,HYP-LOOSE-CONN,ALM-THR-PHASE-DIF;ALM-K-WARN;ALM-K-ALM;ALM-TTL-14D;ALM-PANEL-TEMP
2026-08-02T19:00:00+00:00,2668,1283,234.1,6.19,42.16,12.15,DSYA3_L2,43.31,2.684,112,43.31,2.684,0,0,90,HYP-LOOSE-CONN,ALM-THR-PHASE-DIF;ALM-K-WARN;ALM-K-ALM;ALM-TTL-14D;ALM-PANEL-TEMP
2026-08-02T19:15:00+00:00,2669,1292,235.1,6.17,41.96,11.98,DSYA3_L2,44.82,2.687,116,44.82,2.687,0,0,90,HYP-LOOSE-CONN,ALM-THR-PHASE-DIF;ALM-K-WARN;ALM-K-ALM;ALM-TTL-14D;ALM-PANEL-TEMP
2026-08-02T19:30:00+00:00,2670,1316,239.9,6.14,41.75,11.8,DSYA3_L2,46.04,2.69,182,46.04,2.69,0,0,90,HYP-LOOSE-CONN,ALM-THR-PHASE-DIF;ALM-K-WARN;ALM-K-ALM;ALM-TTL-14D;ALM-PANEL-TEMP
2026-08-02T19:45:00+00:00,2671,1330,242.1,6.11,41.54,11.63,DSYA3_L2,47.51,2.693,181,47.51,2.693,0,0,90,HYP-LOOSE-CONN,ALM-THR-PHASE-DIF;ALM-K-WARN;ALM-K-ALM;ALM-TTL-14D
2026-08-02T20:00:00+00:00,2672,1350,243.7,6.08,41.32,11.45,DSYA3_L2,49.09,2.697,181,49.09,2.697,0,0,90,HYP-LOOSE-CONN,ALM-THR-PHASE-DIF;ALM-K-WARN;ALM-K-ALM;ALM-TTL-14D
2026-08-02T20:15:00+00:00,2673,1333,240.1,6.11,41.09,11.27,DSYA3_L2,50.24,2.7,181,50.24,2.7,0,0,90,HYP-LOOSE-CONN,ALM-THR-TERM-WARN;ALM-THR-PHASE-DIF;ALM-K-WARN;ALM-K-ALM;ALM-TTL-14D
2026-08-02T20:30:00+00:00,2674,1314,236.7,6.13,40.87,11.08,DSYA3_L2,50.1,2.704,111,50.1,2.704,0,0,90,HYP-LOOSE-CONN,ALM-THR-TERM-WARN;ALM-THR-PHASE-DIF;ALM-K-WARN;ALM-K-ALM;ALM-TTL-14D
2026-08-02T20:45:00+00:00,2675,1305,235.3,6.15,40.64,10.9,DSYA3_L2,48.9,2.706,91,48.9,2.706,0,0,90,HYP-LOOSE-CONN,ALM-THR-PHASE-DIF;ALM-K-WARN;ALM-K-ALM;ALM-TTL-14D
2026-08-02T21:00:00+00:00,2676,1296,234,6.16,40.41,10.72,DSYA3_L2,47.93,2.708,84,47.93,2.708,0,0,90,HYP-LOOSE-CONN,ALM-THR-PHASE-DIF;ALM-K-WARN;ALM-K-ALM;ALM-TTL-14D
2026-08-02T21:15:00+00:00,2677,1253,228.6,6.23,40.18,10.54,DSYA3_L2,47.42,2.71,62,47.42,2.71,0,0,90,HYP-LOOSE-CONN,ALM-THR-PHASE-DIF;ALM-K-WARN;ALM-K-ALM;ALM-TTL-14D
2026-08-02T21:30:00+00:00,2678,1228,224.4,6.27,39.95,10.37,DSYA3_L2,44.62,2.709,38,44.62,2.709,0,0,90,HYP-LOOSE-CONN,ALM-THR-PHASE-DIF;ALM-K-WARN;ALM-K-ALM;ALM-TTL-14D
2026-08-02T21:45:00+00:00,2679,1200,221.3,6.32,39.73,10.19,DSYA3_L2,43.04,2.711,18,43.04,2.711,0,0,90,HYP-LOOSE-CONN,ALM-THR-PHASE-DIF;ALM-K-WARN;ALM-K-ALM;ALM-TTL-14D
2026-08-02T22:00:00+00:00,2680,1168,218.1,6.37,39.5,10.02,DSYA3_L2,40.74,2.711,11,40.74,2.711,0,0,90,HYP-LOOSE-CONN,ALM-THR-PHASE-DIF;ALM-K-WARN;ALM-K-ALM;ALM-TTL-14D
2026-08-02T22:15:00+00:00,2681,1103,205.2,6.47,39.28,9.86,DSYA3_L2,38.93,2.712,10,38.93,2.712,0,0,90,HYP-LOOSE-CONN,ALM-THR-PHASE-DIF;ALM-K-WARN;ALM-K-ALM;ALM-TTL-14D
2026-08-02T22:30:00+00:00,2682,1029,193.7,6.59,39.07,9.7,DSYA3_L2,35.01,2.71,10,35.01,2.71,0,0,90,HYP-LOOSE-CONN,ALM-THR-PHASE-DIF;ALM-K-WARN;ALM-K-ALM;ALM-TTL-14D
2026-08-02T22:45:00+00:00,2683,959.7,182.1,6.7,38.86,9.55,DSYA3_L2,31.02,2.709,9,31.02,2.709,0,0,90,HYP-LOOSE-CONN,ALM-THR-PHASE-DIF;ALM-K-WARN;ALM-K-ALM;ALM-TTL-14D
2026-08-02T23:00:00+00:00,2684,888.2,169.7,6.81,38.66,9.4,DSYA3_L2,26.83,2.708,9,26.83,2.708,0,0,90,HYP-LOOSE-CONN,ALM-THR-PHASE-DIF;ALM-K-WARN;ALM-K-ALM;ALM-TTL-14D
2026-08-02T23:15:00+00:00,2685,799,154.9,6.95,38.46,9.26,DSYA3_L2,23.34,2.708,8,23.34,2.708,0,0,70,HYP-LOOSE-CONN,ALM-K-WARN;ALM-K-ALM;ALM-TTL-14D
2026-08-02T23:30:00+00:00,2686,708.4,138.6,7.09,38.28,9.12,DSYA3_L2,19.23,2.707,8,19.23,2.707,0,0,70,HYP-LOOSE-CONN,ALM-K-WARN;ALM-K-ALM;ALM-TTL-14D
2026-08-02T23:45:00+00:00,2687,621.8,123,7.23,38.1,9,DSYA3_L2,15.08,2.707,7,15.08,2.707,0,0,70,HYP-LOOSE-CONN,ALM-K-WARN;ALM-K-ALM;ALM-TTL-14D
2026-08-03T00:00:00+00:00,2688,532.6,106.7,7.37,37.9,8.86,DSYA3_L2,11.43,2.706,7,11.43,2.706,0,0,70,HYP-LOOSE-CONN,ALM-K-WARN;ALM-K-ALM;ALM-TTL-14D
2026-08-03T00:15:00+00:00,2689,524,105.6,7.38,37.74,8.75,DSYA3_L2,9.02,2.706,7,9.02,2.706,0,0,70,HYP-LOOSE-CONN,ALM-K-WARN;ALM-K-ALM;ALM-TTL-14D
2026-08-03T00:30:00+00:00,2690,511.5,103.4,7.4,37.6,8.64,DSYA3_L2,7.84,2.706,6,7.84,2.706,0,0,70,HYP-LOOSE-CONN,ALM-K-WARN;ALM-K-ALM;ALM-TTL-14D
2026-08-03T00:45:00+00:00,2691,494.7,100.6,7.43,37.46,8.55,DSYA3_L2,7.38,2.706,6,7.38,2.706,0,0,70,HYP-LOOSE-CONN,ALM-K-WARN;ALM-K-ALM;ALM-TTL-14D
2026-08-03T01:00:00+00:00,2692,482.8,98.7,7.45,37.34,8.47,DSYA3_L2,6.96,2.706,6,6.96,2.706,0,0,70,HYP-LOOSE-CONN,ALM-K-WARN;ALM-K-ALM;ALM-TTL-14D
2026-08-03T01:15:00+00:00,2693,479.7,98,7.45,37.23,8.39,DSYA3_L2,6.42,2.706,5,6.42,2.706,0,0,70,HYP-LOOSE-CONN,ALM-K-WARN;ALM-K-ALM;ALM-TTL-14D
2026-08-03T01:30:00+00:00,2694,472.7,96.8,7.46,37.14,8.33,DSYA3_L2,6.22,2.706,5,6.22,2.706,0,0,70,HYP-LOOSE-CONN,ALM-K-WARN;ALM-K-ALM;ALM-TTL-14D
2026-08-03T01:45:00+00:00,2695,463.2,94.6,7.48,37.06,8.27,DSYA3_L2,6.08,2.706,5,6.08,2.706,0,0,70,HYP-LOOSE-CONN,ALM-K-WARN;ALM-K-ALM;ALM-TTL-14D
2026-08-03T02:00:00+00:00,2696,454.9,93,7.49,36.99,8.23,DSYA3_L2,5.9,2.706,5,5.9,2.706,0,0,70,HYP-LOOSE-CONN,ALM-K-WARN;ALM-K-ALM;ALM-TTL-14D
2026-08-03T02:15:00+00:00,2697,454.1,93.2,7.49,36.94,8.19,DSYA3_L2,5.97,2.706,4,5.97,2.706,0,0,70,HYP-LOOSE-CONN,ALM-K-WARN;ALM-K-ALM;ALM-TTL-14D
2026-08-03T02:30:00+00:00,2698,449.7,92.3,7.5,36.9,8.17,DSYA3_L2,5.69,2.706,4,5.69,2.706,0,0,70,HYP-LOOSE-CONN,ALM-K-WARN;ALM-K-ALM;ALM-TTL-14D
2026-08-03T02:45:00+00:00,2699,445.8,92.2,7.51,36.88,8.15,DSYA3_L2,5.49,2.706,4,5.49,2.706,0,0,70,HYP-LOOSE-CONN,ALM-K-WARN;ALM-K-ALM;ALM-TTL-14D
2026-08-03T03:00:00+00:00,2700,444.5,91.7,7.51,36.87,8.15,DSYA3_L2,4.89,2.706,4,4.89,2.706,0,0,70,HYP-LOOSE-CONN,ALM-K-WARN;ALM-K-ALM;ALM-TTL-14D
2026-08-03T03:15:00+00:00,2701,443.5,92,7.51,36.88,8.15,DSYA3_L2,5.55,2.706,3,5.55,2.706,0,0,70,HYP-LOOSE-CONN,ALM-K-WARN;ALM-K-ALM;ALM-TTL-14D
2026-08-03T03:30:00+00:00,2702,445.2,92.3,7.51,36.9,8.17,DSYA3_L2,5.18,2.706,3,5.18,2.706,0,0,70,HYP-LOOSE-CONN,ALM-K-WARN;ALM-K-ALM;ALM-TTL-14D
2026-08-03T03:45:00+00:00,2703,442,91.5,7.51,36.94,8.19,DSYA3_L2,5.2,2.706,3,5.2,2.706,0,0,70,HYP-LOOSE-CONN,ALM-K-WARN;ALM-K-ALM;ALM-TTL-14D
2026-08-03T04:00:00+00:00,2704,445.7,92.7,7.51,36.99,8.23,DSYA3_L2,4.92,2.706,3,4.92,2.706,0,0,70,HYP-LOOSE-CONN,ALM-K-WARN;ALM-K-ALM;ALM-TTL-14D
2026-08-03T04:15:00+00:00,2705,456.3,94.5,7.49,37.06,8.27,DSYA3_L2,5.72,2.706,2,5.72,2.706,0,0,70,HYP-LOOSE-CONN,ALM-K-WARN;ALM-K-ALM;ALM-TTL-14D
2026-08-03T04:30:00+00:00,2706,463.7,96,7.48,37.14,8.33,DSYA3_L2,5.31,2.706,2,5.31,2.706,0,0,70,HYP-LOOSE-CONN,ALM-K-WARN;ALM-K-ALM;ALM-TTL-14D
2026-08-03T04:45:00+00:00,2707,474,97.6,7.46,37.23,8.39,DSYA3_L2,5.62,2.706,2,5.62,2.706,0,0,70,HYP-LOOSE-CONN,ALM-K-WARN;ALM-K-ALM;ALM-TTL-14D
2026-08-03T05:00:00+00:00,2708,481.5,99.1,7.45,37.34,8.47,DSYA3_L2,6.19,2.706,2,6.19,2.706,0,0,70,HYP-LOOSE-CONN,ALM-K-WARN;ALM-K-ALM;ALM-TTL-14D
2026-08-03T05:15:00+00:00,2709,516.7,106,7.4,37.46,8.55,DSYA3_L2,6.41,2.706,1,6.41,2.706,0,0,70,HYP-LOOSE-CONN,ALM-K-WARN;ALM-K-ALM;ALM-TTL-14D
2026-08-03T05:30:00+00:00,2710,550.2,112.8,7.34,37.6,8.64,DSYA3_L2,6.87,2.706,1,6.87,2.706,0,0,70,HYP-LOOSE-CONN,ALM-K-WARN;ALM-K-ALM;ALM-TTL-14D
2026-08-03T05:45:00+00:00,2711,586.8,119.3,7.29,37.74,8.75,DSYA3_L2,7.73,2.707,1,7.73,2.707,0,0,70,HYP-LOOSE-CONN,ALM-K-WARN;ALM-K-ALM;ALM-TTL-14D
2026-08-03T06:00:00+00:00,2712,620.3,126,7.23,37.9,8.86,DSYA3_L2,9.46,2.707,1,9.46,2.707,0,0,70,HYP-LOOSE-CONN,ALM-K-WARN;ALM-K-ALM;ALM-TTL-14D
2026-08-03T06:15:00+00:00,2713,727.9,147.4,7.07,38.07,8.97,DSYA3_L2,9.95,2.707,1,9.95,2.707,0,0,70,HYP-LOOSE-CONN,ALM-K-WARN;ALM-K-ALM;ALM-TTL-14D
2026-08-03T06:30:00+00:00,2714,833.5,166.2,6.9,38.24,9.1,DSYA3_L2,13.29,2.708,1,13.29,2.708,0,0,70,HYP-LOOSE-CONN,ALM-K-WARN;ALM-K-ALM;ALM-TTL-14D
2026-08-03T06:45:00+00:00,2715,948,186.8,6.72,38.43,9.23,DSYA3_L2,17.7,2.709,1,17.7,2.709,0,0,70,HYP-LOOSE-CONN,ALM-K-WARN;ALM-K-ALM;ALM-TTL-14D
2026-08-03T07:00:00+00:00,2716,1055,205.7,6.56,38.63,9.37,DSYA3_L2,23.31,2.712,1,23.31,2.712,0,0,90,HYP-LOOSE-CONN,ALM-THR-PHASE-DIF;ALM-K-WARN;ALM-K-ALM;ALM-TTL-14D
2026-08-03T07:15:00+00:00,2717,1156,222.1,6.4,38.83,9.52,DSYA3_L2,28.33,2.713,4,28.33,2.713,0,0,90,HYP-LOOSE-CONN,ALM-THR-PHASE-DIF;ALM-K-WARN;ALM-K-ALM;ALM-TTL-14D
2026-08-03T07:30:00+00:00,2718,1261,240.4,6.24,39.04,9.68,DSYA3_L2,35.16,2.717,196,35.16,2.717,0,0,90,HYP-LOOSE-CONN,ALM-THR-PHASE-DIF;ALM-K-WARN;ALM-K-ALM;ALM-TTL-14D
2026-08-03T07:45:00+00:00,2719,1371,257,6.06,39.25,9.84,DSYA3_L2,41.66,2.72,339,41.66,2.72,0,0,70,HYP-LOOSE-CONN,ALM-THR-PHASE-DIF;ALM-K-WARN;ALM-K-ALM
2026-08-03T08:00:00+00:00,2720,1478,273.1,5.89,39.47,10,DSYA3_L2,49.68,2.724,433,49.68,2.724,0,0,70,HYP-LOOSE-CONN,ALM-THR-PHASE-DIF;ALM-K-WARN;ALM-K-ALM
2026-08-03T08:15:00+00:00,2721,1506,277.4,5.85,39.69,10.17,DSYA3_L2,57.69,2.728,435,57.69,2.728,0,0,70,HYP-LOOSE-CONN,ALM-THR-TERM-WARN;ALM-THR-PHASE-DIF;ALM-K-WARN;ALM-K-ALM
2026-08-03T08:30:00+00:00,2722,1537,283.4,5.8,39.92,10.34,DSYA3_L2,61.77,2.733,411,61.77,2.733,0,0,70,HYP-LOOSE-CONN,ALM-THR-TERM-WARN;ALM-THR-PHASE-DIF;ALM-K-WARN;ALM-K-ALM
2026-08-03T08:45:00+00:00,2723,1566,288.2,5.76,40.15,10.52,DSYA3_L2,64.57,2.739,386,64.57,2.739,0,0,70,HYP-LOOSE-CONN,ALM-THR-TERM-WARN;ALM-THR-PHASE-DIF;ALM-K-WARN;ALM-K-ALM
2026-08-03T09:00:00+00:00,2724,1604,296.2,5.7,40.38,10.7,DSYA3_L2,67.04,2.744,384,67.04,2.744,0,0,70,HYP-LOOSE-CONN,ALM-THR-TERM-WARN;ALM-THR-PHASE-DIF;ALM-K-WARN;ALM-K-ALM;ALM-PANEL-TEMP
2026-08-03T09:15:00+00:00,2725,1588,293.3,5.73,40.61,10.88,DSYA3_L2,69.78,2.749,338,69.78,2.749,0,0,70,HYP-LOOSE-CONN,ALM-THR-TERM-WARN;ALM-THR-PHASE-DIF;ALM-K-WARN;ALM-K-ALM;ALM-PANEL-TEMP
2026-08-03T09:30:00+00:00,2726,1586,293.8,5.73,40.84,11.06,DSYA3_L2,69.54,2.754,336,69.54,2.754,0,0,70,HYP-LOOSE-CONN,ALM-THR-TERM-WARN;ALM-THR-PHASE-DIF;ALM-K-WARN;ALM-K-ALM;ALM-PANEL-TEMP
2026-08-03T09:45:00+00:00,2727,1581,292.2,5.74,41.06,11.24,DSYA3_L2,69.51,2.76,270,69.51,2.76,0,0,90,HYP-LOOSE-CONN,ALM-THR-TERM-WARN;ALM-THR-PHASE-DIF;ALM-K-WARN;ALM-K-ALM;ALM-TTL-14D;ALM-PANEL-TEMP
2026-08-03T10:00:00+00:00,2728,1572,291.1,5.75,41.29,11.42,DSYA3_L2,69.06,2.764,245,69.06,2.764,0,0,90,HYP-LOOSE-CONN,ALM-THR-TERM-WARN;ALM-THR-PHASE-DIF;ALM-K-WARN;ALM-K-ALM;ALM-TTL-14D;ALM-PANEL-TEMP
2026-08-03T10:15:00+00:00,2729,1570,290.8,5.75,41.51,11.6,DSYA3_L2,68.65,2.769,245,68.65,2.769,0,0,90,HYP-LOOSE-CONN,ALM-THR-TERM-WARN;ALM-THR-PHASE-DIF;ALM-K-WARN;ALM-K-ALM;ALM-TTL-14D;ALM-PANEL-TEMP
2026-08-03T10:30:00+00:00,2730,1580,290.9,5.74,41.72,11.78,DSYA3_L2,68.05,2.772,263,68.05,2.772,0,0,90,HYP-LOOSE-CONN,ALM-THR-TERM-WARN;ALM-THR-PHASE-DIF;ALM-K-WARN;ALM-K-ALM;ALM-TTL-14D;ALM-PANEL-TEMP
2026-08-03T10:45:00+00:00,2731,1590,292.8,5.72,41.93,11.95,DSYA3_L2,68.97,2.776,264,68.97,2.776,0,0,90,HYP-LOOSE-CONN,ALM-THR-TERM-WARN;ALM-THR-PHASE-DIF;ALM-K-WARN;ALM-K-ALM;ALM-TTL-14D;ALM-PANEL-TEMP
2026-08-03T11:00:00+00:00,2732,1604,296,5.7,42.13,12.12,DSYA3_L2,69.78,2.78,244,69.78,2.78,0,0,90,HYP-LOOSE-CONN,ALM-THR-TERM-WARN;ALM-THR-PHASE-DIF;ALM-K-WARN;ALM-K-ALM;ALM-TTL-14D;ALM-PANEL-TEMP
2026-08-03T11:15:00+00:00,2733,1596,294.8,5.71,42.33,12.29,DSYA3_L2,71.18,2.784,240,71.18,2.784,0,0,100,HYP-LOOSE-CONN,ALM-THR-TERM-WARN;ALM-THR-TERM-ALM;ALM-THR-PHASE-DIF;ALM-K-WARN;ALM-K-ALM;ALM-TTL-14D;ALM-PANEL-TEMP
2026-08-03T11:30:00+00:00,2734,1593,295.5,5.72,42.51,12.45,DSYA3_L2,70.39,2.787,240,70.39,2.787,0,0,100,HYP-LOOSE-CONN,ALM-THR-TERM-WARN;ALM-THR-TERM-ALM;ALM-THR-PHASE-DIF;ALM-K-WARN;ALM-K-ALM;ALM-TTL-14D;ALM-PANEL-TEMP
2026-08-03T11:45:00+00:00,2735,1593,295.3,5.72,42.69,12.6,DSYA3_L2,70.44,2.79,239,70.44,2.79,0,0,100,HYP-LOOSE-CONN,ALM-THR-TERM-WARN;ALM-THR-TERM-ALM;ALM-THR-PHASE-DIF;ALM-K-WARN;ALM-K-ALM;ALM-TTL-14D;ALM-PANEL-TEMP
2026-08-03T12:00:00+00:00,2736,1579,296.2,5.75,42.86,12.75,DSYA3_L2,70.38,2.794,219,70.38,2.794,0,0,100,HYP-LOOSE-CONN,ALM-THR-TERM-WARN;ALM-THR-TERM-ALM;ALM-THR-PHASE-DIF;ALM-K-WARN;ALM-K-ALM;ALM-TTL-14D;ALM-PANEL-TEMP
2026-08-03T12:15:00+00:00,2737,1555,290.4,5.78,43.01,12.89,DSYA3_L2,69.2,2.797,213,69.2,2.797,0,0,90,HYP-LOOSE-CONN,ALM-THR-TERM-WARN;ALM-THR-PHASE-DIF;ALM-K-WARN;ALM-K-ALM;ALM-TTL-14D;ALM-PANEL-TEMP
2026-08-03T12:30:00+00:00,2738,1532,287.3,5.82,43.16,13.02,DSYA3_L2,67.35,2.799,195,67.35,2.799,0,0,90,HYP-LOOSE-CONN,ALM-THR-TERM-WARN;ALM-THR-PHASE-DIF;ALM-K-WARN;ALM-K-ALM;ALM-TTL-14D;ALM-PANEL-TEMP
2026-08-03T12:45:00+00:00,2739,1516,285.1,5.84,43.29,13.13,DSYA3_L2,65.36,2.8,190,65.36,2.8,0,0,90,HYP-LOOSE-CONN,ALM-THR-TERM-WARN;ALM-THR-PHASE-DIF;ALM-K-WARN;ALM-K-ALM;ALM-TTL-14D;ALM-PANEL-TEMP
2026-08-03T13:00:00+00:00,2740,1502,282.7,5.87,43.41,13.24,DSYA3_L2,63.97,2.802,170,63.97,2.802,0,0,90,HYP-LOOSE-CONN,ALM-THR-TERM-WARN;ALM-THR-PHASE-DIF;ALM-K-WARN;ALM-K-ALM;ALM-TTL-14D;ALM-PANEL-TEMP
2026-08-03T13:15:00+00:00,2741,1520,288.1,5.84,43.52,13.34,DSYA3_L2,62.44,2.803,190,62.44,2.803,0,0,90,HYP-LOOSE-CONN,ALM-THR-TERM-WARN;ALM-THR-PHASE-DIF;ALM-K-WARN;ALM-K-ALM;ALM-TTL-14D;ALM-PANEL-TEMP
2026-08-03T13:30:00+00:00,2742,1537,289.5,5.81,43.62,13.43,DSYA3_L2,63.63,2.806,190,63.63,2.806,0,0,90,HYP-LOOSE-CONN,ALM-THR-TERM-WARN;ALM-THR-PHASE-DIF;ALM-K-WARN;ALM-K-ALM;ALM-TTL-14D;ALM-PANEL-TEMP
2026-08-03T13:45:00+00:00,2743,1552,292.8,5.79,43.7,13.5,DSYA3_L2,64.79,2.808,194,64.79,2.808,0,0,90,HYP-LOOSE-CONN,ALM-THR-TERM-WARN;ALM-THR-PHASE-DIF;ALM-K-WARN;ALM-K-ALM;ALM-TTL-14D;ALM-PANEL-TEMP
2026-08-03T14:00:00+00:00,2744,1564,293.1,5.77,43.76,13.56,DSYA3_L2,65.9,2.81,193,65.9,2.81,0,0,90,HYP-LOOSE-CONN,ALM-THR-TERM-WARN;ALM-THR-PHASE-DIF;ALM-K-WARN;ALM-K-ALM;ALM-TTL-14D;ALM-PANEL-TEMP
2026-08-03T14:15:00+00:00,2745,1579,293.6,5.74,43.82,13.61,DSYA3_L2,67.38,2.812,213,67.38,2.812,0,0,90,HYP-LOOSE-CONN,ALM-THR-TERM-WARN;ALM-THR-PHASE-DIF;ALM-K-WARN;ALM-K-ALM;ALM-TTL-14D;ALM-PANEL-TEMP
2026-08-03T14:30:00+00:00,2746,1589,293.2,5.72,43.85,13.64,DSYA3_L2,68.47,2.814,235,68.47,2.814,0,0,90,HYP-LOOSE-CONN,ALM-THR-TERM-WARN;ALM-THR-PHASE-DIF;ALM-K-WARN;ALM-K-ALM;ALM-TTL-14D;ALM-PANEL-TEMP
2026-08-03T14:45:00+00:00,2747,1610,296.2,5.69,43.88,13.66,DSYA3_L2,70.07,2.816,236,70.07,2.816,0,0,100,HYP-LOOSE-CONN,ALM-THR-TERM-WARN;ALM-THR-TERM-ALM;ALM-THR-PHASE-DIF;ALM-K-WARN;ALM-K-ALM;ALM-TTL-14D;ALM-PANEL-TEMP
2026-08-03T15:00:00+00:00,2748,1622,296.8,5.67,43.88,13.67,DSYA3_L2,71.62,2.818,236,71.62,2.818,0,0,100,HYP-LOOSE-CONN,ALM-THR-TERM-WARN;ALM-THR-TERM-ALM;ALM-THR-PHASE-DIF;ALM-K-WARN;ALM-K-ALM;ALM-TTL-14D;ALM-PANEL-TEMP
2026-08-03T15:15:00+00:00,2749,1622,296.9,5.67,43.88,13.66,DSYA3_L2,73.18,2.821,236,73.18,2.821,0,0,100,HYP-LOOSE-CONN,ALM-THR-TERM-WARN;ALM-THR-TERM-ALM;ALM-THR-PHASE-DIF;ALM-K-WARN;ALM-K-ALM;ALM-TTL-14D;ALM-PANEL-TEMP
2026-08-03T15:30:00+00:00,2750,1620,296.2,5.67,43.85,13.64,DSYA3_L2,73.22,2.822,240,73.22,2.822,0,0,100,HYP-LOOSE-CONN,ALM-THR-TERM-WARN;ALM-THR-TERM-ALM;ALM-THR-PHASE-DIF;ALM-K-WARN;ALM-K-ALM;ALM-TTL-14D;ALM-PANEL-TEMP
2026-08-03T15:45:00+00:00,2751,1621,297.4,5.67,43.82,13.61,DSYA3_L2,73.51,2.825,240,73.51,2.825,0,0,100,HYP-LOOSE-CONN,ALM-THR-TERM-WARN;ALM-THR-TERM-ALM;ALM-THR-PHASE-DIF;ALM-K-WARN;ALM-K-ALM;ALM-TTL-14D;ALM-PANEL-TEMP
2026-08-03T16:00:00+00:00,2752,1621,296.7,5.67,43.76,13.56,DSYA3_L2,73.37,2.827,235,73.37,2.827,0,0,100,HYP-LOOSE-CONN,ALM-THR-TERM-WARN;ALM-THR-TERM-ALM;ALM-THR-PHASE-DIF;ALM-K-WARN;ALM-K-ALM;ALM-TTL-14D;ALM-PANEL-TEMP
2026-08-03T16:15:00+00:00,2753,1632,298.7,5.66,43.7,13.5,DSYA3_L2,73.46,2.828,235,73.46,2.828,0,0,100,HYP-LOOSE-CONN,ALM-THR-TERM-WARN;ALM-THR-TERM-ALM;ALM-THR-PHASE-DIF;ALM-K-WARN;ALM-K-ALM;ALM-TTL-14D;ALM-PANEL-TEMP
2026-08-03T16:30:00+00:00,2754,1625,297.2,5.67,43.62,13.43,DSYA3_L2,74.13,2.83,235,74.13,2.83,0,0,100,HYP-LOOSE-CONN,ALM-THR-TERM-WARN;ALM-THR-TERM-ALM;ALM-THR-PHASE-DIF;ALM-K-WARN;ALM-K-ALM;ALM-TTL-14D;ALM-PANEL-TEMP
2026-08-03T16:45:00+00:00,2755,1619,299.5,5.68,43.52,13.34,DSYA3_L2,74.08,2.832,234,74.08,2.832,0,0,100,HYP-LOOSE-CONN,ALM-THR-TERM-WARN;ALM-THR-TERM-ALM;ALM-THR-PHASE-DIF;ALM-K-WARN;ALM-K-ALM;ALM-TTL-14D;ALM-PANEL-TEMP
2026-08-03T17:00:00+00:00,2756,1623,300.2,5.67,43.41,13.24,DSYA3_L2,73.27,2.833,232,73.27,2.833,0,0,100,HYP-LOOSE-CONN,ALM-THR-TERM-WARN;ALM-THR-TERM-ALM;ALM-THR-PHASE-DIF;ALM-K-WARN;ALM-K-ALM;ALM-TTL-14D;ALM-PANEL-TEMP
2026-08-03T17:15:00+00:00,2757,1596,296.4,5.72,43.29,13.13,DSYA3_L2,73.32,2.835,214,73.32,2.835,0,0,100,HYP-LOOSE-CONN,ALM-THR-TERM-WARN;ALM-THR-TERM-ALM;ALM-THR-PHASE-DIF;ALM-K-WARN;ALM-K-ALM;ALM-TTL-14D;ALM-PANEL-TEMP
2026-08-03T17:30:00+00:00,2758,1572,292.6,5.75,43.16,13.02,DSYA3_L2,71.35,2.836,210,71.35,2.836,0,0,100,HYP-LOOSE-CONN,ALM-THR-TERM-WARN;ALM-THR-TERM-ALM;ALM-THR-PHASE-DIF;ALM-K-WARN;ALM-K-ALM;ALM-TTL-14D;ALM-PANEL-TEMP
2026-08-03T17:45:00+00:00,2759,1545,288.8,5.8,43.01,12.89,DSYA3_L2,68.97,2.836,209,68.97,2.836,0,0,90,HYP-LOOSE-CONN,ALM-THR-TERM-WARN;ALM-THR-PHASE-DIF;ALM-K-WARN;ALM-K-ALM;ALM-TTL-14D;ALM-PANEL-TEMP
2026-08-03T18:00:00+00:00,2760,1522,285.7,5.83,42.86,12.75,DSYA3_L2,67,2.836,185,67,2.836,0,0,90,HYP-LOOSE-CONN,ALM-THR-TERM-WARN;ALM-THR-PHASE-DIF;ALM-K-WARN;ALM-K-ALM;ALM-TTL-14D;ALM-PANEL-TEMP
2026-08-03T18:15:00+00:00,2761,1521,287.3,5.84,42.69,12.6,DSYA3_L2,64.92,2.837,185,64.92,2.837,0,0,90,HYP-LOOSE-CONN,ALM-THR-TERM-WARN;ALM-THR-PHASE-DIF;ALM-K-WARN;ALM-K-ALM;ALM-TTL-14D;ALM-PANEL-TEMP
2026-08-03T18:30:00+00:00,2762,1513,285.4,5.85,42.51,12.45,DSYA3_L2,64.34,2.838,184,64.34,2.838,0,0,90,HYP-LOOSE-CONN,ALM-THR-TERM-WARN;ALM-THR-PHASE-DIF;ALM-K-WARN;ALM-K-ALM;ALM-TTL-14D;ALM-PANEL-TEMP
2026-08-03T18:45:00+00:00,2763,1498,284.5,5.87,42.33,12.29,DSYA3_L2,63.68,2.838,161,63.68,2.838,0,0,90,HYP-LOOSE-CONN,ALM-THR-TERM-WARN;ALM-THR-PHASE-DIF;ALM-K-WARN;ALM-K-ALM;ALM-TTL-14D;ALM-PANEL-TEMP
2026-08-03T19:00:00+00:00,2764,1474,277.4,5.91,42.13,12.12,DSYA3_L2,62.54,2.839,158,62.54,2.839,0,0,90,HYP-LOOSE-CONN,ALM-THR-TERM-WARN;ALM-THR-PHASE-DIF;ALM-K-WARN;ALM-K-ALM;ALM-TTL-14D;ALM-PANEL-TEMP
2026-08-03T19:15:00+00:00,2765,1489,277.3,5.88,41.93,11.95,DSYA3_L2,60.88,2.84,164,60.88,2.84,0,0,90,HYP-LOOSE-CONN,ALM-THR-TERM-WARN;ALM-THR-PHASE-DIF;ALM-K-WARN;ALM-K-ALM;ALM-TTL-14D;ALM-PANEL-TEMP
2026-08-03T19:30:00+00:00,2766,1505,280.4,5.86,41.72,11.78,DSYA3_L2,61.65,2.841,184,61.65,2.841,0,0,90,HYP-LOOSE-CONN,ALM-THR-TERM-WARN;ALM-THR-PHASE-DIF;ALM-K-WARN;ALM-K-ALM;ALM-TTL-14D;ALM-PANEL-TEMP
2026-08-03T19:45:00+00:00,2767,1511,278.9,5.84,41.51,11.6,DSYA3_L2,62.88,2.841,207,62.88,2.841,0,0,90,HYP-LOOSE-CONN,ALM-THR-TERM-WARN;ALM-THR-PHASE-DIF;ALM-K-WARN;ALM-K-ALM;ALM-TTL-14D;ALM-PANEL-TEMP
2026-08-03T20:00:00+00:00,2768,1522,281.4,5.83,41.29,11.42,DSYA3_L2,63.54,2.842,207,63.54,2.842,0,0,90,HYP-LOOSE-CONN,ALM-THR-TERM-WARN;ALM-THR-PHASE-DIF;ALM-K-WARN;ALM-K-ALM;ALM-TTL-14D;ALM-PANEL-TEMP
2026-08-03T20:15:00+00:00,2769,1509,281.6,5.85,41.06,11.24,DSYA3_L2,64.95,2.844,187,64.95,2.844,0,0,90,HYP-LOOSE-CONN,ALM-THR-TERM-WARN;ALM-THR-PHASE-DIF;ALM-K-WARN;ALM-K-ALM;ALM-TTL-14D;ALM-PANEL-TEMP
2026-08-03T20:30:00+00:00,2770,1481,279,5.9,40.84,11.06,DSYA3_L2,63.74,2.844,183,63.74,2.844,0,0,90,HYP-LOOSE-CONN,ALM-THR-TERM-WARN;ALM-THR-PHASE-DIF;ALM-K-WARN;ALM-K-ALM;ALM-TTL-14D;ALM-PANEL-TEMP
2026-08-03T20:45:00+00:00,2771,1463,276.6,5.93,40.61,10.88,DSYA3_L2,61.77,2.845,159,61.77,2.845,0,0,90,HYP-LOOSE-CONN,ALM-THR-TERM-WARN;ALM-THR-PHASE-DIF;ALM-K-WARN;ALM-K-ALM;ALM-TTL-14D
2026-08-03T21:00:00+00:00,2772,1437,271.9,5.97,40.38,10.7,DSYA3_L2,60.36,2.845,156,60.36,2.845,0,0,90,HYP-LOOSE-CONN,ALM-THR-TERM-WARN;ALM-THR-PHASE-DIF;ALM-K-WARN;ALM-K-ALM;ALM-TTL-14D
2026-08-03T21:15:00+00:00,2773,1388,262.2,6.04,40.15,10.52,DSYA3_L2,58.2,2.846,156,58.2,2.846,0,0,90,HYP-LOOSE-CONN,ALM-THR-TERM-WARN;ALM-THR-PHASE-DIF;ALM-K-WARN;ALM-K-ALM;ALM-TTL-14D
2026-08-03T21:30:00+00:00,2774,1335,254.6,6.12,39.92,10.34,DSYA3_L2,55.01,2.846,62,55.01,2.846,0,0,90,HYP-LOOSE-CONN,ALM-THR-TERM-WARN;ALM-THR-PHASE-DIF;ALM-K-WARN;ALM-K-ALM;ALM-TTL-14D
2026-08-03T21:45:00+00:00,2775,1280,246.6,6.21,39.69,10.17,DSYA3_L2,51.35,2.846,13,51.35,2.846,0,0,90,HYP-LOOSE-CONN,ALM-THR-TERM-WARN;ALM-THR-PHASE-DIF;ALM-K-WARN;ALM-K-ALM;ALM-TTL-14D
2026-08-03T22:00:00+00:00,2776,1225,236.4,6.29,39.47,10,DSYA3_L2,47.09,2.845,11,47.09,2.845,0,0,90,HYP-LOOSE-CONN,ALM-THR-PHASE-DIF;ALM-K-WARN;ALM-K-ALM;ALM-TTL-14D
2026-08-03T22:15:00+00:00,2777,1130,219.8,6.44,39.25,9.84,DSYA3_L2,42.75,2.844,10,42.75,2.844,0,0,90,HYP-LOOSE-CONN,ALM-THR-PHASE-DIF;ALM-K-WARN;ALM-K-ALM;ALM-TTL-14D
2026-08-03T22:30:00+00:00,2778,1038,205.6,6.59,39.04,9.68,DSYA3_L2,37.24,2.843,10,37.24,2.843,0,0,90,HYP-LOOSE-CONN,ALM-THR-PHASE-DIF;ALM-K-WARN;ALM-K-ALM;ALM-TTL-14D
2026-08-03T22:45:00+00:00,2779,955.1,190.4,6.72,38.83,9.52,DSYA3_L2,31.84,2.842,9,31.84,2.842,0,0,90,HYP-LOOSE-CONN,ALM-THR-PHASE-DIF;ALM-K-WARN;ALM-K-ALM;ALM-TTL-14D
2026-08-03T23:00:00+00:00,2780,872.3,175.8,6.85,38.63,9.37,DSYA3_L2,26.63,2.841,9,26.63,2.841,0,0,90,HYP-LOOSE-CONN,ALM-THR-PHASE-DIF;ALM-K-WARN;ALM-K-ALM;ALM-TTL-14D
2026-08-03T23:15:00+00:00,2781,791.4,159.7,6.97,38.43,9.23,DSYA3_L2,22.59,2.841,8,22.59,2.841,0,0,70,HYP-LOOSE-CONN,ALM-K-WARN;ALM-K-ALM;ALM-TTL-14D
2026-08-03T23:30:00+00:00,2782,712.5,144.4,7.09,38.24,9.1,DSYA3_L2,18.83,2.841,8,18.83,2.841,0,0,70,HYP-LOOSE-CONN,ALM-K-WARN;ALM-K-ALM;ALM-TTL-14D
2026-08-03T23:45:00+00:00,2783,633.6,129.9,7.22,38.07,8.97,DSYA3_L2,15.46,2.841,7,15.46,2.841,0,0,70,HYP-LOOSE-CONN,ALM-K-WARN;ALM-K-ALM;ALM-TTL-14D
2026-08-04T00:00:00+00:00,2784,551.4,114.3,7.34,37.86,8.83,DSYA3_L2,12.29,2.841,7,12.29,2.841,0,0,70,HYP-LOOSE-CONN,ALM-K-WARN;ALM-K-ALM;ALM-TTL-14D
2026-08-04T00:15:00+00:00,2785,542.1,112.4,7.36,37.7,8.72,DSYA3_L2,9.27,2.84,6,9.27,2.84,0,0,70,HYP-LOOSE-CONN,ALM-K-WARN;ALM-K-ALM;ALM-TTL-14D
2026-08-04T00:30:00+00:00,2786,529.1,109.9,7.38,37.56,8.62,DSYA3_L2,8.41,2.84,6,8.41,2.84,0,0,70,HYP-LOOSE-CONN,ALM-K-WARN;ALM-K-ALM;ALM-TTL-14D
2026-08-04T00:45:00+00:00,2787,516.9,107.4,7.4,37.43,8.52,DSYA3_L2,7.86,2.84,6,7.86,2.84,0,0,70,HYP-LOOSE-CONN,ALM-K-WARN;ALM-K-ALM;ALM-TTL-14D
2026-08-04T01:00:00+00:00,2788,506.7,105.3,7.41,37.3,8.44,DSYA3_L2,7.72,2.84,6,7.72,2.84,0,0,70,HYP-LOOSE-CONN,ALM-K-WARN;ALM-K-ALM;ALM-TTL-14D
2026-08-04T01:15:00+00:00,2789,496.4,103.1,7.43,37.2,8.37,DSYA3_L2,7.2,2.84,5,7.2,2.84,0,0,70,HYP-LOOSE-CONN,ALM-K-WARN;ALM-K-ALM;ALM-TTL-14D
2026-08-04T01:30:00+00:00,2790,486.4,100.6,7.44,37.1,8.3,DSYA3_L2,6.92,2.84,5,6.92,2.84,0,0,70,HYP-LOOSE-CONN,ALM-K-WARN;ALM-K-ALM;ALM-TTL-14D
2026-08-04T01:45:00+00:00,2791,475,98.5,7.46,37.02,8.25,DSYA3_L2,6.67,2.84,5,6.67,2.84,0,0,70,HYP-LOOSE-CONN,ALM-K-WARN;ALM-K-ALM;ALM-TTL-14D
2026-08-04T02:00:00+00:00,2792,468,97.1,7.47,36.95,8.2,DSYA3_L2,6.64,2.84,4,6.64,2.84,0,0,70,HYP-LOOSE-CONN,ALM-K-WARN;ALM-K-ALM;ALM-TTL-14D
2026-08-04T02:15:00+00:00,2793,465.2,96.8,7.48,36.9,8.17,DSYA3_L2,6.13,2.84,4,6.13,2.84,0,0,70,HYP-LOOSE-CONN,ALM-K-WARN;ALM-K-ALM;ALM-TTL-14D
2026-08-04T02:30:00+00:00,2794,463.9,97,7.48,36.86,8.14,DSYA3_L2,6.22,2.841,4,6.22,2.841,0,0,70,HYP-LOOSE-CONN,ALM-K-WARN;ALM-K-ALM;ALM-TTL-14D
2026-08-04T02:45:00+00:00,2795,460.1,96.3,7.49,36.84,8.13,DSYA3_L2,6.2,2.841,4,6.2,2.841,0,0,70,HYP-LOOSE-CONN,ALM-K-WARN;ALM-K-ALM;ALM-TTL-14D
2026-08-04T03:00:00+00:00,2796,453.3,94.9,7.5,36.83,8.12,DSYA3_L2,5.98,2.841,3,5.98,2.841,0,0,70,HYP-LOOSE-CONN,ALM-K-WARN;ALM-K-ALM;ALM-TTL-14D
2026-08-04T03:15:00+00:00,2797,457.6,96.4,7.49,36.84,8.13,DSYA3_L2,5.81,2.841,3,5.81,2.841,0,0,70,HYP-LOOSE-CONN,ALM-K-WARN;ALM-K-ALM;ALM-TTL-14D
2026-08-04T03:30:00+00:00,2798,454.2,94.9,7.49,36.86,8.14,DSYA3_L2,5.85,2.841,3,5.85,2.841,0,0,70,HYP-LOOSE-CONN,ALM-K-WARN;ALM-K-ALM;ALM-TTL-14D
2026-08-04T03:45:00+00:00,2799,452.5,94.4,7.5,36.9,8.17,DSYA3_L2,5.89,2.841,3,5.89,2.841,0,0,70,HYP-LOOSE-CONN,ALM-K-WARN;ALM-K-ALM;ALM-TTL-14D
2026-08-04T04:00:00+00:00,2800,449.3,93.5,7.5,36.95,8.2,DSYA3_L2,6.19,2.841,2,6.19,2.841,0,0,70,HYP-LOOSE-CONN,ALM-K-WARN;ALM-K-ALM;ALM-TTL-14D
2026-08-04T04:15:00+00:00,2801,457.2,94.8,7.49,37.02,8.25,DSYA3_L2,5.77,2.841,2,5.77,2.841,0,0,70,HYP-LOOSE-CONN,ALM-K-WARN;ALM-K-ALM;ALM-TTL-14D
2026-08-04T04:30:00+00:00,2802,465.9,96.6,7.48,37.1,8.3,DSYA3_L2,5.65,2.841,2,5.65,2.841,0,0,70,HYP-LOOSE-CONN,ALM-K-WARN;ALM-K-ALM;ALM-TTL-14D
2026-08-04T04:45:00+00:00,2803,474,97.8,7.46,37.2,8.37,DSYA3_L2,6.2,2.841,2,6.2,2.841,0,0,70,HYP-LOOSE-CONN,ALM-K-WARN;ALM-K-ALM;ALM-TTL-14D
2026-08-04T05:00:00+00:00,2804,484.1,99.7,7.45,37.3,8.44,DSYA3_L2,6.34,2.841,2,6.34,2.841,0,0,70,HYP-LOOSE-CONN,ALM-K-WARN;ALM-K-ALM;ALM-TTL-14D
2026-08-04T05:15:00+00:00,2805,518.2,105.7,7.39,37.43,8.52,DSYA3_L2,6.7,2.841,1,6.7,2.841,0,0,70,HYP-LOOSE-CONN,ALM-K-WARN;ALM-K-ALM;ALM-TTL-14D
2026-08-04T05:30:00+00:00,2806,551.5,111.9,7.34,37.56,8.62,DSYA3_L2,7.18,2.841,1,7.18,2.841,0,0,70,HYP-LOOSE-CONN,ALM-K-WARN;ALM-K-ALM;ALM-TTL-14D
2026-08-04T05:45:00+00:00,2807,584.2,118.5,7.29,37.7,8.72,DSYA3_L2,8.6,2.841,1,8.6,2.841,0,0,70,HYP-LOOSE-CONN,ALM-K-WARN;ALM-K-ALM;ALM-TTL-14D
2026-08-04T06:00:00+00:00,2808,620.2,125.1,7.23,37.86,8.83,DSYA3_L2,9.21,2.841,1,9.21,2.841,0,0,70,HYP-LOOSE-CONN,ALM-K-WARN;ALM-K-ALM;ALM-TTL-14D
2026-08-04T06:15:00+00:00,2809,729.3,145.5,7.06,38.03,8.95,DSYA3_L2,10.1,2.841,1,10.1,2.841,0,0,70,HYP-LOOSE-CONN,ALM-K-WARN;ALM-K-ALM;ALM-TTL-14D
2026-08-04T06:30:00+00:00,2810,835.2,164.3,6.9,38.21,9.07,DSYA3_L2,14.04,2.841,1,14.04,2.841,0,0,70,HYP-LOOSE-CONN,ALM-K-WARN;ALM-K-ALM;ALM-TTL-14D
2026-08-04T06:45:00+00:00,2811,942.1,183,6.73,38.39,9.21,DSYA3_L2,18.4,2.841,1,18.4,2.841,0,0,70,HYP-LOOSE-CONN,ALM-K-WARN;ALM-K-ALM;ALM-TTL-14D
2026-08-04T07:00:00+00:00,2812,1052,202.3,6.56,38.59,9.35,DSYA3_L2,23.55,2.84,1,23.55,2.84,0,0,90,HYP-LOOSE-CONN,ALM-THR-PHASE-DIF;ALM-K-WARN;ALM-K-ALM;ALM-TTL-14D
2026-08-04T07:15:00+00:00,2813,1161,220.1,6.39,38.79,9.49,DSYA3_L2,29.61,2.84,2,29.61,2.84,0,0,90,HYP-LOOSE-CONN,ALM-THR-PHASE-DIF;ALM-K-WARN;ALM-K-ALM;ALM-TTL-14D
2026-08-04T07:30:00+00:00,2814,1273,237,6.21,39,9.65,DSYA3_L2,36.24,2.841,748,36.24,2.841,0,0,70,HYP-LOOSE-CONN,ALM-THR-PHASE-DIF;ALM-K-WARN;ALM-K-ALM
2026-08-04T07:45:00+00:00,2815,1379,252.2,6.04,39.21,9.81,DSYA3_L2,44.2,2.841,1900,44.2,2.841,0,0,70,HYP-LOOSE-CONN,ALM-THR-PHASE-DIF;ALM-K-WARN;ALM-K-ALM
2026-08-04T08:00:00+00:00,2816,1481,268.6,5.88,39.43,9.97,DSYA3_L2,52.31,2.841,,52.31,2.841,0,0,70,HYP-LOOSE-CONN,ALM-THR-TERM-WARN;ALM-THR-PHASE-DIF;ALM-K-WARN;ALM-K-ALM
2026-08-04T08:15:00+00:00,2817,1526,275.6,5.81,39.66,10.14,DSYA3_L2,61.26,2.842,,61.26,2.842,0,0,70,HYP-LOOSE-CONN,ALM-THR-TERM-WARN;ALM-THR-PHASE-DIF;ALM-K-WARN;ALM-K-ALM
2026-08-04T08:30:00+00:00,2818,1559,279.8,5.76,39.88,10.31,DSYA3_L2,65.97,2.844,2043,65.97,2.844,0,0,70,HYP-LOOSE-CONN,ALM-THR-TERM-WARN;ALM-THR-PHASE-DIF;ALM-K-WARN;ALM-K-ALM
2026-08-04T08:45:00+00:00,2819,1576,282.4,5.73,40.11,10.49,DSYA3_L2,69.3,2.845,1731,69.3,2.845,0,0,70,HYP-LOOSE-CONN,ALM-THR-TERM-WARN;ALM-THR-PHASE-DIF;ALM-K-WARN;ALM-K-ALM
2026-08-04T09:00:00+00:00,2820,1601,284.2,5.69,40.34,10.67,DSYA3_L2,70.74,2.847,1586,70.74,2.847,0,0,90,HYP-LOOSE-CONN,ALM-THR-TERM-WARN;ALM-THR-TERM-ALM;ALM-THR-PHASE-DIF;ALM-K-WARN;ALM-K-ALM;ALM-PANEL-TEMP
2026-08-04T09:15:00+00:00,2821,1587,280.3,5.71,40.57,10.85,DSYA3_L2,73.94,2.849,1226,73.94,2.849,0,0,90,HYP-LOOSE-CONN,ALM-THR-TERM-WARN;ALM-THR-TERM-ALM;ALM-THR-PHASE-DIF;ALM-K-WARN;ALM-K-ALM;ALM-PANEL-TEMP
2026-08-04T09:30:00+00:00,2822,1591,282.3,5.71,40.8,11.03,DSYA3_L2,73.41,2.852,1010,73.41,2.852,0,0,90,HYP-LOOSE-CONN,ALM-THR-TERM-WARN;ALM-THR-TERM-ALM;ALM-THR-PHASE-DIF;ALM-K-WARN;ALM-K-ALM;ALM-PANEL-TEMP
2026-08-04T09:45:00+00:00,2823,1572,277.8,5.73,41.03,11.21,DSYA3_L2,73.16,2.854,890,73.16,2.854,0,0,90,HYP-LOOSE-CONN,ALM-THR-TERM-WARN;ALM-THR-TERM-ALM;ALM-THR-PHASE-DIF;ALM-K-WARN;ALM-K-ALM;ALM-PANEL-TEMP
2026-08-04T10:00:00+00:00,2824,1562,276.8,5.75,41.25,11.39,DSYA3_L2,72.44,2.856,745,72.44,2.856,0,0,90,HYP-LOOSE-CONN,ALM-THR-TERM-WARN;ALM-THR-TERM-ALM;ALM-THR-PHASE-DIF;ALM-K-WARN;ALM-K-ALM;ALM-PANEL-TEMP
2026-08-04T10:15:00+00:00,2825,1581,277.2,5.72,41.47,11.57,DSYA3_L2,71.85,2.859,673,71.85,2.859,0,0,90,HYP-LOOSE-CONN,ALM-THR-TERM-WARN;ALM-THR-TERM-ALM;ALM-THR-PHASE-DIF;ALM-K-WARN;ALM-K-ALM;ALM-PANEL-TEMP
2026-08-04T10:30:00+00:00,2826,1591,278.4,5.7,41.68,11.75,DSYA3_L2,73.02,2.861,649,73.02,2.861,0,0,90,HYP-LOOSE-CONN,ALM-THR-TERM-WARN;ALM-THR-TERM-ALM;ALM-THR-PHASE-DIF;ALM-K-WARN;ALM-K-ALM;ALM-PANEL-TEMP
2026-08-04T10:45:00+00:00,2827,1609,282.4,5.67,41.89,11.92,DSYA3_L2,74.11,2.863,648,74.11,2.863,0,0,90,HYP-LOOSE-CONN,ALM-THR-TERM-WARN;ALM-THR-TERM-ALM;ALM-THR-PHASE-DIF;ALM-K-WARN;ALM-K-ALM;ALM-PANEL-TEMP
2026-08-04T11:00:00+00:00,2828,1618,282.2,5.66,42.1,12.09,DSYA3_L2,75.45,2.865,646,75.45,2.865,0,0,90,HYP-LOOSE-CONN,ALM-THR-TERM-WARN;ALM-THR-TERM-ALM;ALM-THR-PHASE-DIF;ALM-K-WARN;ALM-K-ALM;ALM-PANEL-TEMP
2026-08-04T11:15:00+00:00,2829,1614,280.8,5.66,42.29,12.26,DSYA3_L2,76.58,2.867,576,76.58,2.867,0,0,90,HYP-LOOSE-CONN,ALM-THR-TERM-WARN;ALM-THR-TERM-ALM;ALM-THR-PHASE-DIF;ALM-K-WARN;ALM-K-ALM;ALM-PANEL-TEMP
2026-08-04T11:30:00+00:00,2830,1602,276.6,5.68,42.48,12.42,DSYA3_L2,76.46,2.869,552,76.46,2.869,0,0,90,HYP-LOOSE-CONN,ALM-THR-TERM-WARN;ALM-THR-TERM-ALM;ALM-THR-PHASE-DIF;ALM-K-WARN;ALM-K-ALM;ALM-PANEL-TEMP
2026-08-04T11:45:00+00:00,2831,1604,276.5,5.67,42.65,12.57,DSYA3_L2,76.1,2.871,527,76.1,2.871,0,0,90,HYP-LOOSE-CONN,ALM-THR-TERM-WARN;ALM-THR-TERM-ALM;ALM-THR-PHASE-DIF;ALM-K-WARN;ALM-K-ALM;ALM-PANEL-TEMP
2026-08-04T12:00:00+00:00,2832,1602,274.9,5.67,42.82,12.72,DSYA3_L2,76.08,2.873,479,76.08,2.873,0,0,90,HYP-LOOSE-CONN,ALM-THR-TERM-WARN;ALM-THR-TERM-ALM;ALM-THR-PHASE-DIF;ALM-K-WARN;ALM-K-ALM;ALM-PANEL-TEMP
2026-08-04T12:15:00+00:00,2833,1563,266.8,5.73,42.98,12.85,DSYA3_L2,76.35,2.876,477,76.35,2.876,0,0,90,HYP-LOOSE-CONN,ALM-THR-TERM-WARN;ALM-THR-TERM-ALM;ALM-THR-PHASE-DIF;ALM-K-WARN;ALM-K-ALM;ALM-PANEL-TEMP
2026-08-04T12:30:00+00:00,2834,1543,262.5,5.76,43.12,12.98,DSYA3_L2,73.8,2.878,383,73.8,2.878,0,0,90,HYP-LOOSE-CONN,ALM-THR-TERM-WARN;ALM-THR-TERM-ALM;ALM-THR-PHASE-DIF;ALM-K-WARN;ALM-K-ALM;ALM-PANEL-TEMP
2026-08-04T12:45:00+00:00,2835,1530,261.2,5.78,43.26,13.1,DSYA3_L2,71.58,2.88,358,71.58,2.88,0,0,90,HYP-LOOSE-CONN,ALM-THR-TERM-WARN;ALM-THR-TERM-ALM;ALM-THR-PHASE-DIF;ALM-K-WARN;ALM-K-ALM;ALM-PANEL-TEMP
2026-08-04T13:00:00+00:00,2836,1496,255.2,5.83,43.38,13.21,DSYA3_L2,70.62,2.882,310,70.62,2.882,0,0,100,HYP-LOOSE-CONN,ALM-THR-TERM-WARN;ALM-THR-TERM-ALM;ALM-THR-PHASE-DIF;ALM-K-WARN;ALM-K-ALM;ALM-TTL-14D;ALM-PANEL-TEMP
2026-08-04T13:15:00+00:00,2837,1494,254.7,5.84,43.49,13.31,DSYA3_L2,68,2.884,310,68,2.884,0,0,90,HYP-LOOSE-CONN,ALM-THR-TERM-WARN;ALM-THR-PHASE-DIF;ALM-K-WARN;ALM-K-ALM;ALM-TTL-14D;ALM-PANEL-TEMP
2026-08-04T13:30:00+00:00,2838,1501,254.6,5.82,43.58,13.39,DSYA3_L2,67.65,2.885,314,67.65,2.885,0,0,90,HYP-LOOSE-CONN,ALM-THR-TERM-WARN;ALM-THR-PHASE-DIF;ALM-K-WARN;ALM-K-ALM;ALM-TTL-14D;ALM-PANEL-TEMP
2026-08-04T13:45:00+00:00,2839,1508,255,5.81,43.66,13.47,DSYA3_L2,67.69,2.887,333,67.69,2.887,0,0,90,HYP-LOOSE-CONN,ALM-THR-TERM-WARN;ALM-THR-PHASE-DIF;ALM-K-WARN;ALM-K-ALM;ALM-TTL-14D;ALM-PANEL-TEMP
2026-08-04T14:00:00+00:00,2840,1512,255.2,5.81,43.73,13.53,DSYA3_L2,68.36,2.888,333,68.36,2.888,0,0,90,HYP-LOOSE-CONN,ALM-THR-TERM-WARN;ALM-THR-PHASE-DIF;ALM-K-WARN;ALM-K-ALM;ALM-TTL-14D;ALM-PANEL-TEMP
2026-08-04T14:15:00+00:00,2841,1525,254.9,5.78,43.78,13.58,DSYA3_L2,68.82,2.889,357,68.82,2.889,0,0,70,HYP-LOOSE-CONN,ALM-THR-TERM-WARN;ALM-THR-PHASE-DIF;ALM-K-WARN;ALM-K-ALM;ALM-PANEL-TEMP
2026-08-04T14:30:00+00:00,2842,1539,256.1,5.76,43.82,13.61,DSYA3_L2,70.07,2.89,381,70.07,2.89,0,0,90,HYP-LOOSE-CONN,ALM-THR-TERM-WARN;ALM-THR-TERM-ALM;ALM-THR-PHASE-DIF;ALM-K-WARN;ALM-K-ALM;ALM-PANEL-TEMP
2026-08-04T14:45:00+00:00,2843,1554,258.4,5.73,43.84,13.63,DSYA3_L2,71.53,2.891,405,71.53,2.891,0,0,90,HYP-LOOSE-CONN,ALM-THR-TERM-WARN;ALM-THR-TERM-ALM;ALM-THR-PHASE-DIF;ALM-K-WARN;ALM-K-ALM;ALM-PANEL-TEMP
2026-08-04T15:00:00+00:00,2844,1570,259,5.71,43.85,13.64,DSYA3_L2,72.87,2.892,474,72.87,2.892,0,0,90,HYP-LOOSE-CONN,ALM-THR-TERM-WARN;ALM-THR-TERM-ALM;ALM-THR-PHASE-DIF;ALM-K-WARN;ALM-K-ALM;ALM-PANEL-TEMP
2026-08-04T15:15:00+00:00,2845,1563,258.8,5.72,43.84,13.63,DSYA3_L2,74.9,2.893,474,74.9,2.893,0,0,90,HYP-LOOSE-CONN,ALM-THR-TERM-WARN;ALM-THR-TERM-ALM;ALM-THR-PHASE-DIF;ALM-K-WARN;ALM-K-ALM;ALM-PANEL-TEMP
2026-08-04T15:30:00+00:00,2846,1565,258,5.71,43.82,13.61,DSYA3_L2,74.63,2.895,408,74.63,2.895,0,0,90,HYP-LOOSE-CONN,ALM-THR-TERM-WARN;ALM-THR-TERM-ALM;ALM-THR-PHASE-DIF;ALM-K-WARN;ALM-K-ALM;ALM-PANEL-TEMP
2026-08-04T15:45:00+00:00,2847,1557,256.5,5.73,43.78,13.58,DSYA3_L2,74.84,2.897,404,74.84,2.897,0,0,90,HYP-LOOSE-CONN,ALM-THR-TERM-WARN;ALM-THR-TERM-ALM;ALM-THR-PHASE-DIF;ALM-K-WARN;ALM-K-ALM;ALM-PANEL-TEMP
2026-08-04T16:00:00+00:00,2848,1556,255.8,5.73,43.73,13.53,DSYA3_L2,74.65,2.898,379,74.65,2.898,0,0,90,HYP-LOOSE-CONN,ALM-THR-TERM-WARN;ALM-THR-TERM-ALM;ALM-THR-PHASE-DIF;ALM-K-WARN;ALM-K-ALM;ALM-PANEL-TEMP
2026-08-04T16:15:00+00:00,2849,1552,256.1,5.73,43.66,13.47,DSYA3_L2,74.19,2.9,379,74.19,2.9,0,0,90,HYP-LOOSE-CONN,ALM-THR-TERM-WARN;ALM-THR-TERM-ALM;ALM-THR-PHASE-DIF;ALM-K-WARN;ALM-K-ALM;ALM-PANEL-TEMP
2026-08-04T16:30:00+00:00,2850,1554,256.1,5.73,43.58,13.39,DSYA3_L2,73.97,2.902,359,73.97,2.902,0,0,90,HYP-LOOSE-CONN,ALM-THR-TERM-WARN;ALM-THR-TERM-ALM;ALM-THR-PHASE-DIF;ALM-K-WARN;ALM-K-ALM;ALM-PANEL-TEMP
2026-08-04T16:45:00+00:00,2851,1552,256.3,5.74,43.49,13.31,DSYA3_L2,74.19,2.903,354,74.19,2.903,0,0,90,HYP-LOOSE-CONN,ALM-THR-TERM-WARN;ALM-THR-TERM-ALM;ALM-THR-PHASE-DIF;ALM-K-WARN;ALM-K-ALM;ALM-PANEL-TEMP
2026-08-04T17:00:00+00:00,2852,1542,254,5.75,43.38,13.21,DSYA3_L2,73.64,2.905,334,73.64,2.905,0,0,100,HYP-LOOSE-CONN,ALM-THR-TERM-WARN;ALM-THR-TERM-ALM;ALM-THR-PHASE-DIF;ALM-K-WARN;ALM-K-ALM;ALM-TTL-14D;ALM-PANEL-TEMP
2026-08-04T17:15:00+00:00,2853,1523,252,5.78,43.26,13.1,DSYA3_L2,72.9,2.906,330,72.9,2.906,0,0,100,HYP-LOOSE-CONN,ALM-THR-TERM-WARN;ALM-THR-TERM-ALM;ALM-THR-PHASE-DIF;ALM-K-WARN;ALM-K-ALM;ALM-TTL-14D;ALM-PANEL-TEMP
2026-08-04T17:30:00+00:00,2854,1499,246.5,5.81,43.12,12.98,DSYA3_L2,71.6,2.908,305,71.6,2.908,0,0,100,HYP-LOOSE-CONN,ALM-THR-TERM-WARN;ALM-THR-TERM-ALM;ALM-THR-PHASE-DIF;ALM-K-WARN;ALM-K-ALM;ALM-TTL-14D;ALM-PANEL-TEMP
2026-08-04T17:45:00+00:00,2855,1484,244.6,5.84,42.98,12.85,DSYA3_L2,69.56,2.909,303,69.56,2.909,0,0,90,HYP-LOOSE-CONN,ALM-THR-TERM-WARN;ALM-THR-PHASE-DIF;ALM-K-WARN;ALM-K-ALM;ALM-TTL-14D;ALM-PANEL-TEMP
2026-08-04T18:00:00+00:00,2856,1460,241.8,5.88,42.82,12.72,DSYA3_L2,68.19,2.911,233,68.19,2.911,0,0,90,HYP-LOOSE-CONN,ALM-THR-TERM-WARN;ALM-THR-PHASE-DIF;ALM-K-WARN;ALM-K-ALM;ALM-TTL-14D;ALM-PANEL-TEMP
2026-08-04T18:15:00+00:00,2857,1432,237.5,5.92,42.65,12.57,DSYA3_L2,66.03,2.912,233,66.03,2.912,0,0,90,HYP-LOOSE-CONN,ALM-THR-TERM-WARN;ALM-THR-PHASE-DIF;ALM-K-WARN;ALM-K-ALM;ALM-TTL-14D;ALM-PANEL-TEMP
2026-08-04T18:30:00+00:00,2858,1415,234.6,5.95,42.48,12.42,DSYA3_L2,63.6,2.913,209,63.6,2.913,0,0,90,HYP-LOOSE-CONN,ALM-THR-TERM-WARN;ALM-THR-PHASE-DIF;ALM-K-WARN;ALM-K-ALM;ALM-TTL-14D;ALM-PANEL-TEMP
2026-08-04T18:45:00+00:00,2859,1401,231.3,5.97,42.29,12.26,DSYA3_L2,62.11,2.914,208,62.11,2.914,0,0,90,HYP-LOOSE-CONN,ALM-THR-TERM-WARN;ALM-THR-PHASE-DIF;ALM-K-WARN;ALM-K-ALM;ALM-TTL-14D;ALM-PANEL-TEMP
2026-08-04T19:00:00+00:00,2860,1377,226.9,6,42.1,12.09,DSYA3_L2,61.32,2.915,182,61.32,2.915,0,0,90,HYP-LOOSE-CONN,ALM-THR-TERM-WARN;ALM-THR-PHASE-DIF;ALM-K-WARN;ALM-K-ALM;ALM-TTL-14D;ALM-PANEL-TEMP
2026-08-04T19:15:00+00:00,2861,1391,228.6,5.98,41.89,11.92,DSYA3_L2,59.32,2.916,184,59.32,2.916,0,0,90,HYP-LOOSE-CONN,ALM-THR-TERM-WARN;ALM-THR-PHASE-DIF;ALM-K-WARN;ALM-K-ALM;ALM-TTL-14D;ALM-PANEL-TEMP
2026-08-04T19:30:00+00:00,2862,1398,229.7,5.97,41.68,11.75,DSYA3_L2,59.9,2.917,208,59.9,2.917,0,0,90,HYP-LOOSE-CONN,ALM-THR-TERM-WARN;ALM-THR-PHASE-DIF;ALM-K-WARN;ALM-K-ALM;ALM-TTL-14D;ALM-PANEL-TEMP
2026-08-04T19:45:00+00:00,2863,1404,228.9,5.96,41.47,11.57,DSYA3_L2,60.67,2.917,231,60.67,2.917,0,0,90,HYP-LOOSE-CONN,ALM-THR-TERM-WARN;ALM-THR-PHASE-DIF;ALM-K-WARN;ALM-K-ALM;ALM-TTL-14D;ALM-PANEL-TEMP
2026-08-04T20:00:00+00:00,2864,1407,229,5.95,41.25,11.39,DSYA3_L2,61.63,2.918,235,61.63,2.918,0,0,90,HYP-LOOSE-CONN,ALM-THR-TERM-WARN;ALM-THR-PHASE-DIF;ALM-K-WARN;ALM-K-ALM;ALM-TTL-14D;ALM-PANEL-TEMP
2026-08-04T20:15:00+00:00,2865,1386,226.3,5.99,41.03,11.21,DSYA3_L2,61.43,2.918,231,61.43,2.918,0,0,90,HYP-LOOSE-CONN,ALM-THR-TERM-WARN;ALM-THR-PHASE-DIF;ALM-K-WARN;ALM-K-ALM;ALM-TTL-14D
2026-08-04T20:30:00+00:00,2866,1376,227.5,6.01,40.8,11.03,DSYA3_L2,60.58,2.92,207,60.58,2.92,0,0,90,HYP-LOOSE-CONN,ALM-THR-TERM-WARN;ALM-THR-PHASE-DIF;ALM-K-WARN;ALM-K-ALM;ALM-TTL-14D
2026-08-04T20:45:00+00:00,2867,1356,226.3,6.04,40.57,10.85,DSYA3_L2,59.39,2.921,182,59.39,2.921,0,0,90,HYP-LOOSE-CONN,ALM-THR-TERM-WARN;ALM-THR-PHASE-DIF;ALM-K-WARN;ALM-K-ALM;ALM-TTL-14D
2026-08-04T21:00:00+00:00,2868,1340,226.1,6.07,40.34,10.67,DSYA3_L2,57.59,2.922,156,57.59,2.922,0,0,90,HYP-LOOSE-CONN,ALM-THR-TERM-WARN;ALM-THR-PHASE-DIF;ALM-K-WARN;ALM-K-ALM;ALM-TTL-14D
2026-08-04T21:15:00+00:00,2869,1298,220.4,6.14,40.11,10.49,DSYA3_L2,56.1,2.923,132,56.1,2.923,0,0,90,HYP-LOOSE-CONN,ALM-THR-TERM-WARN;ALM-THR-PHASE-DIF;ALM-K-WARN;ALM-K-ALM;ALM-TTL-14D
2026-08-04T21:30:00+00:00,2870,1251,212.8,6.21,39.88,10.31,DSYA3_L2,53,2.924,38,53,2.924,0,0,90,HYP-LOOSE-CONN,ALM-THR-TERM-WARN;ALM-THR-PHASE-DIF;ALM-K-WARN;ALM-K-ALM;ALM-TTL-14D
2026-08-04T21:45:00+00:00,2871,1200,204.6,6.29,39.66,10.14,DSYA3_L2,49.43,2.925,12,49.43,2.925,0,0,90,HYP-LOOSE-CONN,ALM-THR-PHASE-DIF;ALM-K-WARN;ALM-K-ALM;ALM-TTL-14D
2026-08-04T22:00:00+00:00,2872,1155,197.9,6.36,39.43,9.97,DSYA3_L2,45.7,2.926,11,45.7,2.926,0,0,90,HYP-LOOSE-CONN,ALM-THR-PHASE-DIF;ALM-K-WARN;ALM-K-ALM;ALM-TTL-14D
2026-08-04T22:15:00+00:00,2873,1064,183.7,6.5,39.21,9.81,DSYA3_L2,42.28,2.927,10,42.28,2.927,0,0,90,HYP-LOOSE-CONN,ALM-THR-PHASE-DIF;ALM-K-WARN;ALM-K-ALM;ALM-TTL-14D
2026-08-04T22:30:00+00:00,2874,978.1,170.1,6.64,39,9.65,DSYA3_L2,37.24,2.928,10,37.24,2.928,0,0,90,HYP-LOOSE-CONN,ALM-THR-PHASE-DIF;ALM-K-WARN;ALM-K-ALM;ALM-TTL-14D
2026-08-04T22:45:00+00:00,2875,897.6,158.4,6.77,38.79,9.49,DSYA3_L2,31.33,2.928,9,31.33,2.928,0,0,90,HYP-LOOSE-CONN,ALM-THR-PHASE-DIF;ALM-K-WARN;ALM-K-ALM;ALM-TTL-14D
2026-08-04T23:00:00+00:00,2876,813.9,145.2,6.9,38.59,9.35,DSYA3_L2,26.44,2.928,9,26.44,2.928,0,0,90,HYP-LOOSE-CONN,ALM-THR-PHASE-DIF;ALM-K-WARN;ALM-K-ALM;ALM-TTL-14D
2026-08-04T23:15:00+00:00,2877,737.8,133,7.02,38.39,9.21,DSYA3_L2,21.83,2.927,8,21.83,2.927,0,0,70,HYP-LOOSE-CONN,ALM-K-WARN;ALM-K-ALM;ALM-TTL-14D
2026-08-04T23:30:00+00:00,2878,663.6,121.9,7.14,38.21,9.07,DSYA3_L2,18.16,2.928,8,18.16,2.928,0,0,70,HYP-LOOSE-CONN,ALM-K-WARN;ALM-K-ALM;ALM-TTL-14D
2026-08-04T23:45:00+00:00,2879,587.4,108.8,7.27,38.03,8.95,DSYA3_L2,14.54,2.927,7,14.54,2.927,0,0,70,HYP-LOOSE-CONN,ALM-K-WARN;ALM-K-ALM;ALM-TTL-14D
2026-08-05T00:00:00+00:00,2880,509.2,94.8,7.39,37.82,8.8,DSYA3_L2,11.79,2.928,7,11.79,2.928,0,0,70,HYP-LOOSE-CONN,ALM-K-WARN;ALM-K-ALM;ALM-TTL-14D
